comparison,instance_id,instance_type,objective_family,alpha,train_count,case_id,lhs_method,rhs_method,lhs_method_family,rhs_method_family,objective_difference_lhs_minus_rhs,objective_relative_difference_percent,runtime_difference_lhs_minus_rhs,runtime_ratio_lhs_over_rhs,mip_gap_difference_lhs_minus_rhs,test_expected_difference_lhs_minus_rhs,test_worst10_difference_lhs_minus_rhs
coverage_exp_vs_path_exp,new20x20,shortest_path,CVaR,0.01,100,case00,FPP-Branch-Benders-CVaR-ProjectedCoverageLLBI-exp-RootCuts,FPP-Branch-Benders-CVaR-ProjectedPathLLBI-exp-RootCuts,FPP-Branch-Benders-ProjectedCoverageLLBI-exp-RootCuts,FPP-Branch-Benders-ProjectedPathLLBI-exp-RootCuts,0,0,5.59304077,1.625304185,9.612e-05,0,0
coverage_exp_vs_path_exp,new20x20,shortest_path,CVaR,0.01,100,case01,FPP-Branch-Benders-CVaR-ProjectedCoverageLLBI-exp-RootCuts,FPP-Branch-Benders-CVaR-ProjectedPathLLBI-exp-RootCuts,FPP-Branch-Benders-ProjectedCoverageLLBI-exp-RootCuts,FPP-Branch-Benders-ProjectedPathLLBI-exp-RootCuts,0,0,4.51555064,1.689786369,7.281e-05,0,0
coverage_exp_vs_path_exp,new20x20,shortest_path,CVaR,0.01,100,case02,FPP-Branch-Benders-CVaR-ProjectedCoverageLLBI-exp-RootCuts,FPP-Branch-Benders-CVaR-ProjectedPathLLBI-exp-RootCuts,FPP-Branch-Benders-ProjectedCoverageLLBI-exp-RootCuts,FPP-Branch-Benders-ProjectedPathLLBI-exp-RootCuts,0,0,2.67898946,1.631986456,0,0,0
coverage_exp_vs_path_exp,new20x20,shortest_path,CVaR,0.01,100,case03,FPP-Branch-Benders-CVaR-ProjectedCoverageLLBI-exp-RootCuts,FPP-Branch-Benders-CVaR-ProjectedPathLLBI-exp-RootCuts,FPP-Branch-Benders-ProjectedCoverageLLBI-exp-RootCuts,FPP-Branch-Benders-ProjectedPathLLBI-exp-RootCuts,0,0,2.62940492,1.53548562,4.824e-05,0,0
coverage_exp_vs_path_exp,new20x20,shortest_path,CVaR,0.01,100,case04,FPP-Branch-Benders-CVaR-ProjectedCoverageLLBI-exp-RootCuts,FPP-Branch-Benders-CVaR-ProjectedPathLLBI-exp-RootCuts,FPP-Branch-Benders-ProjectedCoverageLLBI-exp-RootCuts,FPP-Branch-Benders-ProjectedPathLLBI-exp-RootCuts,0,0,5.61995775,1.830111725,0.00081212,0,0
coverage_exp_vs_path_exp,new20x20,shortest_path,CVaR,0.01,200,case00,FPP-Branch-Benders-CVaR-ProjectedCoverageLLBI-exp-RootCuts,FPP-Branch-Benders-CVaR-ProjectedPathLLBI-exp-RootCuts,FPP-Branch-Benders-ProjectedCoverageLLBI-exp-RootCuts,FPP-Branch-Benders-ProjectedPathLLBI-exp-RootCuts,0,0,9.61693921,1.848700503,0,0,0
coverage_exp_vs_path_exp,new20x20,shortest_path,CVaR,0.01,200,case01,FPP-Branch-Benders-CVaR-ProjectedCoverageLLBI-exp-RootCuts,FPP-Branch-Benders-CVaR-ProjectedPathLLBI-exp-RootCuts,FPP-Branch-Benders-ProjectedCoverageLLBI-exp-RootCuts,FPP-Branch-Benders-ProjectedPathLLBI-exp-RootCuts,0,0,72.70840726,5.239762726,1.238e-05,0,0
coverage_exp_vs_path_exp,new20x20,shortest_path,CVaR,0.01,200,case02,FPP-Branch-Benders-CVaR-ProjectedCoverageLLBI-exp-RootCuts,FPP-Branch-Benders-CVaR-ProjectedPathLLBI-exp-RootCuts,FPP-Branch-Benders-ProjectedCoverageLLBI-exp-RootCuts,FPP-Branch-Benders-ProjectedPathLLBI-exp-RootCuts,0,0,12.27183137,1.748375598,-4.82e-05,0,0
coverage_exp_vs_path_exp,new20x20,shortest_path,CVaR,0.01,200,case03,FPP-Branch-Benders-CVaR-ProjectedCoverageLLBI-exp-RootCuts,FPP-Branch-Benders-CVaR-ProjectedPathLLBI-exp-RootCuts,FPP-Branch-Benders-ProjectedCoverageLLBI-exp-RootCuts,FPP-Branch-Benders-ProjectedPathLLBI-exp-RootCuts,0,0,51.73244346,4.76718666,0.00028052,0,0
coverage_exp_vs_path_exp,new20x20,shortest_path,CVaR,0.01,200,case04,FPP-Branch-Benders-CVaR-ProjectedCoverageLLBI-exp-RootCuts,FPP-Branch-Benders-CVaR-ProjectedPathLLBI-exp-RootCuts,FPP-Branch-Benders-ProjectedCoverageLLBI-exp-RootCuts,FPP-Branch-Benders-ProjectedPathLLBI-exp-RootCuts,0,0,40.15609917,1.799840124,-8.91e-06,0,0
coverage_exp_vs_path_exp,new20x20,shortest_path,CVaR,0.01,400,case00,FPP-Branch-Benders-CVaR-ProjectedCoverageLLBI-exp-RootCuts,FPP-Branch-Benders-CVaR-ProjectedPathLLBI-exp-RootCuts,FPP-Branch-Benders-ProjectedCoverageLLBI-exp-RootCuts,FPP-Branch-Benders-ProjectedPathLLBI-exp-RootCuts,0,0,22.69734975,1.684568728,-3.577e-05,0,0
coverage_exp_vs_path_exp,new20x20,shortest_path,CVaR,0.01,400,case01,FPP-Branch-Benders-CVaR-ProjectedCoverageLLBI-exp-RootCuts,FPP-Branch-Benders-CVaR-ProjectedPathLLBI-exp-RootCuts,FPP-Branch-Benders-ProjectedCoverageLLBI-exp-RootCuts,FPP-Branch-Benders-ProjectedPathLLBI-exp-RootCuts,0,0,6.85239555,1.218751987,-0.00013042,0,0
coverage_exp_vs_path_exp,new20x20,shortest_path,CVaR,0.01,400,case02,FPP-Branch-Benders-CVaR-ProjectedCoverageLLBI-exp-RootCuts,FPP-Branch-Benders-CVaR-ProjectedPathLLBI-exp-RootCuts,FPP-Branch-Benders-ProjectedCoverageLLBI-exp-RootCuts,FPP-Branch-Benders-ProjectedPathLLBI-exp-RootCuts,0,0,10.69817466,1.356871608,-0.00076871,0,0
coverage_exp_vs_path_exp,new20x20,shortest_path,CVaR,0.01,400,case03,FPP-Branch-Benders-CVaR-ProjectedCoverageLLBI-exp-RootCuts,FPP-Branch-Benders-CVaR-ProjectedPathLLBI-exp-RootCuts,FPP-Branch-Benders-ProjectedCoverageLLBI-exp-RootCuts,FPP-Branch-Benders-ProjectedPathLLBI-exp-RootCuts,0,0,15.33124792,1.405534657,4.581e-05,0,0
coverage_exp_vs_path_exp,new20x20,shortest_path,CVaR,0.01,400,case04,FPP-Branch-Benders-CVaR-ProjectedCoverageLLBI-exp-RootCuts,FPP-Branch-Benders-CVaR-ProjectedPathLLBI-exp-RootCuts,FPP-Branch-Benders-ProjectedCoverageLLBI-exp-RootCuts,FPP-Branch-Benders-ProjectedPathLLBI-exp-RootCuts,0,0,-104.4681378,0.3594237533,6.574e-05,0,0
coverage_exp_vs_path_exp,new20x20,shortest_path,CVaR,0.02,100,case00,FPP-Branch-Benders-CVaR-ProjectedCoverageLLBI-exp-RootCuts,FPP-Branch-Benders-CVaR-ProjectedPathLLBI-exp-RootCuts,FPP-Branch-Benders-ProjectedCoverageLLBI-exp-RootCuts,FPP-Branch-Benders-ProjectedPathLLBI-exp-RootCuts,0,0,1605.94688,9.091739374,0.03792492,0,0
coverage_exp_vs_path_exp,new20x20,shortest_path,CVaR,0.02,100,case01,FPP-Branch-Benders-CVaR-ProjectedCoverageLLBI-exp-RootCuts,FPP-Branch-Benders-CVaR-ProjectedPathLLBI-exp-RootCuts,FPP-Branch-Benders-ProjectedCoverageLLBI-exp-RootCuts,FPP-Branch-Benders-ProjectedPathLLBI-exp-RootCuts,0,0,445.0393351,6.53115855,9.2e-07,0,0
coverage_exp_vs_path_exp,new20x20,shortest_path,CVaR,0.02,100,case02,FPP-Branch-Benders-CVaR-ProjectedCoverageLLBI-exp-RootCuts,FPP-Branch-Benders-CVaR-ProjectedPathLLBI-exp-RootCuts,FPP-Branch-Benders-ProjectedCoverageLLBI-exp-RootCuts,FPP-Branch-Benders-ProjectedPathLLBI-exp-RootCuts,0,0,213.9402658,2.49728386,8.71e-06,0,0
coverage_exp_vs_path_exp,new20x20,shortest_path,CVaR,0.02,100,case03,FPP-Branch-Benders-CVaR-ProjectedCoverageLLBI-exp-RootCuts,FPP-Branch-Benders-CVaR-ProjectedPathLLBI-exp-RootCuts,FPP-Branch-Benders-ProjectedCoverageLLBI-exp-RootCuts,FPP-Branch-Benders-ProjectedPathLLBI-exp-RootCuts,0,0,270.6716945,8.05726449,4.207e-05,0,0
coverage_exp_vs_path_exp,new20x20,shortest_path,CVaR,0.02,100,case04,FPP-Branch-Benders-CVaR-ProjectedCoverageLLBI-exp-RootCuts,FPP-Branch-Benders-CVaR-ProjectedPathLLBI-exp-RootCuts,FPP-Branch-Benders-ProjectedCoverageLLBI-exp-RootCuts,FPP-Branch-Benders-ProjectedPathLLBI-exp-RootCuts,0.3,0.1647446458,3.40473036,1.00188967,0.01404833,-0.261,11.84
coverage_exp_vs_path_exp,new20x20,shortest_path,CVaR,0.02,200,case00,FPP-Branch-Benders-CVaR-ProjectedCoverageLLBI-exp-RootCuts,FPP-Branch-Benders-CVaR-ProjectedPathLLBI-exp-RootCuts,FPP-Branch-Benders-ProjectedCoverageLLBI-exp-RootCuts,FPP-Branch-Benders-ProjectedPathLLBI-exp-RootCuts,0.25,0.1410437236,19.2921686,1.010680303,0.0504915,-8.577,0.82
coverage_exp_vs_path_exp,new20x20,shortest_path,CVaR,0.02,200,case01,FPP-Branch-Benders-CVaR-ProjectedCoverageLLBI-exp-RootCuts,FPP-Branch-Benders-CVaR-ProjectedPathLLBI-exp-RootCuts,FPP-Branch-Benders-ProjectedCoverageLLBI-exp-RootCuts,FPP-Branch-Benders-ProjectedPathLLBI-exp-RootCuts,0,0,1140.920745,2.704104227,0.04768436,0,0
coverage_exp_vs_path_exp,new20x20,shortest_path,CVaR,0.02,200,case02,FPP-Branch-Benders-CVaR-ProjectedCoverageLLBI-exp-RootCuts,FPP-Branch-Benders-CVaR-ProjectedPathLLBI-exp-RootCuts,FPP-Branch-Benders-ProjectedCoverageLLBI-exp-RootCuts,FPP-Branch-Benders-ProjectedPathLLBI-exp-RootCuts,0,0,232.9801632,1.845772074,3.818e-05,0,0
coverage_exp_vs_path_exp,new20x20,shortest_path,CVaR,0.02,200,case03,FPP-Branch-Benders-CVaR-ProjectedCoverageLLBI-exp-RootCuts,FPP-Branch-Benders-CVaR-ProjectedPathLLBI-exp-RootCuts,FPP-Branch-Benders-ProjectedCoverageLLBI-exp-RootCuts,FPP-Branch-Benders-ProjectedPathLLBI-exp-RootCuts,0.15,0.0814995925,7.23855587,1.004015833,0.03040086,1.265,4.37
coverage_exp_vs_path_exp,new20x20,shortest_path,CVaR,0.02,200,case04,FPP-Branch-Benders-CVaR-ProjectedCoverageLLBI-exp-RootCuts,FPP-Branch-Benders-CVaR-ProjectedPathLLBI-exp-RootCuts,FPP-Branch-Benders-ProjectedCoverageLLBI-exp-RootCuts,FPP-Branch-Benders-ProjectedPathLLBI-exp-RootCuts,0,0,14.59329274,1.008085027,-0.01109184,0,0
coverage_exp_vs_path_exp,new20x20,shortest_path,CVaR,0.02,400,case00,FPP-Branch-Benders-CVaR-ProjectedCoverageLLBI-exp-RootCuts,FPP-Branch-Benders-CVaR-ProjectedPathLLBI-exp-RootCuts,FPP-Branch-Benders-ProjectedCoverageLLBI-exp-RootCuts,FPP-Branch-Benders-ProjectedPathLLBI-exp-RootCuts,0,0,45.14282876,1.025027331,0.02601062,0,0
coverage_exp_vs_path_exp,new20x20,shortest_path,CVaR,0.02,400,case01,FPP-Branch-Benders-CVaR-ProjectedCoverageLLBI-exp-RootCuts,FPP-Branch-Benders-CVaR-ProjectedPathLLBI-exp-RootCuts,FPP-Branch-Benders-ProjectedCoverageLLBI-exp-RootCuts,FPP-Branch-Benders-ProjectedPathLLBI-exp-RootCuts,-0.5,-0.2656042497,8.95806952,1.004951312,0.00604292,-1.706,-5.73
coverage_exp_vs_path_exp,new20x20,shortest_path,CVaR,0.02,400,case02,FPP-Branch-Benders-CVaR-ProjectedCoverageLLBI-exp-RootCuts,FPP-Branch-Benders-CVaR-ProjectedPathLLBI-exp-RootCuts,FPP-Branch-Benders-ProjectedCoverageLLBI-exp-RootCuts,FPP-Branch-Benders-ProjectedPathLLBI-exp-RootCuts,1.2,0.6524398532,15.38938368,1.008533555,0.01461066,0.641,2.19
coverage_exp_vs_path_exp,new20x20,shortest_path,CVaR,0.02,400,case03,FPP-Branch-Benders-CVaR-ProjectedCoverageLLBI-exp-RootCuts,FPP-Branch-Benders-CVaR-ProjectedPathLLBI-exp-RootCuts,FPP-Branch-Benders-ProjectedCoverageLLBI-exp-RootCuts,FPP-Branch-Benders-ProjectedPathLLBI-exp-RootCuts,0,0,11.60596747,1.006422053,0.01373362,0,0
coverage_exp_vs_path_exp,new20x20,shortest_path,CVaR,0.02,400,case04,FPP-Branch-Benders-CVaR-ProjectedCoverageLLBI-exp-RootCuts,FPP-Branch-Benders-CVaR-ProjectedPathLLBI-exp-RootCuts,FPP-Branch-Benders-ProjectedCoverageLLBI-exp-RootCuts,FPP-Branch-Benders-ProjectedPathLLBI-exp-RootCuts,0,0,14.67197669,1.008135319,0.01420773,0,0
coverage_exp_vs_path_exp,new20x20,shortest_path,CVaR,0.03,100,case00,FPP-Branch-Benders-CVaR-ProjectedCoverageLLBI-exp-RootCuts,FPP-Branch-Benders-CVaR-ProjectedPathLLBI-exp-RootCuts,FPP-Branch-Benders-ProjectedCoverageLLBI-exp-RootCuts,FPP-Branch-Benders-ProjectedPathLLBI-exp-RootCuts,0,0,1.37256275,1.000761187,0.01947046,0,0
coverage_exp_vs_path_exp,new20x20,shortest_path,CVaR,0.03,100,case01,FPP-Branch-Benders-CVaR-ProjectedCoverageLLBI-exp-RootCuts,FPP-Branch-Benders-CVaR-ProjectedPathLLBI-exp-RootCuts,FPP-Branch-Benders-ProjectedCoverageLLBI-exp-RootCuts,FPP-Branch-Benders-ProjectedPathLLBI-exp-RootCuts,0,0,3.35024749,1.001859636,0.03909322,0,0
coverage_exp_vs_path_exp,new20x20,shortest_path,CVaR,0.03,100,case02,FPP-Branch-Benders-CVaR-ProjectedCoverageLLBI-exp-RootCuts,FPP-Branch-Benders-CVaR-ProjectedPathLLBI-exp-RootCuts,FPP-Branch-Benders-ProjectedCoverageLLBI-exp-RootCuts,FPP-Branch-Benders-ProjectedPathLLBI-exp-RootCuts,0,0,8.67181283,1.004808854,0.01815052,0,0
coverage_exp_vs_path_exp,new20x20,shortest_path,CVaR,0.03,100,case03,FPP-Branch-Benders-CVaR-ProjectedCoverageLLBI-exp-RootCuts,FPP-Branch-Benders-CVaR-ProjectedPathLLBI-exp-RootCuts,FPP-Branch-Benders-ProjectedCoverageLLBI-exp-RootCuts,FPP-Branch-Benders-ProjectedPathLLBI-exp-RootCuts,0,0,3.16005304,1.001754117,0.04911873,-1.481,-5.46
coverage_exp_vs_path_exp,new20x20,shortest_path,CVaR,0.03,100,case04,FPP-Branch-Benders-CVaR-ProjectedCoverageLLBI-exp-RootCuts,FPP-Branch-Benders-CVaR-ProjectedPathLLBI-exp-RootCuts,FPP-Branch-Benders-ProjectedCoverageLLBI-exp-RootCuts,FPP-Branch-Benders-ProjectedPathLLBI-exp-RootCuts,-1.5,-1.100513573,6.56080687,1.003637302,0.00999323,1.12,3.6
coverage_exp_vs_path_exp,new20x20,shortest_path,CVaR,0.03,200,case00,FPP-Branch-Benders-CVaR-ProjectedCoverageLLBI-exp-RootCuts,FPP-Branch-Benders-CVaR-ProjectedPathLLBI-exp-RootCuts,FPP-Branch-Benders-ProjectedCoverageLLBI-exp-RootCuts,FPP-Branch-Benders-ProjectedPathLLBI-exp-RootCuts,0,0,3.25465543,1.001801519,0.02497447,0,0
coverage_exp_vs_path_exp,new20x20,shortest_path,CVaR,0.03,200,case01,FPP-Branch-Benders-CVaR-ProjectedCoverageLLBI-exp-RootCuts,FPP-Branch-Benders-CVaR-ProjectedPathLLBI-exp-RootCuts,FPP-Branch-Benders-ProjectedCoverageLLBI-exp-RootCuts,FPP-Branch-Benders-ProjectedPathLLBI-exp-RootCuts,5.7,4.140937159,2.42202526,1.001339801,0.05340606,-0.413,4.52
coverage_exp_vs_path_exp,new20x20,shortest_path,CVaR,0.03,200,case02,FPP-Branch-Benders-CVaR-ProjectedCoverageLLBI-exp-RootCuts,FPP-Branch-Benders-CVaR-ProjectedPathLLBI-exp-RootCuts,FPP-Branch-Benders-ProjectedCoverageLLBI-exp-RootCuts,FPP-Branch-Benders-ProjectedPathLLBI-exp-RootCuts,0.35,0.2609992543,19.60642165,1.010877079,0.03362832,2.807,-5.86
coverage_exp_vs_path_exp,new20x20,shortest_path,CVaR,0.03,200,case03,FPP-Branch-Benders-CVaR-ProjectedCoverageLLBI-exp-RootCuts,FPP-Branch-Benders-CVaR-ProjectedPathLLBI-exp-RootCuts,FPP-Branch-Benders-ProjectedCoverageLLBI-exp-RootCuts,FPP-Branch-Benders-ProjectedPathLLBI-exp-RootCuts,-0.7,-0.503054258,7.29128648,1.004045132,0.01998821,0.306,1.98
coverage_exp_vs_path_exp,new20x20,shortest_path,CVaR,0.03,200,case04,FPP-Branch-Benders-CVaR-ProjectedCoverageLLBI-exp-RootCuts,FPP-Branch-Benders-CVaR-ProjectedPathLLBI-exp-RootCuts,FPP-Branch-Benders-ProjectedCoverageLLBI-exp-RootCuts,FPP-Branch-Benders-ProjectedPathLLBI-exp-RootCuts,0.75,0.5362888809,16.86176959,1.009332783,0.03045966,-4.818,0.3
coverage_exp_vs_path_exp,new20x20,shortest_path,CVaR,0.03,400,case00,FPP-Branch-Benders-CVaR-ProjectedCoverageLLBI-exp-RootCuts,FPP-Branch-Benders-CVaR-ProjectedPathLLBI-exp-RootCuts,FPP-Branch-Benders-ProjectedCoverageLLBI-exp-RootCuts,FPP-Branch-Benders-ProjectedPathLLBI-exp-RootCuts,0,0,15.70843915,1.008710649,0.01260644,0,0
coverage_exp_vs_path_exp,new20x20,shortest_path,CVaR,0.03,400,case01,FPP-Branch-Benders-CVaR-ProjectedCoverageLLBI-exp-RootCuts,FPP-Branch-Benders-CVaR-ProjectedPathLLBI-exp-RootCuts,FPP-Branch-Benders-ProjectedCoverageLLBI-exp-RootCuts,FPP-Branch-Benders-ProjectedPathLLBI-exp-RootCuts,1.975,1.383537653,15.91910128,1.008826947,0.03496131,1.419,6.47
coverage_exp_vs_path_exp,new20x20,shortest_path,CVaR,0.03,400,case02,FPP-Branch-Benders-CVaR-ProjectedCoverageLLBI-exp-RootCuts,FPP-Branch-Benders-CVaR-ProjectedPathLLBI-exp-RootCuts,FPP-Branch-Benders-ProjectedCoverageLLBI-exp-RootCuts,FPP-Branch-Benders-ProjectedPathLLBI-exp-RootCuts,-0.425,-0.3069146055,8.85191923,1.004890532,0.01468852,-0.632,-1.06
coverage_exp_vs_path_exp,new20x20,shortest_path,CVaR,0.03,400,case03,FPP-Branch-Benders-CVaR-ProjectedCoverageLLBI-exp-RootCuts,FPP-Branch-Benders-CVaR-ProjectedPathLLBI-exp-RootCuts,FPP-Branch-Benders-ProjectedCoverageLLBI-exp-RootCuts,FPP-Branch-Benders-ProjectedPathLLBI-exp-RootCuts,5,3.57079093,53.11274853,1.029325219,0.07537811,-0.467,2.38
coverage_exp_vs_path_exp,new20x20,shortest_path,CVaR,0.03,400,case04,FPP-Branch-Benders-CVaR-ProjectedCoverageLLBI-exp-RootCuts,FPP-Branch-Benders-CVaR-ProjectedPathLLBI-exp-RootCuts,FPP-Branch-Benders-ProjectedCoverageLLBI-exp-RootCuts,FPP-Branch-Benders-ProjectedPathLLBI-exp-RootCuts,0.475,0.3322259136,15.22961654,1.008431524,0.01632648,0.632,1.01
coverage_exp_vs_path_exp,new20x20,shortest_path,Expected,0.01,100,case00,FPP-Branch-Benders-ProjectedCoverageLLBI-exp-RootCuts,FPP-Branch-Benders-ProjectedPathLLBI-exp-RootCuts,FPP-Branch-Benders-ProjectedCoverageLLBI-exp-RootCuts,FPP-Branch-Benders-ProjectedPathLLBI-exp-RootCuts,0,0,2.45338702,1.524195434,-0.00084037,0,0
coverage_exp_vs_path_exp,new20x20,shortest_path,Expected,0.01,100,case01,FPP-Branch-Benders-ProjectedCoverageLLBI-exp-RootCuts,FPP-Branch-Benders-ProjectedPathLLBI-exp-RootCuts,FPP-Branch-Benders-ProjectedCoverageLLBI-exp-RootCuts,FPP-Branch-Benders-ProjectedPathLLBI-exp-RootCuts,0,0,3.46980777,2.659945264,0.00097274,0,0
coverage_exp_vs_path_exp,new20x20,shortest_path,Expected,0.01,100,case02,FPP-Branch-Benders-ProjectedCoverageLLBI-exp-RootCuts,FPP-Branch-Benders-ProjectedPathLLBI-exp-RootCuts,FPP-Branch-Benders-ProjectedCoverageLLBI-exp-RootCuts,FPP-Branch-Benders-ProjectedPathLLBI-exp-RootCuts,0,0,4.49788736,2.737765238,0.00095705,0,0
coverage_exp_vs_path_exp,new20x20,shortest_path,Expected,0.01,100,case03,FPP-Branch-Benders-ProjectedCoverageLLBI-exp-RootCuts,FPP-Branch-Benders-ProjectedPathLLBI-exp-RootCuts,FPP-Branch-Benders-ProjectedCoverageLLBI-exp-RootCuts,FPP-Branch-Benders-ProjectedPathLLBI-exp-RootCuts,0,0,4.39963285,2.380655023,0.00070598,0,0
coverage_exp_vs_path_exp,new20x20,shortest_path,Expected,0.01,100,case04,FPP-Branch-Benders-ProjectedCoverageLLBI-exp-RootCuts,FPP-Branch-Benders-ProjectedPathLLBI-exp-RootCuts,FPP-Branch-Benders-ProjectedCoverageLLBI-exp-RootCuts,FPP-Branch-Benders-ProjectedPathLLBI-exp-RootCuts,0,0,8.43539574,3.905162294,0.00099965,0,0
coverage_exp_vs_path_exp,new20x20,shortest_path,Expected,0.01,200,case00,FPP-Branch-Benders-ProjectedCoverageLLBI-exp-RootCuts,FPP-Branch-Benders-ProjectedPathLLBI-exp-RootCuts,FPP-Branch-Benders-ProjectedCoverageLLBI-exp-RootCuts,FPP-Branch-Benders-ProjectedPathLLBI-exp-RootCuts,0,0,8.52326992,2.737105151,0.00062689,0,0
coverage_exp_vs_path_exp,new20x20,shortest_path,Expected,0.01,200,case01,FPP-Branch-Benders-ProjectedCoverageLLBI-exp-RootCuts,FPP-Branch-Benders-ProjectedPathLLBI-exp-RootCuts,FPP-Branch-Benders-ProjectedCoverageLLBI-exp-RootCuts,FPP-Branch-Benders-ProjectedPathLLBI-exp-RootCuts,0,0,10.50828624,1.912295137,0.00033182,0,0
coverage_exp_vs_path_exp,new20x20,shortest_path,Expected,0.01,200,case02,FPP-Branch-Benders-ProjectedCoverageLLBI-exp-RootCuts,FPP-Branch-Benders-ProjectedPathLLBI-exp-RootCuts,FPP-Branch-Benders-ProjectedCoverageLLBI-exp-RootCuts,FPP-Branch-Benders-ProjectedPathLLBI-exp-RootCuts,0,0,9.11783212,2.1312303,0,0,0
coverage_exp_vs_path_exp,new20x20,shortest_path,Expected,0.01,200,case03,FPP-Branch-Benders-ProjectedCoverageLLBI-exp-RootCuts,FPP-Branch-Benders-ProjectedPathLLBI-exp-RootCuts,FPP-Branch-Benders-ProjectedCoverageLLBI-exp-RootCuts,FPP-Branch-Benders-ProjectedPathLLBI-exp-RootCuts,0,0,11.24323011,2.083063092,0.00058232,0,0
coverage_exp_vs_path_exp,new20x20,shortest_path,Expected,0.01,200,case04,FPP-Branch-Benders-ProjectedCoverageLLBI-exp-RootCuts,FPP-Branch-Benders-ProjectedPathLLBI-exp-RootCuts,FPP-Branch-Benders-ProjectedCoverageLLBI-exp-RootCuts,FPP-Branch-Benders-ProjectedPathLLBI-exp-RootCuts,0,0,-3.90216073,0.8227213309,0,0,0
coverage_exp_vs_path_exp,new20x20,shortest_path,Expected,0.01,400,case00,FPP-Branch-Benders-ProjectedCoverageLLBI-exp-RootCuts,FPP-Branch-Benders-ProjectedPathLLBI-exp-RootCuts,FPP-Branch-Benders-ProjectedCoverageLLBI-exp-RootCuts,FPP-Branch-Benders-ProjectedPathLLBI-exp-RootCuts,0,0,23.97446728,2.352044933,-0.00061827,0,0
coverage_exp_vs_path_exp,new20x20,shortest_path,Expected,0.01,400,case01,FPP-Branch-Benders-ProjectedCoverageLLBI-exp-RootCuts,FPP-Branch-Benders-ProjectedPathLLBI-exp-RootCuts,FPP-Branch-Benders-ProjectedCoverageLLBI-exp-RootCuts,FPP-Branch-Benders-ProjectedPathLLBI-exp-RootCuts,0,0,13.5052309,1.627828665,0.00048672,0,0
coverage_exp_vs_path_exp,new20x20,shortest_path,Expected,0.01,400,case02,FPP-Branch-Benders-ProjectedCoverageLLBI-exp-RootCuts,FPP-Branch-Benders-ProjectedPathLLBI-exp-RootCuts,FPP-Branch-Benders-ProjectedCoverageLLBI-exp-RootCuts,FPP-Branch-Benders-ProjectedPathLLBI-exp-RootCuts,0,0,-8.56576457,0.8061377857,0,0,0
coverage_exp_vs_path_exp,new20x20,shortest_path,Expected,0.01,400,case03,FPP-Branch-Benders-ProjectedCoverageLLBI-exp-RootCuts,FPP-Branch-Benders-ProjectedPathLLBI-exp-RootCuts,FPP-Branch-Benders-ProjectedCoverageLLBI-exp-RootCuts,FPP-Branch-Benders-ProjectedPathLLBI-exp-RootCuts,0,0,18.94871234,1.771350578,0.0004481,0,0
coverage_exp_vs_path_exp,new20x20,shortest_path,Expected,0.01,400,case04,FPP-Branch-Benders-ProjectedCoverageLLBI-exp-RootCuts,FPP-Branch-Benders-ProjectedPathLLBI-exp-RootCuts,FPP-Branch-Benders-ProjectedCoverageLLBI-exp-RootCuts,FPP-Branch-Benders-ProjectedPathLLBI-exp-RootCuts,0,0,84.38918643,3.371334534,-0.00060806,0,0
coverage_exp_vs_path_exp,new20x20,shortest_path,Expected,0.02,100,case00,FPP-Branch-Benders-ProjectedCoverageLLBI-exp-RootCuts,FPP-Branch-Benders-ProjectedPathLLBI-exp-RootCuts,FPP-Branch-Benders-ProjectedCoverageLLBI-exp-RootCuts,FPP-Branch-Benders-ProjectedPathLLBI-exp-RootCuts,0,0,17.66817557,3.056578861,9.682e-05,0,0
coverage_exp_vs_path_exp,new20x20,shortest_path,Expected,0.02,100,case01,FPP-Branch-Benders-ProjectedCoverageLLBI-exp-RootCuts,FPP-Branch-Benders-ProjectedPathLLBI-exp-RootCuts,FPP-Branch-Benders-ProjectedCoverageLLBI-exp-RootCuts,FPP-Branch-Benders-ProjectedPathLLBI-exp-RootCuts,0,0,13.07397963,3.856897487,1.728e-05,0,0
coverage_exp_vs_path_exp,new20x20,shortest_path,Expected,0.02,100,case02,FPP-Branch-Benders-ProjectedCoverageLLBI-exp-RootCuts,FPP-Branch-Benders-ProjectedPathLLBI-exp-RootCuts,FPP-Branch-Benders-ProjectedCoverageLLBI-exp-RootCuts,FPP-Branch-Benders-ProjectedPathLLBI-exp-RootCuts,0,0,8.34309665,1.975006173,-7.46e-05,0,0
coverage_exp_vs_path_exp,new20x20,shortest_path,Expected,0.02,100,case03,FPP-Branch-Benders-ProjectedCoverageLLBI-exp-RootCuts,FPP-Branch-Benders-ProjectedPathLLBI-exp-RootCuts,FPP-Branch-Benders-ProjectedCoverageLLBI-exp-RootCuts,FPP-Branch-Benders-ProjectedPathLLBI-exp-RootCuts,0,0,5.28156213,3.981556988,0.00097432,0,0
coverage_exp_vs_path_exp,new20x20,shortest_path,Expected,0.02,100,case04,FPP-Branch-Benders-ProjectedCoverageLLBI-exp-RootCuts,FPP-Branch-Benders-ProjectedPathLLBI-exp-RootCuts,FPP-Branch-Benders-ProjectedCoverageLLBI-exp-RootCuts,FPP-Branch-Benders-ProjectedPathLLBI-exp-RootCuts,0,0,7.97963418,2.374692199,0.00072468,0,0
coverage_exp_vs_path_exp,new20x20,shortest_path,Expected,0.02,200,case00,FPP-Branch-Benders-ProjectedCoverageLLBI-exp-RootCuts,FPP-Branch-Benders-ProjectedPathLLBI-exp-RootCuts,FPP-Branch-Benders-ProjectedCoverageLLBI-exp-RootCuts,FPP-Branch-Benders-ProjectedPathLLBI-exp-RootCuts,0,0,34.07174088,4.403048606,0.00043784,0,0
coverage_exp_vs_path_exp,new20x20,shortest_path,Expected,0.02,200,case01,FPP-Branch-Benders-ProjectedCoverageLLBI-exp-RootCuts,FPP-Branch-Benders-ProjectedPathLLBI-exp-RootCuts,FPP-Branch-Benders-ProjectedCoverageLLBI-exp-RootCuts,FPP-Branch-Benders-ProjectedPathLLBI-exp-RootCuts,0,0,31.12783124,2.632965423,-6.4e-06,0,0
coverage_exp_vs_path_exp,new20x20,shortest_path,Expected,0.02,200,case02,FPP-Branch-Benders-ProjectedCoverageLLBI-exp-RootCuts,FPP-Branch-Benders-ProjectedPathLLBI-exp-RootCuts,FPP-Branch-Benders-ProjectedCoverageLLBI-exp-RootCuts,FPP-Branch-Benders-ProjectedPathLLBI-exp-RootCuts,0,0,8.02358414,1.610388589,-0.00026116,0,0
coverage_exp_vs_path_exp,new20x20,shortest_path,Expected,0.02,200,case03,FPP-Branch-Benders-ProjectedCoverageLLBI-exp-RootCuts,FPP-Branch-Benders-ProjectedPathLLBI-exp-RootCuts,FPP-Branch-Benders-ProjectedCoverageLLBI-exp-RootCuts,FPP-Branch-Benders-ProjectedPathLLBI-exp-RootCuts,0,0,19.76051702,2.240717517,-0.00019621,0,0
coverage_exp_vs_path_exp,new20x20,shortest_path,Expected,0.02,200,case04,FPP-Branch-Benders-ProjectedCoverageLLBI-exp-RootCuts,FPP-Branch-Benders-ProjectedPathLLBI-exp-RootCuts,FPP-Branch-Benders-ProjectedCoverageLLBI-exp-RootCuts,FPP-Branch-Benders-ProjectedPathLLBI-exp-RootCuts,0,0,76.12758889,2.90168932,0.00017648,0,0
coverage_exp_vs_path_exp,new20x20,shortest_path,Expected,0.02,400,case00,FPP-Branch-Benders-ProjectedCoverageLLBI-exp-RootCuts,FPP-Branch-Benders-ProjectedPathLLBI-exp-RootCuts,FPP-Branch-Benders-ProjectedCoverageLLBI-exp-RootCuts,FPP-Branch-Benders-ProjectedPathLLBI-exp-RootCuts,0.1125,0.1233958539,1580.986111,7.001498008,0.01255328,1.046,-4.54
coverage_exp_vs_path_exp,new20x20,shortest_path,Expected,0.02,400,case01,FPP-Branch-Benders-ProjectedCoverageLLBI-exp-RootCuts,FPP-Branch-Benders-ProjectedPathLLBI-exp-RootCuts,FPP-Branch-Benders-ProjectedCoverageLLBI-exp-RootCuts,FPP-Branch-Benders-ProjectedPathLLBI-exp-RootCuts,0.1875,0.203472599,886.4205654,1.930660195,0.00998503,0.591,1.03
coverage_exp_vs_path_exp,new20x20,shortest_path,Expected,0.02,400,case02,FPP-Branch-Benders-ProjectedCoverageLLBI-exp-RootCuts,FPP-Branch-Benders-ProjectedPathLLBI-exp-RootCuts,FPP-Branch-Benders-ProjectedCoverageLLBI-exp-RootCuts,FPP-Branch-Benders-ProjectedPathLLBI-exp-RootCuts,0,0,335.9133323,2.253791402,-8.84e-06,0,0
coverage_exp_vs_path_exp,new20x20,shortest_path,Expected,0.02,400,case03,FPP-Branch-Benders-ProjectedCoverageLLBI-exp-RootCuts,FPP-Branch-Benders-ProjectedPathLLBI-exp-RootCuts,FPP-Branch-Benders-ProjectedCoverageLLBI-exp-RootCuts,FPP-Branch-Benders-ProjectedPathLLBI-exp-RootCuts,0,0,663.0554285,1.558397281,0.01098404,0,0
coverage_exp_vs_path_exp,new20x20,shortest_path,Expected,0.02,400,case04,FPP-Branch-Benders-ProjectedCoverageLLBI-exp-RootCuts,FPP-Branch-Benders-ProjectedPathLLBI-exp-RootCuts,FPP-Branch-Benders-ProjectedCoverageLLBI-exp-RootCuts,FPP-Branch-Benders-ProjectedPathLLBI-exp-RootCuts,0,0,106.7300644,1.41008877,4.07e-06,0,0
coverage_exp_vs_path_exp,new20x20,shortest_path,Expected,0.03,100,case00,FPP-Branch-Benders-ProjectedCoverageLLBI-exp-RootCuts,FPP-Branch-Benders-ProjectedPathLLBI-exp-RootCuts,FPP-Branch-Benders-ProjectedCoverageLLBI-exp-RootCuts,FPP-Branch-Benders-ProjectedPathLLBI-exp-RootCuts,0,0,344.5599344,48.437785,0.00014142,0,0
coverage_exp_vs_path_exp,new20x20,shortest_path,Expected,0.03,100,case01,FPP-Branch-Benders-ProjectedCoverageLLBI-exp-RootCuts,FPP-Branch-Benders-ProjectedPathLLBI-exp-RootCuts,FPP-Branch-Benders-ProjectedCoverageLLBI-exp-RootCuts,FPP-Branch-Benders-ProjectedPathLLBI-exp-RootCuts,0,0,79.93152326,4.41041134,3.29e-06,0,0
coverage_exp_vs_path_exp,new20x20,shortest_path,Expected,0.03,100,case02,FPP-Branch-Benders-ProjectedCoverageLLBI-exp-RootCuts,FPP-Branch-Benders-ProjectedPathLLBI-exp-RootCuts,FPP-Branch-Benders-ProjectedCoverageLLBI-exp-RootCuts,FPP-Branch-Benders-ProjectedPathLLBI-exp-RootCuts,0,0,53.98301842,4.361912594,0.00040037,0,0
coverage_exp_vs_path_exp,new20x20,shortest_path,Expected,0.03,100,case03,FPP-Branch-Benders-ProjectedCoverageLLBI-exp-RootCuts,FPP-Branch-Benders-ProjectedPathLLBI-exp-RootCuts,FPP-Branch-Benders-ProjectedCoverageLLBI-exp-RootCuts,FPP-Branch-Benders-ProjectedPathLLBI-exp-RootCuts,0,0,10.74648828,2.758437756,0.00042841,0,0
coverage_exp_vs_path_exp,new20x20,shortest_path,Expected,0.03,100,case04,FPP-Branch-Benders-ProjectedCoverageLLBI-exp-RootCuts,FPP-Branch-Benders-ProjectedPathLLBI-exp-RootCuts,FPP-Branch-Benders-ProjectedCoverageLLBI-exp-RootCuts,FPP-Branch-Benders-ProjectedPathLLBI-exp-RootCuts,0,0,1299.176446,110.3134919,2.78e-06,0,0
coverage_exp_vs_path_exp,new20x20,shortest_path,Expected,0.03,200,case00,FPP-Branch-Benders-ProjectedCoverageLLBI-exp-RootCuts,FPP-Branch-Benders-ProjectedPathLLBI-exp-RootCuts,FPP-Branch-Benders-ProjectedCoverageLLBI-exp-RootCuts,FPP-Branch-Benders-ProjectedPathLLBI-exp-RootCuts,0,0,839.0490576,2.092127726,1.5e-07,0,0
coverage_exp_vs_path_exp,new20x20,shortest_path,Expected,0.03,200,case01,FPP-Branch-Benders-ProjectedCoverageLLBI-exp-RootCuts,FPP-Branch-Benders-ProjectedPathLLBI-exp-RootCuts,FPP-Branch-Benders-ProjectedCoverageLLBI-exp-RootCuts,FPP-Branch-Benders-ProjectedPathLLBI-exp-RootCuts,0,0,1561.540587,7.307023579,0.01253251,0,0
coverage_exp_vs_path_exp,new20x20,shortest_path,Expected,0.03,200,case02,FPP-Branch-Benders-ProjectedCoverageLLBI-exp-RootCuts,FPP-Branch-Benders-ProjectedPathLLBI-exp-RootCuts,FPP-Branch-Benders-ProjectedCoverageLLBI-exp-RootCuts,FPP-Branch-Benders-ProjectedPathLLBI-exp-RootCuts,0,0,551.4330262,6.508384396,-7.9e-07,0,0
coverage_exp_vs_path_exp,new20x20,shortest_path,Expected,0.03,200,case03,FPP-Branch-Benders-ProjectedCoverageLLBI-exp-RootCuts,FPP-Branch-Benders-ProjectedPathLLBI-exp-RootCuts,FPP-Branch-Benders-ProjectedCoverageLLBI-exp-RootCuts,FPP-Branch-Benders-ProjectedPathLLBI-exp-RootCuts,0,0,1050.957365,2.383887753,0.0304766,0,0
coverage_exp_vs_path_exp,new20x20,shortest_path,Expected,0.03,200,case04,FPP-Branch-Benders-ProjectedCoverageLLBI-exp-RootCuts,FPP-Branch-Benders-ProjectedPathLLBI-exp-RootCuts,FPP-Branch-Benders-ProjectedCoverageLLBI-exp-RootCuts,FPP-Branch-Benders-ProjectedPathLLBI-exp-RootCuts,0.535,0.7558632382,24.66050249,1.013679606,0.03493076,0.501,7.43
coverage_exp_vs_path_exp,new20x20,shortest_path,Expected,0.03,400,case00,FPP-Branch-Benders-ProjectedCoverageLLBI-exp-RootCuts,FPP-Branch-Benders-ProjectedPathLLBI-exp-RootCuts,FPP-Branch-Benders-ProjectedCoverageLLBI-exp-RootCuts,FPP-Branch-Benders-ProjectedPathLLBI-exp-RootCuts,0.135,0.1891816143,39.45341142,1.021876804,0.03492314,0.116,0.3
coverage_exp_vs_path_exp,new20x20,shortest_path,Expected,0.03,400,case01,FPP-Branch-Benders-ProjectedCoverageLLBI-exp-RootCuts,FPP-Branch-Benders-ProjectedPathLLBI-exp-RootCuts,FPP-Branch-Benders-ProjectedCoverageLLBI-exp-RootCuts,FPP-Branch-Benders-ProjectedPathLLBI-exp-RootCuts,0.5125,0.6972789116,49.57725223,1.027495959,0.0212544,-0.057,-0.5
coverage_exp_vs_path_exp,new20x20,shortest_path,Expected,0.03,400,case02,FPP-Branch-Benders-ProjectedCoverageLLBI-exp-RootCuts,FPP-Branch-Benders-ProjectedPathLLBI-exp-RootCuts,FPP-Branch-Benders-ProjectedCoverageLLBI-exp-RootCuts,FPP-Branch-Benders-ProjectedPathLLBI-exp-RootCuts,-0.2525,-0.3309630698,13.99551313,1.007759053,0.00542385,-0.339,2.78
coverage_exp_vs_path_exp,new20x20,shortest_path,Expected,0.03,400,case03,FPP-Branch-Benders-ProjectedCoverageLLBI-exp-RootCuts,FPP-Branch-Benders-ProjectedPathLLBI-exp-RootCuts,FPP-Branch-Benders-ProjectedCoverageLLBI-exp-RootCuts,FPP-Branch-Benders-ProjectedPathLLBI-exp-RootCuts,0.9375,1.258684926,49.21936226,1.027291033,0.03110581,2.368,16.35
coverage_exp_vs_path_exp,new20x20,shortest_path,Expected,0.03,400,case04,FPP-Branch-Benders-ProjectedCoverageLLBI-exp-RootCuts,FPP-Branch-Benders-ProjectedPathLLBI-exp-RootCuts,FPP-Branch-Benders-ProjectedCoverageLLBI-exp-RootCuts,FPP-Branch-Benders-ProjectedPathLLBI-exp-RootCuts,0.2925,0.3857185244,7.77768762,1.00429606,0.00506869,0.566,-0.81
coverage_exp_vs_path_exp,new20x20,shortest_path,MeanCVaR,0.01,100,case00,FPP-Branch-Benders-MeanCVaR-ProjectedCoverageLLBI-exp-RootCuts,FPP-Branch-Benders-MeanCVaR-ProjectedPathLLBI-exp-RootCuts,FPP-Branch-Benders-ProjectedCoverageLLBI-exp-RootCuts,FPP-Branch-Benders-ProjectedPathLLBI-exp-RootCuts,0,0,4.50639957,1.990857764,0.00069387,0,0
coverage_exp_vs_path_exp,new20x20,shortest_path,MeanCVaR,0.01,100,case01,FPP-Branch-Benders-MeanCVaR-ProjectedCoverageLLBI-exp-RootCuts,FPP-Branch-Benders-MeanCVaR-ProjectedPathLLBI-exp-RootCuts,FPP-Branch-Benders-ProjectedCoverageLLBI-exp-RootCuts,FPP-Branch-Benders-ProjectedPathLLBI-exp-RootCuts,0,0,-0.0142002,0.998368174,-0.00098968,0,0
coverage_exp_vs_path_exp,new20x20,shortest_path,MeanCVaR,0.01,100,case02,FPP-Branch-Benders-MeanCVaR-ProjectedCoverageLLBI-exp-RootCuts,FPP-Branch-Benders-MeanCVaR-ProjectedPathLLBI-exp-RootCuts,FPP-Branch-Benders-ProjectedCoverageLLBI-exp-RootCuts,FPP-Branch-Benders-ProjectedPathLLBI-exp-RootCuts,0,0,4.37654438,2.296869064,0,0,0
coverage_exp_vs_path_exp,new20x20,shortest_path,MeanCVaR,0.01,100,case03,FPP-Branch-Benders-MeanCVaR-ProjectedCoverageLLBI-exp-RootCuts,FPP-Branch-Benders-MeanCVaR-ProjectedPathLLBI-exp-RootCuts,FPP-Branch-Benders-ProjectedCoverageLLBI-exp-RootCuts,FPP-Branch-Benders-ProjectedPathLLBI-exp-RootCuts,0,0,4.91124172,2.521423213,0.00042947,0,0
coverage_exp_vs_path_exp,new20x20,shortest_path,MeanCVaR,0.01,100,case04,FPP-Branch-Benders-MeanCVaR-ProjectedCoverageLLBI-exp-RootCuts,FPP-Branch-Benders-MeanCVaR-ProjectedPathLLBI-exp-RootCuts,FPP-Branch-Benders-ProjectedCoverageLLBI-exp-RootCuts,FPP-Branch-Benders-ProjectedPathLLBI-exp-RootCuts,0,0,20.60571723,2.099774488,0.00057078,0,0
coverage_exp_vs_path_exp,new20x20,shortest_path,MeanCVaR,0.01,200,case00,FPP-Branch-Benders-MeanCVaR-ProjectedCoverageLLBI-exp-RootCuts,FPP-Branch-Benders-MeanCVaR-ProjectedPathLLBI-exp-RootCuts,FPP-Branch-Benders-ProjectedCoverageLLBI-exp-RootCuts,FPP-Branch-Benders-ProjectedPathLLBI-exp-RootCuts,0,0,12.67925996,2.3136853,0,0,0
coverage_exp_vs_path_exp,new20x20,shortest_path,MeanCVaR,0.01,200,case01,FPP-Branch-Benders-MeanCVaR-ProjectedCoverageLLBI-exp-RootCuts,FPP-Branch-Benders-MeanCVaR-ProjectedPathLLBI-exp-RootCuts,FPP-Branch-Benders-ProjectedCoverageLLBI-exp-RootCuts,FPP-Branch-Benders-ProjectedPathLLBI-exp-RootCuts,0,0,7.44958307,1.481823519,-6.739e-05,0,0
coverage_exp_vs_path_exp,new20x20,shortest_path,MeanCVaR,0.01,200,case02,FPP-Branch-Benders-MeanCVaR-ProjectedCoverageLLBI-exp-RootCuts,FPP-Branch-Benders-MeanCVaR-ProjectedPathLLBI-exp-RootCuts,FPP-Branch-Benders-ProjectedCoverageLLBI-exp-RootCuts,FPP-Branch-Benders-ProjectedPathLLBI-exp-RootCuts,0,0,-8.19871785,0.776589144,0.00023051,0,0
coverage_exp_vs_path_exp,new20x20,shortest_path,MeanCVaR,0.01,200,case03,FPP-Branch-Benders-MeanCVaR-ProjectedCoverageLLBI-exp-RootCuts,FPP-Branch-Benders-MeanCVaR-ProjectedPathLLBI-exp-RootCuts,FPP-Branch-Benders-ProjectedCoverageLLBI-exp-RootCuts,FPP-Branch-Benders-ProjectedPathLLBI-exp-RootCuts,0,0,9.95448561,1.669990034,0.00026077,0,0
coverage_exp_vs_path_exp,new20x20,shortest_path,MeanCVaR,0.01,200,case04,FPP-Branch-Benders-MeanCVaR-ProjectedCoverageLLBI-exp-RootCuts,FPP-Branch-Benders-MeanCVaR-ProjectedPathLLBI-exp-RootCuts,FPP-Branch-Benders-ProjectedCoverageLLBI-exp-RootCuts,FPP-Branch-Benders-ProjectedPathLLBI-exp-RootCuts,0,0,79.96161419,8.380184116,7.914e-05,0,0
coverage_exp_vs_path_exp,new20x20,shortest_path,MeanCVaR,0.01,400,case00,FPP-Branch-Benders-MeanCVaR-ProjectedCoverageLLBI-exp-RootCuts,FPP-Branch-Benders-MeanCVaR-ProjectedPathLLBI-exp-RootCuts,FPP-Branch-Benders-ProjectedCoverageLLBI-exp-RootCuts,FPP-Branch-Benders-ProjectedPathLLBI-exp-RootCuts,0,0,129.7948094,4.482548222,-0.00059667,0,0
coverage_exp_vs_path_exp,new20x20,shortest_path,MeanCVaR,0.01,400,case01,FPP-Branch-Benders-MeanCVaR-ProjectedCoverageLLBI-exp-RootCuts,FPP-Branch-Benders-MeanCVaR-ProjectedPathLLBI-exp-RootCuts,FPP-Branch-Benders-ProjectedCoverageLLBI-exp-RootCuts,FPP-Branch-Benders-ProjectedPathLLBI-exp-RootCuts,0,0,-40.9290104,0.531170914,-1.634e-05,0,0
coverage_exp_vs_path_exp,new20x20,shortest_path,MeanCVaR,0.01,400,case02,FPP-Branch-Benders-MeanCVaR-ProjectedCoverageLLBI-exp-RootCuts,FPP-Branch-Benders-MeanCVaR-ProjectedPathLLBI-exp-RootCuts,FPP-Branch-Benders-ProjectedCoverageLLBI-exp-RootCuts,FPP-Branch-Benders-ProjectedPathLLBI-exp-RootCuts,0,0,17.78083043,1.548338734,-0.00028758,0,0
coverage_exp_vs_path_exp,new20x20,shortest_path,MeanCVaR,0.01,400,case03,FPP-Branch-Benders-MeanCVaR-ProjectedCoverageLLBI-exp-RootCuts,FPP-Branch-Benders-MeanCVaR-ProjectedPathLLBI-exp-RootCuts,FPP-Branch-Benders-ProjectedCoverageLLBI-exp-RootCuts,FPP-Branch-Benders-ProjectedPathLLBI-exp-RootCuts,0,0,87.77986339,4.371013005,-0.00065159,0,0
coverage_exp_vs_path_exp,new20x20,shortest_path,MeanCVaR,0.01,400,case04,FPP-Branch-Benders-MeanCVaR-ProjectedCoverageLLBI-exp-RootCuts,FPP-Branch-Benders-MeanCVaR-ProjectedPathLLBI-exp-RootCuts,FPP-Branch-Benders-ProjectedCoverageLLBI-exp-RootCuts,FPP-Branch-Benders-ProjectedPathLLBI-exp-RootCuts,0,0,26.08530987,1.788642551,-2.16e-06,0,0
coverage_exp_vs_path_exp,new20x20,shortest_path,MeanCVaR,0.02,100,case00,FPP-Branch-Benders-MeanCVaR-ProjectedCoverageLLBI-exp-RootCuts,FPP-Branch-Benders-MeanCVaR-ProjectedPathLLBI-exp-RootCuts,FPP-Branch-Benders-ProjectedCoverageLLBI-exp-RootCuts,FPP-Branch-Benders-ProjectedPathLLBI-exp-RootCuts,0,0,1663.035075,12.21155395,0.00766773,0,0
coverage_exp_vs_path_exp,new20x20,shortest_path,MeanCVaR,0.02,100,case01,FPP-Branch-Benders-MeanCVaR-ProjectedCoverageLLBI-exp-RootCuts,FPP-Branch-Benders-MeanCVaR-ProjectedPathLLBI-exp-RootCuts,FPP-Branch-Benders-ProjectedCoverageLLBI-exp-RootCuts,FPP-Branch-Benders-ProjectedPathLLBI-exp-RootCuts,0,0,606.7208899,7.420667939,-1.01e-06,0,0
coverage_exp_vs_path_exp,new20x20,shortest_path,MeanCVaR,0.02,100,case02,FPP-Branch-Benders-MeanCVaR-ProjectedCoverageLLBI-exp-RootCuts,FPP-Branch-Benders-MeanCVaR-ProjectedPathLLBI-exp-RootCuts,FPP-Branch-Benders-ProjectedCoverageLLBI-exp-RootCuts,FPP-Branch-Benders-ProjectedPathLLBI-exp-RootCuts,0,0,97.92118922,2.590700707,2.17e-06,0,0
coverage_exp_vs_path_exp,new20x20,shortest_path,MeanCVaR,0.02,100,case03,FPP-Branch-Benders-MeanCVaR-ProjectedCoverageLLBI-exp-RootCuts,FPP-Branch-Benders-MeanCVaR-ProjectedPathLLBI-exp-RootCuts,FPP-Branch-Benders-ProjectedCoverageLLBI-exp-RootCuts,FPP-Branch-Benders-ProjectedPathLLBI-exp-RootCuts,0,0,40.97508666,1.553463293,2.303e-05,0,0
coverage_exp_vs_path_exp,new20x20,shortest_path,MeanCVaR,0.02,100,case04,FPP-Branch-Benders-MeanCVaR-ProjectedCoverageLLBI-exp-RootCuts,FPP-Branch-Benders-MeanCVaR-ProjectedPathLLBI-exp-RootCuts,FPP-Branch-Benders-ProjectedCoverageLLBI-exp-RootCuts,FPP-Branch-Benders-ProjectedPathLLBI-exp-RootCuts,0.795,0.5623938879,649.5179438,1.557566492,0.06573194,-1.298,-4.83
coverage_exp_vs_path_exp,new20x20,shortest_path,MeanCVaR,0.02,200,case00,FPP-Branch-Benders-MeanCVaR-ProjectedCoverageLLBI-exp-RootCuts,FPP-Branch-Benders-MeanCVaR-ProjectedPathLLBI-exp-RootCuts,FPP-Branch-Benders-ProjectedCoverageLLBI-exp-RootCuts,FPP-Branch-Benders-ProjectedPathLLBI-exp-RootCuts,0,0,1202.428887,12.06453113,-5.8e-07,0,0
coverage_exp_vs_path_exp,new20x20,shortest_path,MeanCVaR,0.02,200,case01,FPP-Branch-Benders-MeanCVaR-ProjectedCoverageLLBI-exp-RootCuts,FPP-Branch-Benders-MeanCVaR-ProjectedPathLLBI-exp-RootCuts,FPP-Branch-Benders-ProjectedCoverageLLBI-exp-RootCuts,FPP-Branch-Benders-ProjectedPathLLBI-exp-RootCuts,0,0,679.0328391,6.345979381,-6.73e-06,0,0
coverage_exp_vs_path_exp,new20x20,shortest_path,MeanCVaR,0.02,200,case02,FPP-Branch-Benders-MeanCVaR-ProjectedCoverageLLBI-exp-RootCuts,FPP-Branch-Benders-MeanCVaR-ProjectedPathLLBI-exp-RootCuts,FPP-Branch-Benders-ProjectedCoverageLLBI-exp-RootCuts,FPP-Branch-Benders-ProjectedPathLLBI-exp-RootCuts,0,0,107.5866065,2.5269381,-8.23e-06,0,0
coverage_exp_vs_path_exp,new20x20,shortest_path,MeanCVaR,0.02,200,case03,FPP-Branch-Benders-MeanCVaR-ProjectedCoverageLLBI-exp-RootCuts,FPP-Branch-Benders-MeanCVaR-ProjectedPathLLBI-exp-RootCuts,FPP-Branch-Benders-ProjectedCoverageLLBI-exp-RootCuts,FPP-Branch-Benders-ProjectedPathLLBI-exp-RootCuts,0,0,292.4181293,1.190944008,0.01889819,0,0
coverage_exp_vs_path_exp,new20x20,shortest_path,MeanCVaR,0.02,200,case04,FPP-Branch-Benders-MeanCVaR-ProjectedCoverageLLBI-exp-RootCuts,FPP-Branch-Benders-MeanCVaR-ProjectedPathLLBI-exp-RootCuts,FPP-Branch-Benders-ProjectedCoverageLLBI-exp-RootCuts,FPP-Branch-Benders-ProjectedPathLLBI-exp-RootCuts,0,0,993.327929,2.186942352,0.01773978,0,0
coverage_exp_vs_path_exp,new20x20,shortest_path,MeanCVaR,0.02,400,case00,FPP-Branch-Benders-MeanCVaR-ProjectedCoverageLLBI-exp-RootCuts,FPP-Branch-Benders-MeanCVaR-ProjectedPathLLBI-exp-RootCuts,FPP-Branch-Benders-ProjectedCoverageLLBI-exp-RootCuts,FPP-Branch-Benders-ProjectedPathLLBI-exp-RootCuts,-0.17,-0.1202008061,55.88837218,1.030983084,0.04067969,0.398,1.03
coverage_exp_vs_path_exp,new20x20,shortest_path,MeanCVaR,0.02,400,case01,FPP-Branch-Benders-MeanCVaR-ProjectedCoverageLLBI-exp-RootCuts,FPP-Branch-Benders-MeanCVaR-ProjectedPathLLBI-exp-RootCuts,FPP-Branch-Benders-ProjectedCoverageLLBI-exp-RootCuts,FPP-Branch-Benders-ProjectedPathLLBI-exp-RootCuts,0,0,43.53984693,1.024051522,0.01311511,0,0
coverage_exp_vs_path_exp,new20x20,shortest_path,MeanCVaR,0.02,400,case02,FPP-Branch-Benders-MeanCVaR-ProjectedCoverageLLBI-exp-RootCuts,FPP-Branch-Benders-MeanCVaR-ProjectedPathLLBI-exp-RootCuts,FPP-Branch-Benders-ProjectedCoverageLLBI-exp-RootCuts,FPP-Branch-Benders-ProjectedPathLLBI-exp-RootCuts,1.19125,0.8355691164,36.99954541,1.020402712,0.03312426,-0.598,2.27
coverage_exp_vs_path_exp,new20x20,shortest_path,MeanCVaR,0.02,400,case03,FPP-Branch-Benders-MeanCVaR-ProjectedCoverageLLBI-exp-RootCuts,FPP-Branch-Benders-MeanCVaR-ProjectedPathLLBI-exp-RootCuts,FPP-Branch-Benders-ProjectedCoverageLLBI-exp-RootCuts,FPP-Branch-Benders-ProjectedPathLLBI-exp-RootCuts,0.56375,0.3894713207,38.13854763,1.021052985,0.00931161,-1.941,9.16
coverage_exp_vs_path_exp,new20x20,shortest_path,MeanCVaR,0.02,400,case04,FPP-Branch-Benders-MeanCVaR-ProjectedCoverageLLBI-exp-RootCuts,FPP-Branch-Benders-MeanCVaR-ProjectedPathLLBI-exp-RootCuts,FPP-Branch-Benders-ProjectedCoverageLLBI-exp-RootCuts,FPP-Branch-Benders-ProjectedPathLLBI-exp-RootCuts,-0.31,-0.2159902456,9.58029842,1.005290627,-0.00970944,0.88,1.95
coverage_exp_vs_path_exp,new20x20,shortest_path,MeanCVaR,0.03,100,case00,FPP-Branch-Benders-MeanCVaR-ProjectedCoverageLLBI-exp-RootCuts,FPP-Branch-Benders-MeanCVaR-ProjectedPathLLBI-exp-RootCuts,FPP-Branch-Benders-ProjectedCoverageLLBI-exp-RootCuts,FPP-Branch-Benders-ProjectedPathLLBI-exp-RootCuts,0,0,431.3372207,1.31293248,0.04500552,-0.124,-1.14
coverage_exp_vs_path_exp,new20x20,shortest_path,MeanCVaR,0.03,100,case01,FPP-Branch-Benders-MeanCVaR-ProjectedCoverageLLBI-exp-RootCuts,FPP-Branch-Benders-MeanCVaR-ProjectedPathLLBI-exp-RootCuts,FPP-Branch-Benders-ProjectedCoverageLLBI-exp-RootCuts,FPP-Branch-Benders-ProjectedPathLLBI-exp-RootCuts,0.07,0.06686726847,1154.506871,2.776181492,0.0465438,0.902,0.9
coverage_exp_vs_path_exp,new20x20,shortest_path,MeanCVaR,0.03,100,case02,FPP-Branch-Benders-MeanCVaR-ProjectedCoverageLLBI-exp-RootCuts,FPP-Branch-Benders-MeanCVaR-ProjectedPathLLBI-exp-RootCuts,FPP-Branch-Benders-ProjectedCoverageLLBI-exp-RootCuts,FPP-Branch-Benders-ProjectedPathLLBI-exp-RootCuts,0,0,1241.07136,10.17891725,3.41e-06,0,0
coverage_exp_vs_path_exp,new20x20,shortest_path,MeanCVaR,0.03,100,case03,FPP-Branch-Benders-MeanCVaR-ProjectedCoverageLLBI-exp-RootCuts,FPP-Branch-Benders-MeanCVaR-ProjectedPathLLBI-exp-RootCuts,FPP-Branch-Benders-ProjectedCoverageLLBI-exp-RootCuts,FPP-Branch-Benders-ProjectedPathLLBI-exp-RootCuts,0,0,613.7554245,1.511761838,0.04292689,0,0
coverage_exp_vs_path_exp,new20x20,shortest_path,MeanCVaR,0.03,100,case04,FPP-Branch-Benders-MeanCVaR-ProjectedCoverageLLBI-exp-RootCuts,FPP-Branch-Benders-MeanCVaR-ProjectedPathLLBI-exp-RootCuts,FPP-Branch-Benders-ProjectedCoverageLLBI-exp-RootCuts,FPP-Branch-Benders-ProjectedPathLLBI-exp-RootCuts,0.175,0.1642113165,5.98168708,1.003314859,0.02673107,1.035,3.99
coverage_exp_vs_path_exp,new20x20,shortest_path,MeanCVaR,0.03,200,case00,FPP-Branch-Benders-MeanCVaR-ProjectedCoverageLLBI-exp-RootCuts,FPP-Branch-Benders-MeanCVaR-ProjectedPathLLBI-exp-RootCuts,FPP-Branch-Benders-ProjectedCoverageLLBI-exp-RootCuts,FPP-Branch-Benders-ProjectedPathLLBI-exp-RootCuts,0,0,6.19031954,1.003433801,0.02500703,0,0
coverage_exp_vs_path_exp,new20x20,shortest_path,MeanCVaR,0.03,200,case01,FPP-Branch-Benders-MeanCVaR-ProjectedCoverageLLBI-exp-RootCuts,FPP-Branch-Benders-MeanCVaR-ProjectedPathLLBI-exp-RootCuts,FPP-Branch-Benders-ProjectedCoverageLLBI-exp-RootCuts,FPP-Branch-Benders-ProjectedPathLLBI-exp-RootCuts,-0.3775,-0.3440497619,3.47007794,1.001921166,0.01449702,2.915,-2.45
coverage_exp_vs_path_exp,new20x20,shortest_path,MeanCVaR,0.03,200,case02,FPP-Branch-Benders-MeanCVaR-ProjectedCoverageLLBI-exp-RootCuts,FPP-Branch-Benders-MeanCVaR-ProjectedPathLLBI-exp-RootCuts,FPP-Branch-Benders-ProjectedCoverageLLBI-exp-RootCuts,FPP-Branch-Benders-ProjectedPathLLBI-exp-RootCuts,2.2125,2.12904157,251.6234591,1.161490434,0.06624546,0.856,5.35
coverage_exp_vs_path_exp,new20x20,shortest_path,MeanCVaR,0.03,200,case03,FPP-Branch-Benders-MeanCVaR-ProjectedCoverageLLBI-exp-RootCuts,FPP-Branch-Benders-MeanCVaR-ProjectedPathLLBI-exp-RootCuts,FPP-Branch-Benders-ProjectedCoverageLLBI-exp-RootCuts,FPP-Branch-Benders-ProjectedPathLLBI-exp-RootCuts,0,0,3.18988535,1.001766023,0.02242698,0,0
coverage_exp_vs_path_exp,new20x20,shortest_path,MeanCVaR,0.03,200,case04,FPP-Branch-Benders-MeanCVaR-ProjectedCoverageLLBI-exp-RootCuts,FPP-Branch-Benders-MeanCVaR-ProjectedPathLLBI-exp-RootCuts,FPP-Branch-Benders-ProjectedCoverageLLBI-exp-RootCuts,FPP-Branch-Benders-ProjectedPathLLBI-exp-RootCuts,2.07,1.945580149,11.28259704,1.006238044,0.0321081,2.116,6.58
coverage_exp_vs_path_exp,new20x20,shortest_path,MeanCVaR,0.03,400,case00,FPP-Branch-Benders-MeanCVaR-ProjectedCoverageLLBI-exp-RootCuts,FPP-Branch-Benders-MeanCVaR-ProjectedPathLLBI-exp-RootCuts,FPP-Branch-Benders-ProjectedCoverageLLBI-exp-RootCuts,FPP-Branch-Benders-ProjectedPathLLBI-exp-RootCuts,1.805,1.655090205,16.51908283,1.009158119,0.02587072,-4.961,5.42
coverage_exp_vs_path_exp,new20x20,shortest_path,MeanCVaR,0.03,400,case01,FPP-Branch-Benders-MeanCVaR-ProjectedCoverageLLBI-exp-RootCuts,FPP-Branch-Benders-MeanCVaR-ProjectedPathLLBI-exp-RootCuts,FPP-Branch-Benders-ProjectedCoverageLLBI-exp-RootCuts,FPP-Branch-Benders-ProjectedPathLLBI-exp-RootCuts,0.98375,0.8956514812,50.19713333,1.027823957,0.03032472,3.514,-1.87
coverage_exp_vs_path_exp,new20x20,shortest_path,MeanCVaR,0.03,400,case02,FPP-Branch-Benders-MeanCVaR-ProjectedCoverageLLBI-exp-RootCuts,FPP-Branch-Benders-MeanCVaR-ProjectedPathLLBI-exp-RootCuts,FPP-Branch-Benders-ProjectedCoverageLLBI-exp-RootCuts,FPP-Branch-Benders-ProjectedPathLLBI-exp-RootCuts,0.87125,0.7814689823,25.38207228,1.014018348,0.02160076,2.953,-0.89
coverage_exp_vs_path_exp,new20x20,shortest_path,MeanCVaR,0.03,400,case03,FPP-Branch-Benders-MeanCVaR-ProjectedCoverageLLBI-exp-RootCuts,FPP-Branch-Benders-MeanCVaR-ProjectedPathLLBI-exp-RootCuts,FPP-Branch-Benders-ProjectedCoverageLLBI-exp-RootCuts,FPP-Branch-Benders-ProjectedPathLLBI-exp-RootCuts,-0.08125,-0.07482961871,23.09534919,1.012803923,-0.00048176,0.077,-0.29
coverage_exp_vs_path_exp,new20x20,shortest_path,MeanCVaR,0.03,400,case04,FPP-Branch-Benders-MeanCVaR-ProjectedCoverageLLBI-exp-RootCuts,FPP-Branch-Benders-MeanCVaR-ProjectedPathLLBI-exp-RootCuts,FPP-Branch-Benders-ProjectedCoverageLLBI-exp-RootCuts,FPP-Branch-Benders-ProjectedPathLLBI-exp-RootCuts,0.3625,0.3260625141,17.60039795,1.00972911,0.01809639,2.339,-1.76
coverage_exp_vs_path_exp,new20x20_reburn,reburn,CVaR,0.01,100,case00,FPP-Branch-Benders-CVaR-ProjectedCoverageLLBI-exp-RootCuts,FPP-Branch-Benders-CVaR-ProjectedPathLLBI-exp-RootCuts,FPP-Branch-Benders-ProjectedCoverageLLBI-exp-RootCuts,FPP-Branch-Benders-ProjectedPathLLBI-exp-RootCuts,0,0,76.62270103,1.042436774,0.00460347,0.134,0.01
coverage_exp_vs_path_exp,new20x20_reburn,reburn,CVaR,0.01,100,case01,FPP-Branch-Benders-CVaR-ProjectedCoverageLLBI-exp-RootCuts,FPP-Branch-Benders-CVaR-ProjectedPathLLBI-exp-RootCuts,FPP-Branch-Benders-ProjectedCoverageLLBI-exp-RootCuts,FPP-Branch-Benders-ProjectedPathLLBI-exp-RootCuts,0,0,73.11915368,1.04040066,0.01094263,-0.067,0.01
coverage_exp_vs_path_exp,new20x20_reburn,reburn,CVaR,0.01,100,case02,FPP-Branch-Benders-CVaR-ProjectedCoverageLLBI-exp-RootCuts,FPP-Branch-Benders-CVaR-ProjectedPathLLBI-exp-RootCuts,FPP-Branch-Benders-ProjectedCoverageLLBI-exp-RootCuts,FPP-Branch-Benders-ProjectedPathLLBI-exp-RootCuts,0,0,77.72548077,1.042990811,0.03570354,-0.003,0.02
coverage_exp_vs_path_exp,new20x20_reburn,reburn,CVaR,0.01,100,case03,FPP-Branch-Benders-CVaR-ProjectedCoverageLLBI-exp-RootCuts,FPP-Branch-Benders-CVaR-ProjectedPathLLBI-exp-RootCuts,FPP-Branch-Benders-ProjectedCoverageLLBI-exp-RootCuts,FPP-Branch-Benders-ProjectedPathLLBI-exp-RootCuts,0,0,55.68218003,1.030673833,0.02137315,0.176,0
coverage_exp_vs_path_exp,new20x20_reburn,reburn,CVaR,0.01,100,case04,FPP-Branch-Benders-CVaR-ProjectedCoverageLLBI-exp-RootCuts,FPP-Branch-Benders-CVaR-ProjectedPathLLBI-exp-RootCuts,FPP-Branch-Benders-ProjectedCoverageLLBI-exp-RootCuts,FPP-Branch-Benders-ProjectedPathLLBI-exp-RootCuts,0,0,75.99250487,1.041946895,0.01882469,0.046,0.03
coverage_exp_vs_path_exp,new20x20_reburn,reburn,CVaR,0.01,200,case00,FPP-Branch-Benders-CVaR-ProjectedCoverageLLBI-exp-RootCuts,FPP-Branch-Benders-CVaR-ProjectedPathLLBI-exp-RootCuts,FPP-Branch-Benders-ProjectedCoverageLLBI-exp-RootCuts,FPP-Branch-Benders-ProjectedPathLLBI-exp-RootCuts,0,0,224.7325253,1.123714816,0.09730839,-0.043,-0.04
coverage_exp_vs_path_exp,new20x20_reburn,reburn,CVaR,0.01,200,case01,FPP-Branch-Benders-CVaR-ProjectedCoverageLLBI-exp-RootCuts,FPP-Branch-Benders-CVaR-ProjectedPathLLBI-exp-RootCuts,FPP-Branch-Benders-ProjectedCoverageLLBI-exp-RootCuts,FPP-Branch-Benders-ProjectedPathLLBI-exp-RootCuts,0,0,182.0107573,1.100285192,0.04322018,-0.011,0.06
coverage_exp_vs_path_exp,new20x20_reburn,reburn,CVaR,0.01,200,case02,FPP-Branch-Benders-CVaR-ProjectedCoverageLLBI-exp-RootCuts,FPP-Branch-Benders-CVaR-ProjectedPathLLBI-exp-RootCuts,FPP-Branch-Benders-ProjectedCoverageLLBI-exp-RootCuts,FPP-Branch-Benders-ProjectedPathLLBI-exp-RootCuts,0,0,234.7638001,1.129292692,0.04299191,-0.139,0.03
coverage_exp_vs_path_exp,new20x20_reburn,reburn,CVaR,0.01,200,case03,FPP-Branch-Benders-CVaR-ProjectedCoverageLLBI-exp-RootCuts,FPP-Branch-Benders-CVaR-ProjectedPathLLBI-exp-RootCuts,FPP-Branch-Benders-ProjectedCoverageLLBI-exp-RootCuts,FPP-Branch-Benders-ProjectedPathLLBI-exp-RootCuts,0,0,230.3000458,1.126803317,0.03229109,-0.075,-0.03
coverage_exp_vs_path_exp,new20x20_reburn,reburn,CVaR,0.01,200,case04,FPP-Branch-Benders-CVaR-ProjectedCoverageLLBI-exp-RootCuts,FPP-Branch-Benders-CVaR-ProjectedPathLLBI-exp-RootCuts,FPP-Branch-Benders-ProjectedCoverageLLBI-exp-RootCuts,FPP-Branch-Benders-ProjectedPathLLBI-exp-RootCuts,0,0,210.2683974,1.115579967,0.02803212,-0.197,-0.01
coverage_exp_vs_path_exp,new20x20_reburn,reburn,CVaR,0.02,100,case00,FPP-Branch-Benders-CVaR-ProjectedCoverageLLBI-exp-RootCuts,FPP-Branch-Benders-CVaR-ProjectedPathLLBI-exp-RootCuts,FPP-Branch-Benders-ProjectedCoverageLLBI-exp-RootCuts,FPP-Branch-Benders-ProjectedPathLLBI-exp-RootCuts,0,0,84.35993669,1.046617688,0.05017021,-0.337,0
coverage_exp_vs_path_exp,new20x20_reburn,reburn,CVaR,0.02,100,case01,FPP-Branch-Benders-CVaR-ProjectedCoverageLLBI-exp-RootCuts,FPP-Branch-Benders-CVaR-ProjectedPathLLBI-exp-RootCuts,FPP-Branch-Benders-ProjectedCoverageLLBI-exp-RootCuts,FPP-Branch-Benders-ProjectedPathLLBI-exp-RootCuts,0,0,121.0423011,1.066842137,0.05451292,0.215,0.04
coverage_exp_vs_path_exp,new20x20_reburn,reburn,CVaR,0.02,100,case02,FPP-Branch-Benders-CVaR-ProjectedCoverageLLBI-exp-RootCuts,FPP-Branch-Benders-CVaR-ProjectedPathLLBI-exp-RootCuts,FPP-Branch-Benders-ProjectedCoverageLLBI-exp-RootCuts,FPP-Branch-Benders-ProjectedPathLLBI-exp-RootCuts,0,0,67.31537365,1.037200177,0.03992028,-0.447,-0.01
coverage_exp_vs_path_exp,new20x20_reburn,reburn,CVaR,0.02,100,case03,FPP-Branch-Benders-CVaR-ProjectedCoverageLLBI-exp-RootCuts,FPP-Branch-Benders-CVaR-ProjectedPathLLBI-exp-RootCuts,FPP-Branch-Benders-ProjectedCoverageLLBI-exp-RootCuts,FPP-Branch-Benders-ProjectedPathLLBI-exp-RootCuts,0,0,50.33112565,1.027631758,0.03617519,-0.869,-0.01
coverage_exp_vs_path_exp,new20x20_reburn,reburn,CVaR,0.02,100,case04,FPP-Branch-Benders-CVaR-ProjectedCoverageLLBI-exp-RootCuts,FPP-Branch-Benders-CVaR-ProjectedPathLLBI-exp-RootCuts,FPP-Branch-Benders-ProjectedCoverageLLBI-exp-RootCuts,FPP-Branch-Benders-ProjectedPathLLBI-exp-RootCuts,0,0,158.374576,1.087416522,0.05462744,0.136,-0.05
coverage_exp_vs_path_exp,new20x20_reburn,reburn,CVaR,0.02,200,case00,FPP-Branch-Benders-CVaR-ProjectedCoverageLLBI-exp-RootCuts,FPP-Branch-Benders-CVaR-ProjectedPathLLBI-exp-RootCuts,FPP-Branch-Benders-ProjectedCoverageLLBI-exp-RootCuts,FPP-Branch-Benders-ProjectedPathLLBI-exp-RootCuts,0.05,0.01275510204,244.2475761,1.135043332,0.07548892,-0.401,-0.02
coverage_exp_vs_path_exp,new20x20_reburn,reburn,CVaR,0.02,200,case01,FPP-Branch-Benders-CVaR-ProjectedCoverageLLBI-exp-RootCuts,FPP-Branch-Benders-CVaR-ProjectedPathLLBI-exp-RootCuts,FPP-Branch-Benders-ProjectedCoverageLLBI-exp-RootCuts,FPP-Branch-Benders-ProjectedPathLLBI-exp-RootCuts,0,0,242.0915252,1.133150672,0.07092956,-0.288,0.06
coverage_exp_vs_path_exp,new20x20_reburn,reburn,CVaR,0.02,200,case02,FPP-Branch-Benders-CVaR-ProjectedCoverageLLBI-exp-RootCuts,FPP-Branch-Benders-CVaR-ProjectedPathLLBI-exp-RootCuts,FPP-Branch-Benders-ProjectedCoverageLLBI-exp-RootCuts,FPP-Branch-Benders-ProjectedPathLLBI-exp-RootCuts,0,0,224.2130614,1.123990698,0.083651,0.228,0
coverage_exp_vs_path_exp,new20x20_reburn,reburn,CVaR,0.02,200,case03,FPP-Branch-Benders-CVaR-ProjectedCoverageLLBI-exp-RootCuts,FPP-Branch-Benders-CVaR-ProjectedPathLLBI-exp-RootCuts,FPP-Branch-Benders-ProjectedCoverageLLBI-exp-RootCuts,FPP-Branch-Benders-ProjectedPathLLBI-exp-RootCuts,0,0,190.0979868,1.104847448,0.06949159,-0.296,0.02
coverage_exp_vs_path_exp,new20x20_reburn,reburn,CVaR,0.03,100,case00,FPP-Branch-Benders-CVaR-ProjectedCoverageLLBI-exp-RootCuts,FPP-Branch-Benders-CVaR-ProjectedPathLLBI-exp-RootCuts,FPP-Branch-Benders-ProjectedCoverageLLBI-exp-RootCuts,FPP-Branch-Benders-ProjectedPathLLBI-exp-RootCuts,-0.1,-0.02576655501,82.73577428,1.045816392,0.00123566,-0.401,0.1
coverage_exp_vs_path_exp,new20x20_reburn,reburn,CVaR,0.03,100,case01,FPP-Branch-Benders-CVaR-ProjectedCoverageLLBI-exp-RootCuts,FPP-Branch-Benders-CVaR-ProjectedPathLLBI-exp-RootCuts,FPP-Branch-Benders-ProjectedCoverageLLBI-exp-RootCuts,FPP-Branch-Benders-ProjectedPathLLBI-exp-RootCuts,0,0,127.4251346,1.070467733,0.04570778,-0.742,0.05
coverage_exp_vs_path_exp,new20x20_reburn,reburn,CVaR,0.03,100,case02,FPP-Branch-Benders-CVaR-ProjectedCoverageLLBI-exp-RootCuts,FPP-Branch-Benders-CVaR-ProjectedPathLLBI-exp-RootCuts,FPP-Branch-Benders-ProjectedCoverageLLBI-exp-RootCuts,FPP-Branch-Benders-ProjectedPathLLBI-exp-RootCuts,0,0,104.19203,1.057689981,0.03689332,-0.249,-0.05
coverage_exp_vs_path_exp,new20x20_reburn,reburn,CVaR,0.03,100,case03,FPP-Branch-Benders-CVaR-ProjectedCoverageLLBI-exp-RootCuts,FPP-Branch-Benders-CVaR-ProjectedPathLLBI-exp-RootCuts,FPP-Branch-Benders-ProjectedCoverageLLBI-exp-RootCuts,FPP-Branch-Benders-ProjectedPathLLBI-exp-RootCuts,0,0,82.38335813,1.045406417,0.02772053,-0.41,-0.01
coverage_exp_vs_path_exp,new20x20_reburn,reburn,CVaR,0.03,100,case04,FPP-Branch-Benders-CVaR-ProjectedCoverageLLBI-exp-RootCuts,FPP-Branch-Benders-CVaR-ProjectedPathLLBI-exp-RootCuts,FPP-Branch-Benders-ProjectedCoverageLLBI-exp-RootCuts,FPP-Branch-Benders-ProjectedPathLLBI-exp-RootCuts,0,0,113.9540433,1.06297939,0.04348307,-0.246,-0.02
coverage_exp_vs_path_exp,new20x20_reburn,reburn,Expected,0.01,100,case00,FPP-Branch-Benders-ProjectedCoverageLLBI-exp-RootCuts,FPP-Branch-Benders-ProjectedPathLLBI-exp-RootCuts,FPP-Branch-Benders-ProjectedCoverageLLBI-exp-RootCuts,FPP-Branch-Benders-ProjectedPathLLBI-exp-RootCuts,0.01,0.003760105283,46.88066119,1.025954724,0.02202764,0.208,-0.02
coverage_exp_vs_path_exp,new20x20_reburn,reburn,Expected,0.01,100,case01,FPP-Branch-Benders-ProjectedCoverageLLBI-exp-RootCuts,FPP-Branch-Benders-ProjectedPathLLBI-exp-RootCuts,FPP-Branch-Benders-ProjectedCoverageLLBI-exp-RootCuts,FPP-Branch-Benders-ProjectedPathLLBI-exp-RootCuts,-1.11,-0.4383886256,48.75061442,1.027008958,0.03815485,-0.426,-0.06
coverage_exp_vs_path_exp,new20x20_reburn,reburn,Expected,0.01,100,case02,FPP-Branch-Benders-ProjectedCoverageLLBI-exp-RootCuts,FPP-Branch-Benders-ProjectedPathLLBI-exp-RootCuts,FPP-Branch-Benders-ProjectedCoverageLLBI-exp-RootCuts,FPP-Branch-Benders-ProjectedPathLLBI-exp-RootCuts,-0.45,-0.1853148293,109.0449134,1.060378261,0.02850549,-0.637,0.01
coverage_exp_vs_path_exp,new20x20_reburn,reburn,Expected,0.01,100,case03,FPP-Branch-Benders-ProjectedCoverageLLBI-exp-RootCuts,FPP-Branch-Benders-ProjectedPathLLBI-exp-RootCuts,FPP-Branch-Benders-ProjectedCoverageLLBI-exp-RootCuts,FPP-Branch-Benders-ProjectedPathLLBI-exp-RootCuts,0.24,0.08949546929,47.46203752,1.026296543,0.0240609,0.423,-0.02
coverage_exp_vs_path_exp,new20x20_reburn,reburn,Expected,0.01,100,case04,FPP-Branch-Benders-ProjectedCoverageLLBI-exp-RootCuts,FPP-Branch-Benders-ProjectedPathLLBI-exp-RootCuts,FPP-Branch-Benders-ProjectedCoverageLLBI-exp-RootCuts,FPP-Branch-Benders-ProjectedPathLLBI-exp-RootCuts,0.11,0.04473545081,53.43202254,1.029490457,0.04366471,0.072,-0.05
coverage_exp_vs_path_exp,new20x20_reburn,reburn,Expected,0.01,200,case00,FPP-Branch-Benders-ProjectedCoverageLLBI-exp-RootCuts,FPP-Branch-Benders-ProjectedPathLLBI-exp-RootCuts,FPP-Branch-Benders-ProjectedCoverageLLBI-exp-RootCuts,FPP-Branch-Benders-ProjectedPathLLBI-exp-RootCuts,0.185,0.07167625579,227.3766065,1.125748731,0.07633685,0.473,0
coverage_exp_vs_path_exp,new20x20_reburn,reburn,Expected,0.01,200,case01,FPP-Branch-Benders-ProjectedCoverageLLBI-exp-RootCuts,FPP-Branch-Benders-ProjectedPathLLBI-exp-RootCuts,FPP-Branch-Benders-ProjectedCoverageLLBI-exp-RootCuts,FPP-Branch-Benders-ProjectedPathLLBI-exp-RootCuts,0.53,0.2080838617,259.7797555,1.14278112,0.10493713,0.066,0
coverage_exp_vs_path_exp,new20x20_reburn,reburn,Expected,0.01,200,case02,FPP-Branch-Benders-ProjectedCoverageLLBI-exp-RootCuts,FPP-Branch-Benders-ProjectedPathLLBI-exp-RootCuts,FPP-Branch-Benders-ProjectedCoverageLLBI-exp-RootCuts,FPP-Branch-Benders-ProjectedPathLLBI-exp-RootCuts,-0.145,-0.05401881345,206.439549,1.113949051,0.05529541,-0.079,0.04
coverage_exp_vs_path_exp,new20x20_reburn,reburn,Expected,0.01,200,case03,FPP-Branch-Benders-ProjectedCoverageLLBI-exp-RootCuts,FPP-Branch-Benders-ProjectedPathLLBI-exp-RootCuts,FPP-Branch-Benders-ProjectedCoverageLLBI-exp-RootCuts,FPP-Branch-Benders-ProjectedPathLLBI-exp-RootCuts,-0.23,-0.08508749214,239.0024682,1.131569982,0.05932749,-0.09,-0.01
coverage_exp_vs_path_exp,new20x20_reburn,reburn,Expected,0.01,200,case04,FPP-Branch-Benders-ProjectedCoverageLLBI-exp-RootCuts,FPP-Branch-Benders-ProjectedPathLLBI-exp-RootCuts,FPP-Branch-Benders-ProjectedCoverageLLBI-exp-RootCuts,FPP-Branch-Benders-ProjectedPathLLBI-exp-RootCuts,0.07,0.02787289958,181.7744267,1.100517024,0.03933462,-0.155,0.01
coverage_exp_vs_path_exp,new20x20_reburn,reburn,Expected,0.01,400,case00,FPP-Branch-Benders-ProjectedCoverageLLBI-exp-RootCuts,FPP-Branch-Benders-ProjectedPathLLBI-exp-RootCuts,FPP-Branch-Benders-ProjectedCoverageLLBI-exp-RootCuts,FPP-Branch-Benders-ProjectedPathLLBI-exp-RootCuts,0.59,0.2354161679,566.2768776,1.312794869,0.06326397,-0.031,0.02
coverage_exp_vs_path_exp,new20x20_reburn,reburn,Expected,0.01,400,case01,FPP-Branch-Benders-ProjectedCoverageLLBI-exp-RootCuts,FPP-Branch-Benders-ProjectedPathLLBI-exp-RootCuts,FPP-Branch-Benders-ProjectedCoverageLLBI-exp-RootCuts,FPP-Branch-Benders-ProjectedPathLLBI-exp-RootCuts,0.0825,0.03314451006,400.7627177,1.220712796,0.04216189,0.037,-0.02
coverage_exp_vs_path_exp,new20x20_reburn,reburn,Expected,0.01,400,case02,FPP-Branch-Benders-ProjectedCoverageLLBI-exp-RootCuts,FPP-Branch-Benders-ProjectedPathLLBI-exp-RootCuts,FPP-Branch-Benders-ProjectedCoverageLLBI-exp-RootCuts,FPP-Branch-Benders-ProjectedPathLLBI-exp-RootCuts,-0.225,-0.08840430234,353.0611109,1.193883814,0.03709721,-0.089,0.01
coverage_exp_vs_path_exp,new20x20_reburn,reburn,Expected,0.02,100,case00,FPP-Branch-Benders-ProjectedCoverageLLBI-exp-RootCuts,FPP-Branch-Benders-ProjectedPathLLBI-exp-RootCuts,FPP-Branch-Benders-ProjectedCoverageLLBI-exp-RootCuts,FPP-Branch-Benders-ProjectedPathLLBI-exp-RootCuts,-0.26,-0.09884052462,142.5889139,1.078944311,0.01314994,0.427,-0.02
coverage_exp_vs_path_exp,new20x20_reburn,reburn,Expected,0.02,100,case01,FPP-Branch-Benders-ProjectedCoverageLLBI-exp-RootCuts,FPP-Branch-Benders-ProjectedPathLLBI-exp-RootCuts,FPP-Branch-Benders-ProjectedCoverageLLBI-exp-RootCuts,FPP-Branch-Benders-ProjectedPathLLBI-exp-RootCuts,0.04,0.0160115283,99.05695165,1.054881737,0.06612493,0.085,0.05
coverage_exp_vs_path_exp,new20x20_reburn,reburn,Expected,0.02,100,case02,FPP-Branch-Benders-ProjectedCoverageLLBI-exp-RootCuts,FPP-Branch-Benders-ProjectedPathLLBI-exp-RootCuts,FPP-Branch-Benders-ProjectedCoverageLLBI-exp-RootCuts,FPP-Branch-Benders-ProjectedPathLLBI-exp-RootCuts,-0.17,-0.07087763185,100.3046182,1.055582895,0.04541923,-0.152,-0.03
coverage_exp_vs_path_exp,new20x20_reburn,reburn,Expected,0.02,100,case03,FPP-Branch-Benders-ProjectedCoverageLLBI-exp-RootCuts,FPP-Branch-Benders-ProjectedPathLLBI-exp-RootCuts,FPP-Branch-Benders-ProjectedCoverageLLBI-exp-RootCuts,FPP-Branch-Benders-ProjectedPathLLBI-exp-RootCuts,-0.38,-0.1430615165,49.43071463,1.02736989,0.02830223,-0.639,0.04
coverage_exp_vs_path_exp,new20x20_reburn,reburn,Expected,0.02,100,case04,FPP-Branch-Benders-ProjectedCoverageLLBI-exp-RootCuts,FPP-Branch-Benders-ProjectedPathLLBI-exp-RootCuts,FPP-Branch-Benders-ProjectedCoverageLLBI-exp-RootCuts,FPP-Branch-Benders-ProjectedPathLLBI-exp-RootCuts,-0.43,-0.1765623717,72.10673602,1.039761754,0.06068791,-0.432,0.07
coverage_exp_vs_path_exp,new20x20_reburn,reburn,Expected,0.02,200,case00,FPP-Branch-Benders-ProjectedCoverageLLBI-exp-RootCuts,FPP-Branch-Benders-ProjectedPathLLBI-exp-RootCuts,FPP-Branch-Benders-ProjectedCoverageLLBI-exp-RootCuts,FPP-Branch-Benders-ProjectedPathLLBI-exp-RootCuts,-0.275,-0.1076658053,162.3271263,1.089261422,0.0948427,-0.097,-0.01
coverage_exp_vs_path_exp,new20x20_reburn,reburn,Expected,0.02,200,case01,FPP-Branch-Benders-ProjectedCoverageLLBI-exp-RootCuts,FPP-Branch-Benders-ProjectedPathLLBI-exp-RootCuts,FPP-Branch-Benders-ProjectedCoverageLLBI-exp-RootCuts,FPP-Branch-Benders-ProjectedPathLLBI-exp-RootCuts,0.135,0.05352894528,187.9673147,1.1038186,0.0783882,0.138,-0.05
coverage_exp_vs_path_exp,new20x20_reburn,reburn,Expected,0.02,200,case02,FPP-Branch-Benders-ProjectedCoverageLLBI-exp-RootCuts,FPP-Branch-Benders-ProjectedPathLLBI-exp-RootCuts,FPP-Branch-Benders-ProjectedCoverageLLBI-exp-RootCuts,FPP-Branch-Benders-ProjectedPathLLBI-exp-RootCuts,0.365,0.1376890867,195.3510967,1.107641149,0.09635198,0.5,-0.04
coverage_exp_vs_path_exp,new20x20_reburn,reburn,Expected,0.02,200,case03,FPP-Branch-Benders-ProjectedCoverageLLBI-exp-RootCuts,FPP-Branch-Benders-ProjectedPathLLBI-exp-RootCuts,FPP-Branch-Benders-ProjectedCoverageLLBI-exp-RootCuts,FPP-Branch-Benders-ProjectedPathLLBI-exp-RootCuts,0.455,0.1705748936,228.8406182,1.125923888,0.0743796,0.091,-0.03
coverage_exp_vs_path_exp,new20x20_reburn,reburn,Expected,0.02,200,case04,FPP-Branch-Benders-ProjectedCoverageLLBI-exp-RootCuts,FPP-Branch-Benders-ProjectedPathLLBI-exp-RootCuts,FPP-Branch-Benders-ProjectedCoverageLLBI-exp-RootCuts,FPP-Branch-Benders-ProjectedPathLLBI-exp-RootCuts,0.24,0.09662030234,221.4099912,1.121888967,0.12621955,0.53,-0.06
coverage_exp_vs_path_exp,new20x20_reburn,reburn,Expected,0.03,100,case00,FPP-Branch-Benders-ProjectedCoverageLLBI-exp-RootCuts,FPP-Branch-Benders-ProjectedPathLLBI-exp-RootCuts,FPP-Branch-Benders-ProjectedCoverageLLBI-exp-RootCuts,FPP-Branch-Benders-ProjectedPathLLBI-exp-RootCuts,0.05,0.01923002961,118.0966945,1.064962915,0.05519281,-0.494,-0.07
coverage_exp_vs_path_exp,new20x20_reburn,reburn,Expected,0.03,100,case01,FPP-Branch-Benders-ProjectedCoverageLLBI-exp-RootCuts,FPP-Branch-Benders-ProjectedPathLLBI-exp-RootCuts,FPP-Branch-Benders-ProjectedCoverageLLBI-exp-RootCuts,FPP-Branch-Benders-ProjectedPathLLBI-exp-RootCuts,0.65,0.2642921038,89.46217385,1.049260667,0.026278,0.153,0.08
coverage_exp_vs_path_exp,new20x20_reburn,reburn,Expected,0.03,100,case02,FPP-Branch-Benders-ProjectedCoverageLLBI-exp-RootCuts,FPP-Branch-Benders-ProjectedPathLLBI-exp-RootCuts,FPP-Branch-Benders-ProjectedCoverageLLBI-exp-RootCuts,FPP-Branch-Benders-ProjectedPathLLBI-exp-RootCuts,-0.12,-0.05066069996,117.1699828,1.06484725,0.02417739,0.285,-0.01
coverage_exp_vs_path_exp,new20x20_reburn,reburn,Expected,0.03,100,case03,FPP-Branch-Benders-ProjectedCoverageLLBI-exp-RootCuts,FPP-Branch-Benders-ProjectedPathLLBI-exp-RootCuts,FPP-Branch-Benders-ProjectedCoverageLLBI-exp-RootCuts,FPP-Branch-Benders-ProjectedPathLLBI-exp-RootCuts,-0.09,-0.03429616645,114.9667002,1.063582402,0.05937519,0.38,-0.12
coverage_exp_vs_path_exp,new20x20_reburn,reburn,Expected,0.03,100,case04,FPP-Branch-Benders-ProjectedCoverageLLBI-exp-RootCuts,FPP-Branch-Benders-ProjectedPathLLBI-exp-RootCuts,FPP-Branch-Benders-ProjectedCoverageLLBI-exp-RootCuts,FPP-Branch-Benders-ProjectedPathLLBI-exp-RootCuts,-0.34,-0.1411784246,82.14762928,1.04540292,0.01247681,-0.244,-0.03
coverage_exp_vs_path_exp,new20x20_reburn,reburn,Expected,0.03,200,case00,FPP-Branch-Benders-ProjectedCoverageLLBI-exp-RootCuts,FPP-Branch-Benders-ProjectedPathLLBI-exp-RootCuts,FPP-Branch-Benders-ProjectedCoverageLLBI-exp-RootCuts,FPP-Branch-Benders-ProjectedPathLLBI-exp-RootCuts,-0.07,-0.02771234585,228.3418986,1.125728459,0.05282774,-0.014,0.11
coverage_exp_vs_path_exp,new20x20_reburn,reburn,Expected,0.03,200,case01,FPP-Branch-Benders-ProjectedCoverageLLBI-exp-RootCuts,FPP-Branch-Benders-ProjectedPathLLBI-exp-RootCuts,FPP-Branch-Benders-ProjectedCoverageLLBI-exp-RootCuts,FPP-Branch-Benders-ProjectedPathLLBI-exp-RootCuts,0.35,0.1407402939,178.9579027,1.098533751,0.09232393,0.278,-0.07
coverage_exp_vs_path_exp,new20x20_reburn,reburn,Expected,0.03,200,case02,FPP-Branch-Benders-ProjectedCoverageLLBI-exp-RootCuts,FPP-Branch-Benders-ProjectedPathLLBI-exp-RootCuts,FPP-Branch-Benders-ProjectedCoverageLLBI-exp-RootCuts,FPP-Branch-Benders-ProjectedPathLLBI-exp-RootCuts,0.29,0.1106363498,239.2573405,1.132083285,0.07846952,0.387,-0.01
coverage_exp_vs_path_exp,new20x20_reburn,reburn,Expected,0.03,200,case03,FPP-Branch-Benders-ProjectedCoverageLLBI-exp-RootCuts,FPP-Branch-Benders-ProjectedPathLLBI-exp-RootCuts,FPP-Branch-Benders-ProjectedCoverageLLBI-exp-RootCuts,FPP-Branch-Benders-ProjectedPathLLBI-exp-RootCuts,-0.665,-0.2512135693,281.6030723,1.155260996,0.07715797,-0.731,-0.04
coverage_exp_vs_path_exp,new20x20_reburn,reburn,Expected,0.03,200,case04,FPP-Branch-Benders-ProjectedCoverageLLBI-exp-RootCuts,FPP-Branch-Benders-ProjectedPathLLBI-exp-RootCuts,FPP-Branch-Benders-ProjectedCoverageLLBI-exp-RootCuts,FPP-Branch-Benders-ProjectedPathLLBI-exp-RootCuts,0.31,0.1263192209,194.152076,1.107047461,0.0895904,-0.408,0.03
coverage_exp_vs_path_exp,new20x20_reburn,reburn,MeanCVaR,0.01,100,case00,FPP-Branch-Benders-MeanCVaR-ProjectedCoverageLLBI-exp-RootCuts,FPP-Branch-Benders-MeanCVaR-ProjectedPathLLBI-exp-RootCuts,FPP-Branch-Benders-ProjectedCoverageLLBI-exp-RootCuts,FPP-Branch-Benders-ProjectedPathLLBI-exp-RootCuts,0.055,0.01662284281,100.815938,1.055838057,0.05231918,0.073,0.06
coverage_exp_vs_path_exp,new20x20_reburn,reburn,MeanCVaR,0.01,100,case01,FPP-Branch-Benders-MeanCVaR-ProjectedCoverageLLBI-exp-RootCuts,FPP-Branch-Benders-MeanCVaR-ProjectedPathLLBI-exp-RootCuts,FPP-Branch-Benders-ProjectedCoverageLLBI-exp-RootCuts,FPP-Branch-Benders-ProjectedPathLLBI-exp-RootCuts,-0.28,-0.08623344626,94.62320827,1.052314842,0.01298968,-0.111,0.02
coverage_exp_vs_path_exp,new20x20_reburn,reburn,MeanCVaR,0.01,100,case02,FPP-Branch-Benders-MeanCVaR-ProjectedCoverageLLBI-exp-RootCuts,FPP-Branch-Benders-MeanCVaR-ProjectedPathLLBI-exp-RootCuts,FPP-Branch-Benders-ProjectedCoverageLLBI-exp-RootCuts,FPP-Branch-Benders-ProjectedPathLLBI-exp-RootCuts,-0.035,-0.01096044844,92.3537007,1.05110252,0.05529236,-0.127,-0.02
coverage_exp_vs_path_exp,new20x20_reburn,reburn,MeanCVaR,0.01,100,case03,FPP-Branch-Benders-MeanCVaR-ProjectedCoverageLLBI-exp-RootCuts,FPP-Branch-Benders-MeanCVaR-ProjectedPathLLBI-exp-RootCuts,FPP-Branch-Benders-ProjectedCoverageLLBI-exp-RootCuts,FPP-Branch-Benders-ProjectedPathLLBI-exp-RootCuts,-0.02,-0.006016847172,64.92807437,1.035833178,0.03921423,-0.091,-0.03
coverage_exp_vs_path_exp,new20x20_reburn,reburn,MeanCVaR,0.01,100,case04,FPP-Branch-Benders-MeanCVaR-ProjectedCoverageLLBI-exp-RootCuts,FPP-Branch-Benders-MeanCVaR-ProjectedPathLLBI-exp-RootCuts,FPP-Branch-Benders-ProjectedCoverageLLBI-exp-RootCuts,FPP-Branch-Benders-ProjectedPathLLBI-exp-RootCuts,-0.415,-0.1291547367,70.64290191,1.039120883,0.04919738,-0.353,0
coverage_exp_vs_path_exp,new20x20_reburn,reburn,MeanCVaR,0.01,200,case00,FPP-Branch-Benders-MeanCVaR-ProjectedCoverageLLBI-exp-RootCuts,FPP-Branch-Benders-MeanCVaR-ProjectedPathLLBI-exp-RootCuts,FPP-Branch-Benders-ProjectedCoverageLLBI-exp-RootCuts,FPP-Branch-Benders-ProjectedPathLLBI-exp-RootCuts,-0.2025,-0.06188118812,237.8999623,1.131172878,0.08300252,-0.261,-0.05
coverage_exp_vs_path_exp,new20x20_reburn,reburn,MeanCVaR,0.01,200,case01,FPP-Branch-Benders-MeanCVaR-ProjectedCoverageLLBI-exp-RootCuts,FPP-Branch-Benders-MeanCVaR-ProjectedPathLLBI-exp-RootCuts,FPP-Branch-Benders-ProjectedCoverageLLBI-exp-RootCuts,FPP-Branch-Benders-ProjectedPathLLBI-exp-RootCuts,-0.1325,-0.04066412963,146.8044654,1.08112646,0.020182,-0.023,-0.01
coverage_exp_vs_path_exp,new20x20_reburn,reburn,MeanCVaR,0.01,200,case02,FPP-Branch-Benders-MeanCVaR-ProjectedCoverageLLBI-exp-RootCuts,FPP-Branch-Benders-MeanCVaR-ProjectedPathLLBI-exp-RootCuts,FPP-Branch-Benders-ProjectedCoverageLLBI-exp-RootCuts,FPP-Branch-Benders-ProjectedPathLLBI-exp-RootCuts,0.1,0.03010778587,242.45439,1.133862987,0.04573426,0.011,-0.01
coverage_exp_vs_path_exp,new20x20_reburn,reburn,MeanCVaR,0.01,200,case03,FPP-Branch-Benders-MeanCVaR-ProjectedCoverageLLBI-exp-RootCuts,FPP-Branch-Benders-MeanCVaR-ProjectedPathLLBI-exp-RootCuts,FPP-Branch-Benders-ProjectedCoverageLLBI-exp-RootCuts,FPP-Branch-Benders-ProjectedPathLLBI-exp-RootCuts,-0.0725,-0.02175364374,207.1879474,1.114426824,0.04664547,-0.137,-0.05
coverage_exp_vs_path_exp,new20x20_reburn,reburn,MeanCVaR,0.01,200,case04,FPP-Branch-Benders-MeanCVaR-ProjectedCoverageLLBI-exp-RootCuts,FPP-Branch-Benders-MeanCVaR-ProjectedPathLLBI-exp-RootCuts,FPP-Branch-Benders-ProjectedCoverageLLBI-exp-RootCuts,FPP-Branch-Benders-ProjectedPathLLBI-exp-RootCuts,-0.0775,-0.02394284611,137.5872716,1.076056877,0.08317365,-0.188,0
coverage_exp_vs_path_exp,new20x20_reburn,reburn,MeanCVaR,0.02,100,case00,FPP-Branch-Benders-MeanCVaR-ProjectedCoverageLLBI-exp-RootCuts,FPP-Branch-Benders-MeanCVaR-ProjectedPathLLBI-exp-RootCuts,FPP-Branch-Benders-ProjectedCoverageLLBI-exp-RootCuts,FPP-Branch-Benders-ProjectedPathLLBI-exp-RootCuts,-0.22,-0.06716429302,74.86956013,1.041435074,0.07691104,0.003,0
coverage_exp_vs_path_exp,new20x20_reburn,reburn,MeanCVaR,0.02,100,case01,FPP-Branch-Benders-MeanCVaR-ProjectedCoverageLLBI-exp-RootCuts,FPP-Branch-Benders-MeanCVaR-ProjectedPathLLBI-exp-RootCuts,FPP-Branch-Benders-ProjectedCoverageLLBI-exp-RootCuts,FPP-Branch-Benders-ProjectedPathLLBI-exp-RootCuts,-0.72,-0.2241594022,78.43996901,1.04340761,0.04108696,-0.466,0.05
coverage_exp_vs_path_exp,new20x20_reburn,reburn,MeanCVaR,0.02,100,case02,FPP-Branch-Benders-MeanCVaR-ProjectedCoverageLLBI-exp-RootCuts,FPP-Branch-Benders-MeanCVaR-ProjectedPathLLBI-exp-RootCuts,FPP-Branch-Benders-ProjectedCoverageLLBI-exp-RootCuts,FPP-Branch-Benders-ProjectedPathLLBI-exp-RootCuts,-0.115,-0.03639413263,64.41499692,1.035665538,0.04223537,0.329,0.02
coverage_exp_vs_path_exp,new20x20_reburn,reburn,MeanCVaR,0.02,100,case03,FPP-Branch-Benders-MeanCVaR-ProjectedCoverageLLBI-exp-RootCuts,FPP-Branch-Benders-MeanCVaR-ProjectedPathLLBI-exp-RootCuts,FPP-Branch-Benders-ProjectedCoverageLLBI-exp-RootCuts,FPP-Branch-Benders-ProjectedPathLLBI-exp-RootCuts,-0.145,-0.04408299764,56.94246714,1.031515882,0.06393559,-0.788,0.08
coverage_exp_vs_path_exp,new20x20_reburn,reburn,MeanCVaR,0.02,100,case04,FPP-Branch-Benders-MeanCVaR-ProjectedCoverageLLBI-exp-RootCuts,FPP-Branch-Benders-MeanCVaR-ProjectedPathLLBI-exp-RootCuts,FPP-Branch-Benders-ProjectedCoverageLLBI-exp-RootCuts,FPP-Branch-Benders-ProjectedPathLLBI-exp-RootCuts,-0.165,-0.05190229786,165.6968604,1.091438535,0.07297402,-0.184,0.02
coverage_exp_vs_path_exp,new20x20_reburn,reburn,MeanCVaR,0.02,200,case00,FPP-Branch-Benders-MeanCVaR-ProjectedCoverageLLBI-exp-RootCuts,FPP-Branch-Benders-MeanCVaR-ProjectedPathLLBI-exp-RootCuts,FPP-Branch-Benders-ProjectedCoverageLLBI-exp-RootCuts,FPP-Branch-Benders-ProjectedPathLLBI-exp-RootCuts,-0.265,-0.08184253805,297.2448017,1.163302627,0.06777458,-0.349,-0.06
coverage_exp_vs_path_exp,new20x20_reburn,reburn,MeanCVaR,0.02,200,case01,FPP-Branch-Benders-MeanCVaR-ProjectedCoverageLLBI-exp-RootCuts,FPP-Branch-Benders-MeanCVaR-ProjectedPathLLBI-exp-RootCuts,FPP-Branch-Benders-ProjectedCoverageLLBI-exp-RootCuts,FPP-Branch-Benders-ProjectedPathLLBI-exp-RootCuts,-0.05,-0.01550219356,225.405411,1.124233012,0.01582301,-0.155,0.07
coverage_exp_vs_path_exp,new20x20_reburn,reburn,MeanCVaR,0.02,200,case02,FPP-Branch-Benders-MeanCVaR-ProjectedCoverageLLBI-exp-RootCuts,FPP-Branch-Benders-MeanCVaR-ProjectedPathLLBI-exp-RootCuts,FPP-Branch-Benders-ProjectedCoverageLLBI-exp-RootCuts,FPP-Branch-Benders-ProjectedPathLLBI-exp-RootCuts,-0.02,-0.006083603927,240.7005714,1.133113118,0.08093448,-0.124,0.08
coverage_exp_vs_path_exp,new20x20_reburn,reburn,MeanCVaR,0.02,200,case03,FPP-Branch-Benders-MeanCVaR-ProjectedCoverageLLBI-exp-RootCuts,FPP-Branch-Benders-MeanCVaR-ProjectedPathLLBI-exp-RootCuts,FPP-Branch-Benders-ProjectedCoverageLLBI-exp-RootCuts,FPP-Branch-Benders-ProjectedPathLLBI-exp-RootCuts,-0.0925,-0.02805027823,163.1167357,1.089686788,0.08803628,-0.219,-0.03
coverage_exp_vs_path_exp,new20x20_reburn,reburn,MeanCVaR,0.03,100,case00,FPP-Branch-Benders-MeanCVaR-ProjectedCoverageLLBI-exp-RootCuts,FPP-Branch-Benders-MeanCVaR-ProjectedPathLLBI-exp-RootCuts,FPP-Branch-Benders-ProjectedCoverageLLBI-exp-RootCuts,FPP-Branch-Benders-ProjectedPathLLBI-exp-RootCuts,-0.18,-0.05553841407,145.7128731,1.080647435,0.07180614,0.106,-0.01
coverage_exp_vs_path_exp,new20x20_reburn,reburn,MeanCVaR,0.03,100,case01,FPP-Branch-Benders-MeanCVaR-ProjectedCoverageLLBI-exp-RootCuts,FPP-Branch-Benders-MeanCVaR-ProjectedPathLLBI-exp-RootCuts,FPP-Branch-Benders-ProjectedCoverageLLBI-exp-RootCuts,FPP-Branch-Benders-ProjectedPathLLBI-exp-RootCuts,-0.295,-0.09289144297,62.38474692,1.034482423,0.04001069,-0.425,-0.04
coverage_exp_vs_path_exp,new20x20_reburn,reburn,MeanCVaR,0.03,100,case02,FPP-Branch-Benders-MeanCVaR-ProjectedCoverageLLBI-exp-RootCuts,FPP-Branch-Benders-MeanCVaR-ProjectedPathLLBI-exp-RootCuts,FPP-Branch-Benders-ProjectedCoverageLLBI-exp-RootCuts,FPP-Branch-Benders-ProjectedPathLLBI-exp-RootCuts,-0.14,-0.04477349409,80.00814014,1.044311634,0.01103221,0.088,0.05
coverage_exp_vs_path_exp,new20x20_reburn,reburn,MeanCVaR,0.03,100,case03,FPP-Branch-Benders-MeanCVaR-ProjectedCoverageLLBI-exp-RootCuts,FPP-Branch-Benders-MeanCVaR-ProjectedPathLLBI-exp-RootCuts,FPP-Branch-Benders-ProjectedCoverageLLBI-exp-RootCuts,FPP-Branch-Benders-ProjectedPathLLBI-exp-RootCuts,0.085,0.02612771844,93.63550644,1.051492822,0.05567816,-0.313,0.11
coverage_exp_vs_path_exp,new20x20_reburn,reburn,MeanCVaR,0.03,100,case04,FPP-Branch-Benders-MeanCVaR-ProjectedCoverageLLBI-exp-RootCuts,FPP-Branch-Benders-MeanCVaR-ProjectedPathLLBI-exp-RootCuts,FPP-Branch-Benders-ProjectedCoverageLLBI-exp-RootCuts,FPP-Branch-Benders-ProjectedPathLLBI-exp-RootCuts,0.395,0.1257641365,156.087793,1.086141461,0.03126224,0.348,0.04
