instance_id,instance_type,objective_family,alpha,train_scenario_count,method_family,method,projected_llbi_family_reconstructed,projected_llbi_variant_reconstructed,runs,solved_to_optimality,time_limited_with_incumbent,failed_or_without_incumbent,status_counts,avg_objective_value,avg_best_bound,avg_mip_gap,avg_runtime,avg_train_expected_burned_area,avg_test_expected_burned_area,avg_train_worst10_burned_area,avg_test_worst10_burned_area,avg_lazy_benders_cuts_added,avg_root_user_cuts_added,avg_standard_llbi_cut_count,avg_projected_llbi_cut_count,avg_root_separation_time,avg_subproblem_solving_time,avg_combinatorial_cut_count
new20x20,shortest_path,CVaR,0.01,100,FPP-Branch-Benders-Combinatorial,FPP-Branch-Benders-Combinatorial-CVaR,none,none,5,5,0,0,Optimal:5,250.06,250.0028753,0.000241446,47.26846387,135.442,139.4016,250.06,271.774,137.4,0,0,0,0,0,3351.6
new20x20,shortest_path,CVaR,0.01,100,FPP-Branch-Benders-LLBI-RootCuts,FPP-Branch-Benders-CVaR-LLBI-RootCuts,none,none,5,5,0,0,Optimal:5,250.06,249.8595528,0.000786216,8.850425102,135.442,139.4016,250.06,271.774,411.8,68.8,100,0,0,3.660134356,0
new20x20,shortest_path,CVaR,0.01,100,FPP-Branch-Benders-ProjectedCoverageLLBI-exp-RootCuts,FPP-Branch-Benders-CVaR-ProjectedCoverageLLBI-exp-RootCuts,coverage,exp,5,5,0,0,Optimal:5,250.06,249.8880155,0.000670516,10.48943948,135.442,139.4016,250.06,271.774,201.8,65.2,0,411.4,4.131458946,2.099585906,0
new20x20,shortest_path,CVaR,0.01,100,FPP-Branch-Benders-ProjectedPathLLBI-exp-RootCuts,FPP-Branch-Benders-CVaR-ProjectedPathLLBI-exp-RootCuts,path,exp,5,5,0,0,Optimal:5,250.06,249.9405807,0.000464658,6.282050772,135.442,139.4016,250.06,271.774,69.4,7,0,452.2,1.210146446,2.09439308,0
new20x20,shortest_path,CVaR,0.01,100,FPP-Branch-Benders-RootCuts,FPP-Branch-Benders-CVaR-RootCuts,none,none,5,5,0,0,Optimal:5,250.06,249.8646684,0.000768122,12.08458179,135.442,139.4016,250.06,271.774,1253.2,69.8,0,0,0,6.046011236,0
new20x20,shortest_path,CVaR,0.01,100,FPP-SAA-fpp_base,FPP-SAA-CVaR,none,none,5,5,0,0,Optimal:5,250.06,249.9247152,0.000525394,666.4778664,135.442,139.4016,250.06,271.774,0,0,0,0,0,0,0
new20x20,shortest_path,CVaR,0.01,200,FPP-Branch-Benders-Combinatorial,FPP-Branch-Benders-Combinatorial-CVaR,none,none,5,5,0,0,Optimal:5,262.23,262.1300951,0.000380986,191.2903784,141.128,139.2444,262.23,270.906,269.8,0,0,0,0,0,7335.4
new20x20,shortest_path,CVaR,0.01,200,FPP-Branch-Benders-LLBI-RootCuts,FPP-Branch-Benders-CVaR-LLBI-RootCuts,none,none,5,5,0,0,Optimal:5,262.23,262.0061591,0.00085181,37.53174688,141.128,139.2444,262.23,270.906,1056.6,141.6,200,0,0,12.8676101,0
new20x20,shortest_path,CVaR,0.01,200,FPP-Branch-Benders-ProjectedCoverageLLBI-exp-RootCuts,FPP-Branch-Benders-CVaR-ProjectedCoverageLLBI-exp-RootCuts,coverage,exp,5,5,0,0,Optimal:5,262.23,262.0356718,0.000734266,59.06035105,141.128,139.2444,262.23,270.906,941.8,136,0,788.6,13.06193997,13.60201414,0
new20x20,shortest_path,CVaR,0.01,200,FPP-Branch-Benders-ProjectedPathLLBI-exp-RootCuts,FPP-Branch-Benders-CVaR-ProjectedPathLLBI-exp-RootCuts,path,exp,5,5,0,0,Optimal:5,262.23,262.0478497,0.000687108,21.76320696,141.128,139.2444,262.23,270.906,529.8,23,0,907.4,2.693434234,6.681522646,0
new20x20,shortest_path,CVaR,0.01,200,FPP-Branch-Benders-RootCuts,FPP-Branch-Benders-CVaR-RootCuts,none,none,5,5,0,0,Optimal:5,262.23,261.9815633,0.000946432,65.51169174,139.742,138.9572,262.23,271.364,3284.4,135.2,0,0,0,27.24219639,0
new20x20,shortest_path,CVaR,0.01,200,FPP-SAA-fpp_base,FPP-SAA-CVaR,none,none,5,0,0,0,Feasible:5,268.84,241.1894328,0.1014963,1800.142509,141.087,139.6482,268.84,275.3,0,0,0,0,0,0,0
new20x20,shortest_path,CVaR,0.01,400,FPP-Branch-Benders-Combinatorial,FPP-Branch-Benders-Combinatorial-CVaR,none,none,5,5,0,0,Optimal:5,263.535,263.4443246,0.000346392,382.2810604,141.1925,139.8562,263.535,267.836,542.8,0,0,0,0,0,11350.4
new20x20,shortest_path,CVaR,0.01,400,FPP-Branch-Benders-LLBI-RootCuts,FPP-Branch-Benders-CVaR-LLBI-RootCuts,none,none,5,5,0,0,Optimal:5,263.535,263.3032399,0.000878006,42.70643769,141.1925,139.8562,263.535,267.836,1570.2,282.6,400,0,0,15.60072007,0
new20x20,shortest_path,CVaR,0.01,400,FPP-Branch-Benders-ProjectedCoverageLLBI-exp-RootCuts,FPP-Branch-Benders-CVaR-ProjectedCoverageLLBI-exp-RootCuts,coverage,exp,5,5,0,0,Optimal:5,263.535,263.3393811,0.000739324,49.29179652,141.1925,139.8562,263.535,267.836,2330.2,265.6,0,1000,17.2311032,12.10294691,0
new20x20,shortest_path,CVaR,0.01,400,FPP-Branch-Benders-ProjectedPathLLBI-exp-RootCuts,FPP-Branch-Benders-CVaR-ProjectedPathLLBI-exp-RootCuts,path,exp,5,5,0,0,Optimal:5,263.535,263.2969896,0.000903994,59.0695905,141.1925,139.8562,263.535,267.836,2312.2,212.4,0,1000,2.78463306,23.12869378,0
new20x20,shortest_path,CVaR,0.01,400,FPP-Branch-Benders-RootCuts,FPP-Branch-Benders-CVaR-RootCuts,none,none,5,5,0,0,Optimal:5,263.535,263.2861127,0.000943802,79.93721224,141.1925,139.8562,263.535,267.836,6868.6,271.4,0,0,0,33.34141987,0
new20x20,shortest_path,CVaR,0.01,400,FPP-SAA-fpp_base,FPP-SAA-CVaR,none,none,5,0,0,0,Feasible:5,2503.21,144.1574315,0.846411954,1800.432704,240.166,235.516,380.695,379.774,0,0,0,0,0,0,0
new20x20,shortest_path,CVaR,0.02,100,FPP-Branch-Benders-Combinatorial,FPP-Branch-Benders-Combinatorial-CVaR,none,none,5,3,0,0,Feasible:2;Optimal:3,179.32,169.0521645,0.0559298,1532.090511,97.382,103.0904,179.32,210.57,343.2,0,0,0,0,0,51481.4
new20x20,shortest_path,CVaR,0.02,100,FPP-Branch-Benders-LLBI-RootCuts,FPP-Branch-Benders-CVaR-LLBI-RootCuts,none,none,5,1,0,0,Feasible:4;Optimal:1,176.76,166.6848429,0.056175538,1783.203241,98.49,103.836,176.76,207.332,3594.8,71.4,100,0,0,27.20797574,0
new20x20,shortest_path,CVaR,0.02,100,FPP-Branch-Benders-ProjectedCoverageLLBI-exp-RootCuts,FPP-Branch-Benders-CVaR-ProjectedCoverageLLBI-exp-RootCuts,coverage,exp,5,3,0,0,Feasible:2;Optimal:3,176.06,172.019217,0.022216956,960.1857908,100.004,104.5486,176.06,208.332,1091.8,63.6,0,688,6.514425904,13.97114726,0
new20x20,shortest_path,CVaR,0.02,100,FPP-Branch-Benders-ProjectedPathLLBI-exp-RootCuts,FPP-Branch-Benders-CVaR-ProjectedPathLLBI-exp-RootCuts,path,exp,5,4,0,0,Feasible:1;Optimal:4,176,173.8549534,0.011811966,452.3852097,99.914,104.6008,176,205.964,394.2,38.8,0,718,1.743341128,8.809527542,0
new20x20,shortest_path,CVaR,0.02,100,FPP-Branch-Benders-RootCuts,FPP-Branch-Benders-CVaR-RootCuts,none,none,5,0,0,0,Feasible:5,179.14,162.862846,0.089963524,1800.507789,101.058,102.0872,179.14,199.762,5417.4,70.4,0,0,0,34.92171858,0
new20x20,shortest_path,CVaR,0.02,100,FPP-SAA-fpp_base,FPP-SAA-CVaR,none,none,5,1,0,0,Feasible:4;Optimal:1,178.34,165.931437,0.069029326,1737.492079,99.282,102.9674,178.34,202.23,0,0,0,0,0,0,0
new20x20,shortest_path,CVaR,0.02,200,FPP-Branch-Benders-Combinatorial,FPP-Branch-Benders-Combinatorial-CVaR,none,none,5,1,0,0,Feasible:4;Optimal:1,181.49,174.0966662,0.040041254,1675.758715,96.501,96.706,181.49,193.754,1023,0,0,0,0,0,31403.2
new20x20,shortest_path,CVaR,0.02,200,FPP-Branch-Benders-LLBI-RootCuts,FPP-Branch-Benders-CVaR-LLBI-RootCuts,none,none,5,0,0,0,Feasible:5,182.76,168.0215704,0.080621652,1801.476314,97.033,97.4798,182.76,194.55,7427.2,146.6,200,0,0,55.67248938,0
new20x20,shortest_path,CVaR,0.02,200,FPP-Branch-Benders-ProjectedCoverageLLBI-exp-RootCuts,FPP-Branch-Benders-CVaR-ProjectedCoverageLLBI-exp-RootCuts,coverage,exp,5,1,0,0,Feasible:4;Optimal:1,180.97,173.8593964,0.03890379,1554.763274,96.625,97.1556,180.97,195.066,3378.2,134.6,0,1000,13.79445208,38.66862604,0
new20x20,shortest_path,CVaR,0.02,200,FPP-Branch-Benders-ProjectedPathLLBI-exp-RootCuts,FPP-Branch-Benders-CVaR-ProjectedPathLLBI-exp-RootCuts,path,exp,5,2,0,0,Feasible:3;Optimal:2,180.89,178.0752721,0.015399178,1271.758289,98.282,98.618,180.89,194.028,2046.2,100,0,1000,3.336891662,34.75945495,0
new20x20,shortest_path,CVaR,0.02,200,FPP-Branch-Benders-RootCuts,FPP-Branch-Benders-CVaR-RootCuts,none,none,5,0,0,0,Feasible:5,182.82,165.5907023,0.094004612,1801.000584,96.377,96.8146,182.82,196.156,9615.8,142.8,0,0,0,51.73822641,0
new20x20,shortest_path,CVaR,0.02,200,FPP-SAA-fpp_base,FPP-SAA-CVaR,none,none,5,0,0,0,Feasible:5,185.2,162.9813121,0.118632822,1800.111867,99.62,100.1926,185.16,199.786,0,0,0,0,0,0,0
new20x20,shortest_path,CVaR,0.02,400,FPP-Branch-Benders-Combinatorial,FPP-Branch-Benders-Combinatorial-CVaR,none,none,5,0,0,0,Feasible:5,188.67,175.2106243,0.07085324,1852.324626,98.635,96.998,188.67,194.228,904.6,0,0,0,0,0,38905.4
new20x20,shortest_path,CVaR,0.02,400,FPP-Branch-Benders-LLBI-RootCuts,FPP-Branch-Benders-CVaR-LLBI-RootCuts,none,none,5,0,0,0,Feasible:5,191.465,167.6226498,0.123830606,1804.57671,101.6465,100.736,191.465,198.804,10883.2,286.4,400,0,0,101.0256911,0
new20x20,shortest_path,CVaR,0.02,400,FPP-Branch-Benders-ProjectedCoverageLLBI-exp-RootCuts,FPP-Branch-Benders-CVaR-ProjectedCoverageLLBI-exp-RootCuts,coverage,exp,5,0,0,0,Feasible:5,187.65,172.6303641,0.0799259,1824.566802,100.056,98.5934,187.65,193.722,9146.6,288.8,0,1000,22.39340966,73.89494557,0
new20x20,shortest_path,CVaR,0.02,400,FPP-Branch-Benders-ProjectedPathLLBI-exp-RootCuts,FPP-Branch-Benders-CVaR-ProjectedPathLLBI-exp-RootCuts,path,exp,5,0,0,0,Feasible:5,187.51,175.2923421,0.06500479,1805.413157,99.8275,98.8064,187.51,194.43,8038.2,270.8,0,1000,3.08250442,72.4002124,0
new20x20,shortest_path,CVaR,0.02,400,FPP-Branch-Benders-RootCuts,FPP-Branch-Benders-CVaR-RootCuts,none,none,5,0,0,0,Feasible:5,192.21,166.3273872,0.134405926,1802.217357,103.264,102.781,192.21,200.26,18636.8,291.6,0,0,0,90.70890706,0
new20x20,shortest_path,CVaR,0.02,400,FPP-SAA-fpp_base,FPP-SAA-CVaR,none,none,5,0,0,0,Feasible:5,1947.345,65.46556067,0.82607254,1800.350816,207.952,203.6622,349.335,347.424,0,0,0,0,0,0,0
new20x20,shortest_path,CVaR,0.03,100,FPP-Branch-Benders-Combinatorial,FPP-Branch-Benders-Combinatorial-CVaR,none,none,5,0,0,0,Feasible:5,134.3,120.848765,0.099932958,1814.534676,77.234,80.746,134.3,160.328,1243,0,0,0,0,0,42490
new20x20,shortest_path,CVaR,0.03,100,FPP-Branch-Benders-LLBI-RootCuts,FPP-Branch-Benders-CVaR-LLBI-RootCuts,none,none,5,0,0,0,Feasible:5,140.66,106.138716,0.244246898,1800.792876,79.34,82.7536,140.66,161.014,5191.6,74.2,100,0,0,52.41728703,0
new20x20,shortest_path,CVaR,0.03,100,FPP-Branch-Benders-ProjectedCoverageLLBI-exp-RootCuts,FPP-Branch-Benders-CVaR-ProjectedCoverageLLBI-exp-RootCuts,coverage,exp,5,0,0,0,Feasible:5,132.54,121.8846234,0.080251118,1807.28548,76.198,80.6336,132.54,161.192,1080.2,66.8,0,744.4,6.714711644,15.87692954,0
new20x20,shortest_path,CVaR,0.03,100,FPP-Branch-Benders-ProjectedPathLLBI-exp-RootCuts,FPP-Branch-Benders-CVaR-ProjectedPathLLBI-exp-RootCuts,path,exp,5,0,0,0,Feasible:5,132.84,125.7554062,0.053085886,1802.662383,75.998,80.7058,132.84,161.564,362,46.8,0,763.4,2.079926746,9.19783687,0
new20x20,shortest_path,CVaR,0.03,100,FPP-Branch-Benders-RootCuts,FPP-Branch-Benders-CVaR-RootCuts,none,none,5,0,0,0,Feasible:5,140.36,107.295812,0.234651602,1800.652131,80.902,83.6806,140.36,167.128,7154,71,0,0,0,57.32105393,0
new20x20,shortest_path,CVaR,0.03,100,FPP-SAA-fpp_base,FPP-SAA-CVaR,none,none,5,0,0,0,Feasible:5,136.5,120.5318623,0.116317668,1800.051765,77.95,80.8608,136.5,162.264,0,0,0,0,0,0,0
new20x20,shortest_path,CVaR,0.03,200,FPP-Branch-Benders-Combinatorial,FPP-Branch-Benders-Combinatorial-CVaR,none,none,5,0,0,0,Feasible:5,138.97,124.897528,0.099837812,1858.67379,77.164,77.7624,138.97,150.658,1899.6,0,0,0,0,0,36761.6
new20x20,shortest_path,CVaR,0.03,200,FPP-Branch-Benders-LLBI-RootCuts,FPP-Branch-Benders-CVaR-LLBI-RootCuts,none,none,5,0,0,0,Feasible:5,143.58,112.1168921,0.219004324,1801.46722,77.431,77.943,143.58,154.946,8852,154.4,200,0,0,59.97460672,0
new20x20,shortest_path,CVaR,0.03,200,FPP-Branch-Benders-ProjectedCoverageLLBI-exp-RootCuts,FPP-Branch-Benders-CVaR-ProjectedCoverageLLBI-exp-RootCuts,coverage,exp,5,0,0,0,Feasible:5,138.44,123.9675859,0.104320486,1815.111518,76.831,77.5418,138.44,152.65,4509.2,142.2,0,1000,13.88396171,51.2793775,0
new20x20,shortest_path,CVaR,0.03,200,FPP-Branch-Benders-ProjectedPathLLBI-exp-RootCuts,FPP-Branch-Benders-CVaR-ProjectedPathLLBI-exp-RootCuts,path,exp,5,0,0,0,Feasible:5,137.22,127.3454063,0.071829142,1805.224287,76.779,77.9654,137.22,152.462,2186.4,116.8,0,1000,3.650646246,35.0143442,0
new20x20,shortest_path,CVaR,0.03,200,FPP-Branch-Benders-RootCuts,FPP-Branch-Benders-CVaR-RootCuts,none,none,5,0,0,0,Feasible:5,143.84,111.8458019,0.222153464,1800.780395,79.452,79.275,143.84,153.84,11041.2,153.2,0,0,0,60.70343645,0
new20x20,shortest_path,CVaR,0.03,200,FPP-SAA-fpp_base,FPP-SAA-CVaR,none,none,5,0,0,0,Feasible:5,233.62,121.8518394,0.352775772,1800.190101,90.358,89.4094,175.63,184.782,0,0,0,0,0,0,0
new20x20,shortest_path,CVaR,0.03,400,FPP-Branch-Benders-Combinatorial,FPP-Branch-Benders-Combinatorial-CVaR,none,none,5,0,0,0,Feasible:5,144.06,127.8780394,0.110225036,1935.102817,78.973,77.7666,144.06,149.624,840.2,0,0,0,0,0,38330.2
new20x20,shortest_path,CVaR,0.03,400,FPP-Branch-Benders-LLBI-RootCuts,FPP-Branch-Benders-CVaR-LLBI-RootCuts,none,none,5,0,0,0,Feasible:5,150.225,114.133051,0.239995898,1804.196139,82.4445,82.239,150.225,158.806,15025.4,303.8,400,0,0,109.7321294,0
new20x20,shortest_path,CVaR,0.03,400,FPP-Branch-Benders-ProjectedCoverageLLBI-exp-RootCuts,FPP-Branch-Benders-CVaR-ProjectedCoverageLLBI-exp-RootCuts,coverage,exp,5,0,0,0,Feasible:5,142.34,124.0609002,0.127857386,1828.618734,80.408,79.6696,142.34,148.702,10270,307,0,1000,26.07227251,92.87453629,0
new20x20,shortest_path,CVaR,0.03,400,FPP-Branch-Benders-ProjectedPathLLBI-exp-RootCuts,FPP-Branch-Benders-CVaR-ProjectedPathLLBI-exp-RootCuts,path,exp,5,0,0,0,Feasible:5,140.935,127.2167415,0.097065214,1806.854369,80.5575,79.4792,140.935,146.942,7898.2,291.6,0,1000,3.627688326,70.95292505,0
new20x20,shortest_path,CVaR,0.03,400,FPP-Branch-Benders-RootCuts,FPP-Branch-Benders-CVaR-RootCuts,none,none,5,0,0,0,Feasible:5,148.72,114.6251716,0.228709398,1802.134085,80.745,79.9296,148.72,155.648,20738,294.4,0,0,0,104.3047271,0
new20x20,shortest_path,CVaR,0.03,400,FPP-SAA-fpp_base,FPP-SAA-CVaR,none,none,5,0,0,0,Feasible:5,1971.6,73.854764,0.853935588,1800.43884,192.6735,188.4714,327.01,325.566,0,0,0,0,0,0,0
new20x20,shortest_path,Expected,0.01,100,FPP-Branch-Benders-Combinatorial,FPP-Branch-Benders-Combinatorial,none,none,5,5,0,0,Optimal:5,126.554,126.5285841,0.000201814,15.17089861,126.554,135.7882,274.2,285.08,255.2,0,0,0,0,0,2490.4
new20x20,shortest_path,Expected,0.01,100,FPP-Branch-Benders-LLBI-RootCuts,FPP-Branch-Benders-LLBI-RootCuts,none,none,5,5,0,0,Optimal:5,126.554,126.5340993,0.000155228,6.272305756,126.554,135.7882,274.2,285.08,611.8,75.8,100,0,0,3.906431626,0
new20x20,shortest_path,Expected,0.01,100,FPP-Branch-Benders-ProjectedCoverageLLBI-exp-RootCuts,FPP-Branch-Benders-ProjectedCoverageLLBI-exp-RootCuts,coverage,exp,5,5,0,0,Optimal:5,126.554,126.4575354,0.00076492,7.741049744,126.554,135.7882,274.2,285.08,286.4,74.6,0,503,4.025762622,2.104491626,0
new20x20,shortest_path,Expected,0.01,100,FPP-Branch-Benders-ProjectedPathLLBI-exp-RootCuts,FPP-Branch-Benders-ProjectedPathLLBI-exp-RootCuts,path,exp,5,5,0,0,Optimal:5,126.554,126.5277673,0.00020591,3.089827596,126.554,135.7882,274.2,285.08,16.6,0,0,492.2,0.988020596,1.291893502,0
new20x20,shortest_path,Expected,0.01,100,FPP-Branch-Benders-RootCuts,FPP-Branch-Benders-RootCuts,none,none,5,5,0,0,Optimal:5,126.554,126.5041285,0.00039654,6.755813284,126.554,135.7882,274.2,285.08,1448.4,75,0,0,0,4.529594084,0
new20x20,shortest_path,Expected,0.01,100,FPP-SAA-fpp_base,FPP-SAA,none,none,5,5,0,0,Optimal:5,126.554,126.53,0.000191434,33.47092991,126.554,135.7882,274.2,285.08,0,0,0,0,0,0,0
new20x20,shortest_path,Expected,0.01,200,FPP-Branch-Benders-Combinatorial,FPP-Branch-Benders-Combinatorial,none,none,5,5,0,0,Optimal:5,131.701,131.697531,2.988e-05,30.46021035,131.701,133.3774,283.4,286.306,552.4,0,0,0,0,0,5056
new20x20,shortest_path,Expected,0.01,200,FPP-Branch-Benders-LLBI-RootCuts,FPP-Branch-Benders-LLBI-RootCuts,none,none,5,5,0,0,Optimal:5,131.701,131.676231,0.000190502,17.46118764,131.701,133.3774,283.4,286.306,1361.8,154.2,200,0,0,10.78961237,0
new20x20,shortest_path,Expected,0.01,200,FPP-Branch-Benders-ProjectedCoverageLLBI-exp-RootCuts,FPP-Branch-Benders-ProjectedCoverageLLBI-exp-RootCuts,coverage,exp,5,5,0,0,Optimal:5,131.701,131.6608667,0.000308206,18.47361543,131.701,133.3774,283.4,286.306,1088.2,153.8,0,902.2,8.854696162,5.68948082,0
new20x20,shortest_path,Expected,0.01,200,FPP-Branch-Benders-ProjectedPathLLBI-exp-RootCuts,FPP-Branch-Benders-ProjectedPathLLBI-exp-RootCuts,path,exp,5,5,0,0,Optimal:5,131.701,131.701,0,11.37552389,131.701,133.3774,283.4,286.306,560.6,10.4,0,918.8,2.499107402,5.560180502,0
new20x20,shortest_path,Expected,0.01,200,FPP-Branch-Benders-RootCuts,FPP-Branch-Benders-RootCuts,none,none,5,5,0,0,Optimal:5,131.701,131.6228524,0.000573822,22.53959719,131.701,133.3774,283.4,286.306,3442.2,149.8,0,0,0,14.63642173,0
new20x20,shortest_path,Expected,0.01,200,FPP-SAA-fpp_base,FPP-SAA,none,none,5,5,0,0,Optimal:5,131.701,131.701,0,238.5662998,131.701,133.3774,283.4,286.306,0,0,0,0,0,0,0
new20x20,shortest_path,Expected,0.01,400,FPP-Branch-Benders-Combinatorial,FPP-Branch-Benders-Combinatorial,none,none,5,5,0,0,Optimal:5,132.979,132.9689799,7.4834e-05,54.80168082,132.979,133.2796,283.94,285.84,989.8,0,0,0,0,0,9183
new20x20,shortest_path,Expected,0.01,400,FPP-Branch-Benders-LLBI-RootCuts,FPP-Branch-Benders-LLBI-RootCuts,none,none,5,5,0,0,Optimal:5,132.979,132.8951052,0.00062485,31.13541403,132.979,133.2796,283.94,285.84,2586.4,305.4,400,0,0,19.41934834,0
new20x20,shortest_path,Expected,0.01,400,FPP-Branch-Benders-ProjectedCoverageLLBI-exp-RootCuts,FPP-Branch-Benders-ProjectedCoverageLLBI-exp-RootCuts,coverage,exp,5,5,0,0,Optimal:5,132.979,132.9412045,0.000290048,55.16649999,132.979,133.2796,283.94,285.84,3686.4,308,0,1000,22.85721153,18.47075694,0
new20x20,shortest_path,Expected,0.01,400,FPP-Branch-Benders-ProjectedPathLLBI-exp-RootCuts,FPP-Branch-Benders-ProjectedPathLLBI-exp-RootCuts,path,exp,5,5,0,0,Optimal:5,132.979,132.9328305,0.00034835,28.71613351,132.979,133.2796,283.94,285.84,2533.6,288.4,0,1000,2.699645394,16.38079325,0
new20x20,shortest_path,Expected,0.01,400,FPP-Branch-Benders-RootCuts,FPP-Branch-Benders-RootCuts,none,none,5,5,0,0,Optimal:5,132.979,132.9566367,0.00017056,35.91490176,132.979,133.2796,283.94,285.84,6505.4,300.6,0,0,0,23.39997479,0
new20x20,shortest_path,Expected,0.01,400,FPP-SAA-fpp_base,FPP-SAA,none,none,5,2,0,0,Feasible:3;Optimal:2,142.8945,132.091211,0.065602742,1461.9755,142.8945,141.9398,303.755,305.116,0,0,0,0,0,0,0
new20x20,shortest_path,Expected,0.02,100,FPP-Branch-Benders-Combinatorial,FPP-Branch-Benders-Combinatorial,none,none,5,5,0,0,Optimal:5,87.338,87.31976106,0.000222368,42.48641154,87.338,94.952,200.7,216.486,201,0,0,0,0,0,7735.2
new20x20,shortest_path,Expected,0.02,100,FPP-Branch-Benders-LLBI-RootCuts,FPP-Branch-Benders-LLBI-RootCuts,none,none,5,5,0,0,Optimal:5,87.338,87.25326524,0.00096915,223.843884,87.338,94.952,200.7,216.486,4028.4,77.2,100,0,0,21.72536455,0
new20x20,shortest_path,Expected,0.02,100,FPP-Branch-Benders-ProjectedCoverageLLBI-exp-RootCuts,FPP-Branch-Benders-ProjectedCoverageLLBI-exp-RootCuts,coverage,exp,5,5,0,0,Optimal:5,87.338,87.25712083,0.000926266,16.32936687,87.338,94.952,200.7,216.486,329.6,74.6,0,696.4,5.769310056,4.741866592,0
new20x20,shortest_path,Expected,0.02,100,FPP-Branch-Benders-ProjectedPathLLBI-exp-RootCuts,FPP-Branch-Benders-ProjectedPathLLBI-exp-RootCuts,path,exp,5,5,0,0,Optimal:5,87.338,87.28671101,0.000578566,5.860077242,87.338,94.952,200.7,216.486,93.6,13.2,0,649.8,1.520255132,2.572692926,0
new20x20,shortest_path,Expected,0.02,100,FPP-Branch-Benders-RootCuts,FPP-Branch-Benders-RootCuts,none,none,5,5,0,0,Optimal:5,87.338,87.2509385,0.0009967,169.5552773,87.338,94.952,200.7,216.486,5352.6,76.8,0,0,0,18.93751131,0
new20x20,shortest_path,Expected,0.02,100,FPP-SAA-fpp_base,FPP-SAA,none,none,5,5,0,0,Optimal:5,87.338,87.29919038,0.000432688,31.61674386,87.338,94.952,200.7,216.486,0,0,0,0,0,0,0
new20x20,shortest_path,Expected,0.02,200,FPP-Branch-Benders-Combinatorial,FPP-Branch-Benders-Combinatorial,none,none,5,5,0,0,Optimal:5,90.784,90.784,0,40.26918647,90.784,91.867,199.82,205.148,368,0,0,0,0,0,11102.6
new20x20,shortest_path,Expected,0.02,200,FPP-Branch-Benders-LLBI-RootCuts,FPP-Branch-Benders-LLBI-RootCuts,none,none,5,5,0,0,Optimal:5,90.784,90.69330926,0.000998972,601.6519879,90.784,91.867,199.82,205.148,8916.4,159,200,0,0,32.97190817,0
new20x20,shortest_path,Expected,0.02,200,FPP-Branch-Benders-ProjectedCoverageLLBI-exp-RootCuts,FPP-Branch-Benders-ProjectedCoverageLLBI-exp-RootCuts,coverage,exp,5,5,0,0,Optimal:5,90.784,90.71027289,0.000806308,53.45776437,90.784,91.867,199.82,205.148,2143.2,156.8,0,980.4,12.51681137,13.57795188,0
new20x20,shortest_path,Expected,0.02,200,FPP-Branch-Benders-ProjectedPathLLBI-exp-RootCuts,FPP-Branch-Benders-ProjectedPathLLBI-exp-RootCuts,path,exp,5,5,0,0,Optimal:5,90.784,90.71206833,0.000776198,19.63551194,90.784,91.867,199.82,205.148,1010,136.6,0,973,2.25898398,10.00973872,0
new20x20,shortest_path,Expected,0.02,200,FPP-Branch-Benders-RootCuts,FPP-Branch-Benders-RootCuts,none,none,5,5,0,0,Optimal:5,90.784,90.69338823,0.000998086,490.4898492,90.784,91.867,199.82,205.148,12406.2,155.8,0,0,0,39.69108846,0
new20x20,shortest_path,Expected,0.02,200,FPP-SAA-fpp_base,FPP-SAA,none,none,5,5,0,0,Optimal:5,90.784,90.784,0,124.7273058,90.784,91.867,199.82,205.148,0,0,0,0,0,0,0
new20x20,shortest_path,Expected,0.02,400,FPP-Branch-Benders-Combinatorial,FPP-Branch-Benders-Combinatorial,none,none,5,5,0,0,Optimal:5,92.7225,92.7225,0,135.7930067,92.7225,91.7288,207.715,206.288,792,0,0,0,0,0,27969.6
new20x20,shortest_path,Expected,0.02,400,FPP-Branch-Benders-LLBI-RootCuts,FPP-Branch-Benders-LLBI-RootCuts,none,none,5,1,0,0,Feasible:4;Optimal:1,92.8715,90.81391597,0.02217523,1730.283968,92.8715,91.9784,208.74,207.062,18050.2,320,400,0,0,81.69927806,0
new20x20,shortest_path,Expected,0.02,400,FPP-Branch-Benders-ProjectedCoverageLLBI-exp-RootCuts,FPP-Branch-Benders-ProjectedCoverageLLBI-exp-RootCuts,coverage,exp,5,2,0,0,Feasible:3;Optimal:2,92.7825,92.07341602,0.007698838,1300.921309,92.7825,92.0562,206.91,205.586,12317.6,330.6,0,1000,41.14157772,94.72090401,0
new20x20,shortest_path,Expected,0.02,400,FPP-Branch-Benders-ProjectedPathLLBI-exp-RootCuts,FPP-Branch-Benders-ProjectedPathLLBI-exp-RootCuts,path,exp,5,5,0,0,Optimal:5,92.7225,92.63021519,0.000995322,586.300209,92.7225,91.7288,207.715,206.288,9136.8,326.6,0,1000,2.472226334,62.12719342,0
new20x20,shortest_path,Expected,0.02,400,FPP-Branch-Benders-RootCuts,FPP-Branch-Benders-RootCuts,none,none,5,1,0,0,Feasible:4;Optimal:1,92.967,90.73838386,0.023814576,1779.030021,92.967,92.396,206.71,207.584,21221.2,314.8,0,0,0,132.1533425,0
new20x20,shortest_path,Expected,0.02,400,FPP-SAA-fpp_base,FPP-SAA,none,none,5,5,0,0,Optimal:5,92.7225,92.719,3.7982e-05,1049.098453,92.7225,91.7288,207.715,206.288,0,0,0,0,0,0,0
new20x20,shortest_path,Expected,0.03,100,FPP-Branch-Benders-Combinatorial,FPP-Branch-Benders-Combinatorial,none,none,5,4,0,0,Feasible:1;Optimal:4,69.534,69.0947409,0.006285598,450.3929153,69.534,76.3882,149.24,168.364,274.2,0,0,0,0,0,221128
new20x20,shortest_path,Expected,0.03,100,FPP-Branch-Benders-LLBI-RootCuts,FPP-Branch-Benders-LLBI-RootCuts,none,none,5,0,0,0,Feasible:5,71.41,62.87730804,0.119231834,1800.976063,71.41,76.7814,152.38,166.202,10739.2,80.6,100,0,0,50.7570125,0
new20x20,shortest_path,Expected,0.03,100,FPP-Branch-Benders-ProjectedCoverageLLBI-exp-RootCuts,FPP-Branch-Benders-ProjectedCoverageLLBI-exp-RootCuts,coverage,exp,5,5,0,0,Optimal:5,69.534,69.46499853,0.000991964,370.6303613,69.534,76.3882,149.24,168.364,1771.4,77.8,0,753.6,6.400745858,15.44198747,0
new20x20,shortest_path,Expected,0.03,100,FPP-Branch-Benders-ProjectedPathLLBI-exp-RootCuts,FPP-Branch-Benders-ProjectedPathLLBI-exp-RootCuts,path,exp,5,5,0,0,Optimal:5,69.534,69.47838343,0.00079671,12.95087912,69.534,76.3882,149.24,168.364,111.2,55.6,0,748.6,1.561330688,3.803622362,0
new20x20,shortest_path,Expected,0.03,100,FPP-Branch-Benders-RootCuts,FPP-Branch-Benders-RootCuts,none,none,5,0,0,0,Feasible:5,71.12,63.23080537,0.110603424,1800.425593,71.12,77.5046,153.78,168.384,14264,79.6,0,0,0,50.23084877,0
new20x20,shortest_path,Expected,0.03,100,FPP-SAA-fpp_base,FPP-SAA,none,none,5,5,0,0,Optimal:5,69.534,69.4939324,0.000570216,39.947682,69.534,76.3882,149.24,168.364,0,0,0,0,0,0,0
new20x20,shortest_path,Expected,0.03,200,FPP-Branch-Benders-Combinatorial,FPP-Branch-Benders-Combinatorial,none,none,5,4,0,0,Feasible:1;Optimal:4,71.842,71.22978634,0.008156298,461.8462259,71.842,74.1616,144.95,155.704,673.6,0,0,0,0,0,297299.4
new20x20,shortest_path,Expected,0.03,200,FPP-Branch-Benders-LLBI-RootCuts,FPP-Branch-Benders-LLBI-RootCuts,none,none,5,0,0,0,Feasible:5,73.226,64.20511895,0.123276826,1801.516297,73.226,75.429,152.35,161.088,19218.4,162.8,200,0,0,71.48827553,0
new20x20,shortest_path,Expected,0.03,200,FPP-Branch-Benders-ProjectedCoverageLLBI-exp-RootCuts,FPP-Branch-Benders-ProjectedCoverageLLBI-exp-RootCuts,coverage,exp,5,2,0,0,Feasible:3;Optimal:2,71.83,70.57885567,0.017098502,1541.150046,71.83,74.2124,145.84,156.396,8319.8,164.6,0,1000,14.84936601,52.3057499,0
new20x20,shortest_path,Expected,0.03,200,FPP-Branch-Benders-ProjectedPathLLBI-exp-RootCuts,FPP-Branch-Benders-ProjectedPathLLBI-exp-RootCuts,path,exp,5,4,0,0,Feasible:1;Optimal:4,71.723,71.61513612,0.001510656,735.6219385,71.723,74.1122,144.17,154.91,3953,158.8,0,1000,1.741046164,26.24932433,0
new20x20,shortest_path,Expected,0.03,200,FPP-Branch-Benders-RootCuts,FPP-Branch-Benders-RootCuts,none,none,5,0,0,0,Feasible:5,73.235,64.65384375,0.117271658,1800.843758,73.235,75.6766,151.08,163.748,27318.6,160,0,0,0,71.44060687,0
new20x20,shortest_path,Expected,0.03,200,FPP-SAA-fpp_base,FPP-SAA,none,none,5,5,0,0,Optimal:5,71.723,71.7075,0.00023172,103.1053945,71.723,74.1122,144.17,154.91,0,0,0,0,0,0,0
new20x20,shortest_path,Expected,0.03,400,FPP-Branch-Benders-Combinatorial,FPP-Branch-Benders-Combinatorial,none,none,5,5,0,0,Optimal:5,73.506,73.44751782,0.000794424,680.8265313,73.506,73.997,150.245,154.182,1910.4,0,0,0,0,0,84912.2
new20x20,shortest_path,Expected,0.03,400,FPP-Branch-Benders-LLBI-RootCuts,FPP-Branch-Benders-LLBI-RootCuts,none,none,5,0,0,0,Feasible:5,75.279,63.88220083,0.151196444,1803.895058,75.279,74.3104,152.455,153.728,27667.6,325.8,400,0,0,145.1476887,0
new20x20,shortest_path,Expected,0.03,400,FPP-Branch-Benders-ProjectedCoverageLLBI-exp-RootCuts,FPP-Branch-Benders-ProjectedCoverageLLBI-exp-RootCuts,coverage,exp,5,0,0,0,Feasible:5,74.6185,67.13857269,0.1000905,1836.844332,74.6185,75.2024,157.29,160.496,24378,341.8,0,1000,33.54217155,124.876188,0
new20x20,shortest_path,Expected,0.03,400,FPP-Branch-Benders-ProjectedPathLLBI-exp-RootCuts,FPP-Branch-Benders-ProjectedPathLLBI-exp-RootCuts,path,exp,5,0,0,0,Feasible:5,74.2935,68.28554114,0.080535322,1804.839687,74.2935,74.6716,155.12,156.872,19964,339.2,0,1000,2.527895984,103.1098675,0
new20x20,shortest_path,Expected,0.03,400,FPP-Branch-Benders-RootCuts,FPP-Branch-Benders-RootCuts,none,none,5,0,0,0,Feasible:5,75.272,64.36193295,0.144893018,1801.526325,75.272,75.1134,153.785,156.272,37616.6,327.4,0,0,0,110.0679004,0
new20x20,shortest_path,Expected,0.03,400,FPP-SAA-fpp_base,FPP-SAA,none,none,5,5,0,0,Optimal:5,73.506,73.499875,8.5832e-05,605.3282521,73.506,73.997,150.245,154.182,0,0,0,0,0,0,0
new20x20,shortest_path,MeanCVaR,0.01,100,FPP-Branch-Benders-Combinatorial,FPP-Branch-Benders-Combinatorial-MeanCVaR,none,none,5,4,0,0,Feasible:1;Optimal:4,195.9,190.0685383,0.028496894,395.8639579,129.42,136.1194,262.38,280.644,159.2,0,0,0,0,0,88378.6
new20x20,shortest_path,MeanCVaR,0.01,100,FPP-Branch-Benders-LLBI-RootCuts,FPP-Branch-Benders-MeanCVaR-LLBI-RootCuts,none,none,5,5,0,0,Optimal:5,191.383,191.2320536,0.000779472,7.76151192,130.186,136.0284,252.58,276.33,631.6,77.4,100,0,0,3.4004295,0
new20x20,shortest_path,MeanCVaR,0.01,100,FPP-Branch-Benders-ProjectedCoverageLLBI-exp-RootCuts,FPP-Branch-Benders-MeanCVaR-ProjectedCoverageLLBI-exp-RootCuts,coverage,exp,5,5,0,0,Optimal:5,191.383,191.3049952,0.00039774,14.59495618,130.186,136.0284,252.58,276.33,353.8,74.8,0,431.6,5.070801846,3.843163606,0
new20x20,shortest_path,MeanCVaR,0.01,100,FPP-Branch-Benders-ProjectedPathLLBI-exp-RootCuts,FPP-Branch-Benders-MeanCVaR-ProjectedPathLLBI-exp-RootCuts,path,exp,5,5,0,0,Optimal:5,191.383,191.3332298,0.000256852,7.717815644,130.186,136.0284,252.58,276.33,44.6,0,0,477.2,1.659727344,2.872381228,0
new20x20,shortest_path,MeanCVaR,0.01,100,FPP-Branch-Benders-RootCuts,FPP-Branch-Benders-MeanCVaR-RootCuts,none,none,5,5,0,0,Optimal:5,191.383,191.2714295,0.000565558,7.297887532,130.186,136.0284,252.58,276.33,1440.2,73,0,0,0,3.746576862,0
new20x20,shortest_path,MeanCVaR,0.01,100,FPP-SAA-fpp_base,FPP-SAA-MeanCVaR,none,none,5,5,0,0,Optimal:5,191.383,191.3657511,8.7368e-05,201.5103291,130.186,136.0284,252.58,276.33,0,0,0,0,0,0,0
new20x20,shortest_path,MeanCVaR,0.01,200,FPP-Branch-Benders-Combinatorial,FPP-Branch-Benders-Combinatorial-MeanCVaR,none,none,5,5,0,0,Optimal:5,199.713,199.6472481,0.0003285,120.2106839,135.576,135.058,263.85,269.284,407.4,0,0,0,0,0,11709.4
new20x20,shortest_path,MeanCVaR,0.01,200,FPP-Branch-Benders-LLBI-RootCuts,FPP-Branch-Benders-MeanCVaR-LLBI-RootCuts,none,none,5,5,0,0,Optimal:5,199.713,199.5390698,0.00086831,29.15145667,135.576,135.058,263.85,269.284,1286.2,153.6,200,0,0,10.60713701,0
new20x20,shortest_path,MeanCVaR,0.01,200,FPP-Branch-Benders-ProjectedCoverageLLBI-exp-RootCuts,FPP-Branch-Benders-MeanCVaR-ProjectedCoverageLLBI-exp-RootCuts,coverage,exp,5,5,0,0,Optimal:5,199.713,199.5679201,0.000718504,37.86987245,135.576,135.058,263.85,269.284,1305.2,154,0,801,11.20051827,9.53205467,0
new20x20,shortest_path,MeanCVaR,0.01,200,FPP-Branch-Benders-ProjectedPathLLBI-exp-RootCuts,FPP-Branch-Benders-MeanCVaR-ProjectedPathLLBI-exp-RootCuts,path,exp,5,5,0,0,Optimal:5,199.713,199.5879064,0.000617898,17.50062746,135.576,135.058,263.85,269.284,598,20.4,0,912.4,2.182635246,7.26642555,0
new20x20,shortest_path,MeanCVaR,0.01,200,FPP-Branch-Benders-RootCuts,FPP-Branch-Benders-MeanCVaR-RootCuts,none,none,5,5,0,0,Optimal:5,199.713,199.5262085,0.000934422,50.75547332,135.576,135.058,263.85,269.284,3381,149.8,0,0,0,19.95485525,0
new20x20,shortest_path,MeanCVaR,0.01,200,FPP-SAA-fpp_base,FPP-SAA-MeanCVaR,none,none,5,2,0,0,Feasible:3;Optimal:2,201.3175,195.7022751,0.027196188,1552.235053,136.825,136.762,265.81,272.976,0,0,0,0,0,0,0
new20x20,shortest_path,MeanCVaR,0.01,400,FPP-Branch-Benders-Combinatorial,FPP-Branch-Benders-Combinatorial-MeanCVaR,none,none,5,5,0,0,Optimal:5,201.92675,201.9043971,0.000109704,214.9234118,139.5185,138.3492,264.335,268.164,571.4,0,0,0,0,0,15431
new20x20,shortest_path,MeanCVaR,0.01,400,FPP-Branch-Benders-LLBI-RootCuts,FPP-Branch-Benders-MeanCVaR-LLBI-RootCuts,none,none,5,5,0,0,Optimal:5,201.92675,201.7380619,0.00093431,62.253654,139.5185,138.3492,264.335,268.164,2641.2,309,400,0,0,20.95763766,0
new20x20,shortest_path,MeanCVaR,0.01,400,FPP-Branch-Benders-ProjectedCoverageLLBI-exp-RootCuts,FPP-Branch-Benders-MeanCVaR-ProjectedCoverageLLBI-exp-RootCuts,coverage,exp,5,5,0,0,Optimal:5,201.92675,201.8230854,0.000512318,87.32498298,139.5185,138.3492,264.335,268.164,3337.4,306.4,0,1000,22.8407699,23.66662142,0
new20x20,shortest_path,MeanCVaR,0.01,400,FPP-Branch-Benders-ProjectedPathLLBI-exp-RootCuts,FPP-Branch-Benders-MeanCVaR-ProjectedPathLLBI-exp-RootCuts,path,exp,5,5,0,0,Optimal:5,201.92675,201.7604692,0.000823186,43.22262244,139.5185,138.3492,264.335,268.164,2523.6,249,0,1000,3.598572178,18.55629861,0
new20x20,shortest_path,MeanCVaR,0.01,400,FPP-Branch-Benders-RootCuts,FPP-Branch-Benders-MeanCVaR-RootCuts,none,none,5,5,0,0,Optimal:5,201.92675,201.7308601,0.000970092,86.33966901,139.5185,138.3492,264.335,268.164,6426.2,300.2,0,0,0,35.70741278,0
new20x20,shortest_path,MeanCVaR,0.01,400,FPP-SAA-fpp_base,FPP-SAA-MeanCVaR,none,none,5,0,0,0,Feasible:5,1079.94475,75.55276654,0.634888656,1800.326069,213.9765,208.2942,349.185,348.62,0,0,0,0,0,0,0
new20x20,shortest_path,MeanCVaR,0.02,100,FPP-Branch-Benders-Combinatorial,FPP-Branch-Benders-Combinatorial-MeanCVaR,none,none,5,3,0,0,Feasible:2;Optimal:3,136.807,133.5572249,0.022985698,1118.06751,91.454,99.1328,182.16,208.554,388.4,0,0,0,0,0,36670.8
new20x20,shortest_path,MeanCVaR,0.02,100,FPP-Branch-Benders-LLBI-RootCuts,FPP-Branch-Benders-MeanCVaR-LLBI-RootCuts,none,none,5,2,0,0,Feasible:3;Optimal:2,137.696,129.76732,0.055839456,1753.484496,92.892,99.0948,182.5,205.38,6109.6,77.2,100,0,0,29.07863103,0
new20x20,shortest_path,MeanCVaR,0.02,100,FPP-Branch-Benders-ProjectedCoverageLLBI-exp-RootCuts,FPP-Branch-Benders-MeanCVaR-ProjectedCoverageLLBI-exp-RootCuts,coverage,exp,5,3,0,0,Feasible:2;Optimal:3,136.579,134.3595741,0.015676896,920.3011176,91.678,99.6092,181.48,210.002,2418,77.6,0,684.4,9.025889614,25.78126532,0
new20x20,shortest_path,MeanCVaR,0.02,100,FPP-Branch-Benders-ProjectedPathLLBI-exp-RootCuts,FPP-Branch-Benders-MeanCVaR-ProjectedPathLLBI-exp-RootCuts,path,exp,5,5,0,0,Optimal:5,136.42,136.2846232,0.000992124,308.6670807,91.9,99.8688,180.94,210.968,933.8,33.6,0,680.6,1.670789378,9.525314448,0
new20x20,shortest_path,MeanCVaR,0.02,100,FPP-Branch-Benders-RootCuts,FPP-Branch-Benders-MeanCVaR-RootCuts,none,none,5,0,0,0,Feasible:5,137.14,129.2123104,0.056540482,1800.643923,92.02,98.9428,182.26,204.93,8908.6,77,0,0,0,31.88650555,0
new20x20,shortest_path,MeanCVaR,0.02,100,FPP-SAA-fpp_base,FPP-SAA-MeanCVaR,none,none,5,4,0,0,Feasible:1;Optimal:4,136.42,135.6272501,0.005635654,880.8346768,91.9,99.8688,180.94,210.968,0,0,0,0,0,0,0
new20x20,shortest_path,MeanCVaR,0.02,200,FPP-Branch-Benders-Combinatorial,FPP-Branch-Benders-Combinatorial-MeanCVaR,none,none,5,3,0,0,Feasible:2;Optimal:3,138.343,136.765054,0.01102328,1377.296777,95.286,95.5048,181.4,192.594,660.2,0,0,0,0,0,47687.2
new20x20,shortest_path,MeanCVaR,0.02,200,FPP-Branch-Benders-LLBI-RootCuts,FPP-Branch-Benders-MeanCVaR-LLBI-RootCuts,none,none,5,0,0,0,Feasible:5,140.701,128.5972819,0.085162262,1802.30673,96.572,97.4648,184.83,197.32,10643.6,159.6,200,0,0,62.88974434,0
new20x20,shortest_path,MeanCVaR,0.02,200,FPP-Branch-Benders-ProjectedCoverageLLBI-exp-RootCuts,FPP-Branch-Benders-MeanCVaR-ProjectedCoverageLLBI-exp-RootCuts,coverage,exp,5,3,0,0,Feasible:2;Optimal:3,138.2835,137.1154318,0.008322542,1189.851739,95.317,95.6222,181.25,192.822,4759.4,156.6,0,999,22.22073657,41.85402793,0
new20x20,shortest_path,MeanCVaR,0.02,200,FPP-Branch-Benders-ProjectedPathLLBI-exp-RootCuts,FPP-Branch-Benders-MeanCVaR-ProjectedPathLLBI-exp-RootCuts,path,exp,5,5,0,0,Optimal:5,138.2835,138.1454804,0.000998056,534.8928604,95.317,95.6222,181.25,192.822,2175.2,136.6,0,1000,3.097716746,26.78489207,0
new20x20,shortest_path,MeanCVaR,0.02,200,FPP-Branch-Benders-RootCuts,FPP-Branch-Benders-MeanCVaR-RootCuts,none,none,5,0,0,0,Feasible:5,140.128,129.2934901,0.076673384,1801.260784,94.716,95.4638,185.54,195.638,12145.2,156.8,0,0,0,57.14603044,0
new20x20,shortest_path,MeanCVaR,0.02,200,FPP-SAA-fpp_base,FPP-SAA-MeanCVaR,none,none,5,1,0,0,Feasible:4;Optimal:1,141.1615,133.4405017,0.051601346,1623.620632,97.013,97.1634,185.31,195.002,0,0,0,0,0,0,0
new20x20,shortest_path,MeanCVaR,0.02,400,FPP-Branch-Benders-Combinatorial,FPP-Branch-Benders-Combinatorial-MeanCVaR,none,none,5,0,0,0,Feasible:5,144.381,136.2994033,0.055594294,1882.240418,98.532,97.0712,190.23,192.472,1002.4,0,0,0,0,0,73246.6
new20x20,shortest_path,MeanCVaR,0.02,400,FPP-Branch-Benders-LLBI-RootCuts,FPP-Branch-Benders-MeanCVaR-LLBI-RootCuts,none,none,5,0,0,0,Feasible:5,144.3995,128.6286645,0.109032882,1804.130162,98.344,96.6258,190.455,192.93,15416.2,316.4,400,0,0,107.9689259,0
new20x20,shortest_path,MeanCVaR,0.02,400,FPP-Branch-Benders-ProjectedCoverageLLBI-exp-RootCuts,FPP-Branch-Benders-MeanCVaR-ProjectedCoverageLLBI-exp-RootCuts,coverage,exp,5,0,0,0,Feasible:5,143.35675,133.2262504,0.07062972,1846.814877,97.2285,95.8526,189.485,194.47,13502.2,326.2,0,1000,42.57666049,120.4418438,0
new20x20,shortest_path,MeanCVaR,0.02,400,FPP-Branch-Benders-ProjectedPathLLBI-exp-RootCuts,FPP-Branch-Benders-MeanCVaR-ProjectedPathLLBI-exp-RootCuts,path,exp,5,0,0,0,Feasible:5,143.10175,135.4536739,0.053325474,1809.985555,97.6385,96.1048,188.565,191.588,10589.4,314,0,1000,5.461623898,114.5154763,0
new20x20,shortest_path,MeanCVaR,0.02,400,FPP-Branch-Benders-RootCuts,FPP-Branch-Benders-MeanCVaR-RootCuts,none,none,5,0,0,0,Feasible:5,144.3025,130.4391224,0.095930426,1802.648179,97.61,95.8628,190.995,194.06,21945.6,317.6,0,0,0,108.1559356,0
new20x20,shortest_path,MeanCVaR,0.02,400,FPP-SAA-fpp_base,FPP-SAA-MeanCVaR,none,none,5,0,0,0,Feasible:5,457.54675,105.9518045,0.374925698,1800.279816,140.9745,139.7302,264.55,265.944,0,0,0,0,0,0,0
new20x20,shortest_path,MeanCVaR,0.03,100,FPP-Branch-Benders-Combinatorial,FPP-Branch-Benders-Combinatorial-MeanCVaR,none,none,5,0,0,0,Feasible:5,106.953,95.94962771,0.10243833,1840.966903,71.286,78.0614,142.62,166.03,381,0,0,0,0,0,756401.8
new20x20,shortest_path,MeanCVaR,0.03,100,FPP-Branch-Benders-LLBI-RootCuts,FPP-Branch-Benders-MeanCVaR-LLBI-RootCuts,none,none,5,0,0,0,Feasible:5,108.641,87.09242764,0.198129154,1801.323916,74.202,79.8516,143.08,165.962,8616.6,79.8,100,0,0,56.66385189,0
new20x20,shortest_path,MeanCVaR,0.03,100,FPP-Branch-Benders-ProjectedCoverageLLBI-exp-RootCuts,FPP-Branch-Benders-MeanCVaR-ProjectedCoverageLLBI-exp-RootCuts,coverage,exp,5,1,0,0,Feasible:4;Optimal:1,103.46,99.34897506,0.039307774,1722.80654,72.58,78.4694,134.34,161.168,2083.4,79,0,752.4,7.794335908,16.98790484,0
new20x20,shortest_path,MeanCVaR,0.03,100,FPP-Branch-Benders-ProjectedPathLLBI-exp-RootCuts,FPP-Branch-Benders-MeanCVaR-ProjectedPathLLBI-exp-RootCuts,path,exp,5,4,0,0,Feasible:1;Optimal:4,103.411,102.6611659,0.007065636,1033.476027,72.402,78.1068,134.42,160.418,518.4,58.2,0,763.8,2.309547652,11.0588752,0
new20x20,shortest_path,MeanCVaR,0.03,100,FPP-Branch-Benders-RootCuts,FPP-Branch-Benders-MeanCVaR-RootCuts,none,none,5,0,0,0,Feasible:5,107.173,87.37877107,0.183590688,1800.937192,73.106,77.9068,141.24,161.292,9680.2,80.8,0,0,0,56.73942056,0
new20x20,shortest_path,MeanCVaR,0.03,100,FPP-SAA-fpp_base,FPP-SAA-MeanCVaR,none,none,5,1,0,0,Feasible:4;Optimal:1,103.678,101.8336211,0.017515212,1653.034102,72.696,78.1984,134.66,161.01,0,0,0,0,0,0,0
new20x20,shortest_path,MeanCVaR,0.03,200,FPP-Branch-Benders-Combinatorial,FPP-Branch-Benders-Combinatorial-MeanCVaR,none,none,5,1,0,0,Feasible:4;Optimal:1,108.807,100.0659577,0.078103312,1787.392626,72.684,74.4462,144.93,156.5,538.8,0,0,0,0,0,298702.2
new20x20,shortest_path,MeanCVaR,0.03,200,FPP-Branch-Benders-LLBI-RootCuts,FPP-Branch-Benders-MeanCVaR-LLBI-RootCuts,none,none,5,0,0,0,Feasible:5,110.502,89.85124157,0.1868503,1801.88022,76.444,78.3324,144.56,159.394,12778.8,163.8,200,0,0,61.00876383,0
new20x20,shortest_path,MeanCVaR,0.03,200,FPP-Branch-Benders-ProjectedCoverageLLBI-exp-RootCuts,FPP-Branch-Benders-MeanCVaR-ProjectedCoverageLLBI-exp-RootCuts,coverage,exp,5,0,0,0,Feasible:5,106.9025,100.1781013,0.062817962,1811.562702,73.935,75.5676,139.87,154.812,6206.6,162.2,0,1000,10.60226363,44.07934057,0
new20x20,shortest_path,MeanCVaR,0.03,200,FPP-Branch-Benders-ProjectedPathLLBI-exp-RootCuts,FPP-Branch-Benders-MeanCVaR-ProjectedPathLLBI-exp-RootCuts,path,exp,5,1,0,0,Feasible:4;Optimal:1,106.1215,102.8315868,0.030761044,1756.411435,72.823,74.3902,139.42,152.916,3552.2,147.2,0,1000,3.679563994,47.67952189,0
new20x20,shortest_path,MeanCVaR,0.03,200,FPP-Branch-Benders-RootCuts,FPP-Branch-Benders-MeanCVaR-RootCuts,none,none,5,0,0,0,Feasible:5,109.417,90.17338266,0.175604976,1801.581215,75.024,76.1146,143.81,154.926,16038.8,161.2,0,0,0,84.06102603,0
new20x20,shortest_path,MeanCVaR,0.03,200,FPP-SAA-fpp_base,FPP-SAA-MeanCVaR,none,none,5,0,0,0,Feasible:5,107.048,102.0295869,0.046954704,1800.105038,73.746,74.6824,140.35,151.766,0,0,0,0,0,0,0
new20x20,shortest_path,MeanCVaR,0.03,400,FPP-Branch-Benders-Combinatorial,FPP-Branch-Benders-Combinatorial-MeanCVaR,none,none,5,0,0,0,Feasible:5,110.78875,101.5826854,0.082826306,1904.230148,75.1025,75.0328,146.475,152.716,852.8,0,0,0,0,0,258413.4
new20x20,shortest_path,MeanCVaR,0.03,400,FPP-Branch-Benders-LLBI-RootCuts,FPP-Branch-Benders-MeanCVaR-LLBI-RootCuts,none,none,5,0,0,0,Feasible:5,113.8775,90.35067041,0.206431694,1803.883652,78.82,78.4284,148.935,153.568,19211.6,329.2,400,0,0,99.51228823,0
new20x20,shortest_path,MeanCVaR,0.03,400,FPP-Branch-Benders-ProjectedCoverageLLBI-exp-RootCuts,FPP-Branch-Benders-MeanCVaR-ProjectedCoverageLLBI-exp-RootCuts,coverage,exp,5,0,0,0,Feasible:5,110.81575,98.22341172,0.113447486,1832.820758,76.7115,76.2456,144.92,150.74,16577.2,338.6,0,1000,29.34123903,101.4692393,0
new20x20,shortest_path,MeanCVaR,0.03,400,FPP-Branch-Benders-ProjectedPathLLBI-exp-RootCuts,FPP-Branch-Benders-MeanCVaR-ProjectedPathLLBI-exp-RootCuts,path,exp,5,0,0,0,Feasible:5,110.0275,99.63503317,0.09436532,1806.261951,75.615,75.4612,144.44,150.618,13746.2,330.2,0,1000,3.154216668,77.83780146,0
new20x20,shortest_path,MeanCVaR,0.03,400,FPP-Branch-Benders-RootCuts,FPP-Branch-Benders-MeanCVaR-RootCuts,none,none,5,0,0,0,Feasible:5,113.2945,91.02602689,0.196560512,1803.208605,77.934,77.797,148.655,154.53,30770.4,326.6,0,0,0,129.6819929,0
new20x20,shortest_path,MeanCVaR,0.03,400,FPP-SAA-fpp_base,FPP-SAA-MeanCVaR,none,none,5,0,0,0,Feasible:5,181.76675,100.5471755,0.439510348,1800.279554,117.801,115.1964,245.53,242.904,0,0,0,0,0,0,0
new20x20_reburn,reburn,CVaR,0.01,100,FPP-Branch-Benders-Combinatorial,FPP-Branch-Benders-Combinatorial-CVaR,none,none,5,0,0,0,Feasible:5,396,346.7467921,0.124376786,1827.284816,254.596,252.3206,396,396.04,160,0,0,0,0,0,42320
new20x20_reburn,reburn,CVaR,0.01,100,FPP-Branch-Benders-LLBI-RootCuts,FPP-Branch-Benders-CVaR-LLBI-RootCuts,none,none,5,0,0,0,Feasible:5,396,316.6497979,0.200379298,1810.121811,256.354,253.034,396,396.048,26232.6,65.6,100,0,0,572.4241107,0
new20x20_reburn,reburn,CVaR,0.01,100,FPP-Branch-Benders-ProjectedCoverageLLBI-exp-RootCuts,FPP-Branch-Benders-CVaR-ProjectedCoverageLLBI-exp-RootCuts,coverage,exp,5,0,0,0,Feasible:5,396,317.609551,0.197955678,1881.891283,256.324,253.0692,396,396.052,23985.8,66.4,0,167.8,80.59258197,543.1386442,0
new20x20_reburn,reburn,CVaR,0.01,100,FPP-Branch-Benders-ProjectedPathLLBI-exp-RootCuts,FPP-Branch-Benders-CVaR-ProjectedPathLLBI-exp-RootCuts,path,exp,5,0,0,0,Feasible:5,396,324.8521915,0.179666182,1810.062879,256.242,253.012,396,396.038,21984.8,71.2,0,793.6,7.956182056,516.5204963,0
new20x20_reburn,reburn,CVaR,0.01,100,FPP-Branch-Benders-RootCuts,FPP-Branch-Benders-CVaR-RootCuts,none,none,5,0,0,0,Feasible:5,396,317.1503691,0.199115228,1801.234668,256.194,252.8928,396,396.042,31398,77.4,0,0,0,667.0103042,0
new20x20_reburn,reburn,CVaR,0.01,100,FPP-SAA-fpp_base,FPP-SAA-CVaR,none,none,5,0,0,0,Feasible:5,2991.62,0,1,1935.425089,256.568,253.2204,396.02,396.056,0,0,0,0,0,0,0
new20x20_reburn,reburn,CVaR,0.01,200,FPP-Branch-Benders-Combinatorial,FPP-Branch-Benders-Combinatorial-CVaR,none,none,5,0,0,0,Feasible:5,396.04,347.6838657,0.122099012,1859.382023,260.278,252.122,396.04,396.054,232,0,0,0,0,0,60740
new20x20_reburn,reburn,CVaR,0.01,200,FPP-Branch-Benders-LLBI-RootCuts,FPP-Branch-Benders-CVaR-LLBI-RootCuts,none,none,5,0,0,0,Feasible:5,396.01,307.4277087,0.223686088,1817.892589,261.541,252.912,396.01,396.062,30472.6,163.8,200,0,0,723.6094722,0
new20x20_reburn,reburn,CVaR,0.01,200,FPP-Branch-Benders-ProjectedCoverageLLBI-exp-RootCuts,FPP-Branch-Benders-CVaR-ProjectedCoverageLLBI-exp-RootCuts,coverage,exp,5,0,0,0,Feasible:5,396,309.8276663,0.217606904,2032.948697,261.495,252.9454,396,396.044,31920.4,154.6,0,276.8,228.9110156,772.5450261,0
new20x20_reburn,reburn,CVaR,0.01,200,FPP-Branch-Benders-ProjectedPathLLBI-exp-RootCuts,FPP-Branch-Benders-CVaR-ProjectedPathLLBI-exp-RootCuts,path,exp,5,0,0,0,Feasible:5,396,329.1400861,0.168838166,1816.533592,261.441,253.0384,396,396.042,25656.2,149,0,1000,11.28395823,613.8206983,0
new20x20_reburn,reburn,CVaR,0.01,200,FPP-Branch-Benders-RootCuts,FPP-Branch-Benders-CVaR-RootCuts,none,none,5,0,0,0,Feasible:5,396,315.0607255,0.204392108,1803.48921,261.397,252.8654,396,396.05,34846.6,151.6,0,0,0,732.6999644,0
new20x20_reburn,reburn,CVaR,0.01,200,FPP-SAA-fpp_base,FPP-SAA-CVaR,none,none,5,0,0,0,Feasible:5,3043.89,0,1,2188.541438,261.536,253.049,396.04,396.076,0,0,0,0,0,0,0
new20x20_reburn,reburn,CVaR,0.01,400,FPP-Branch-Benders-LLBI-RootCuts,FPP-Branch-Benders-CVaR-LLBI-RootCuts,none,none,1,0,0,0,Feasible:1,396,311.8792606,0.21242611,1832.253725,251.545,252.766,396,396.07,36302,263,400,0,0,869.431454,0
new20x20_reburn,reburn,CVaR,0.01,400,FPP-Branch-Benders-RootCuts,FPP-Branch-Benders-CVaR-RootCuts,none,none,2,0,0,0,Feasible:2,396,311.2811017,0.21393661,1806.358121,250.41,252.675,396,396.04,40897,304.5,0,0,0,833.5879596,0
new20x20_reburn,reburn,CVaR,0.01,400,FPP-SAA-fpp_base,FPP-SAA-CVaR,none,none,3,0,0,0,Feasible:3,2950.866667,0,1,1910.326206,252.6375,253.319,396.0416667,396.04,0,0,0,0,0,0,0
new20x20_reburn,reburn,CVaR,0.02,100,FPP-Branch-Benders-Combinatorial,FPP-Branch-Benders-Combinatorial-CVaR,none,none,5,0,0,0,Feasible:5,392,299.0630655,0.237084016,1847.478761,251.108,249.2858,392,392.076,296,0,0,0,0,0,31216
new20x20_reburn,reburn,CVaR,0.02,100,FPP-Branch-Benders-LLBI-RootCuts,FPP-Branch-Benders-CVaR-LLBI-RootCuts,none,none,5,0,0,0,Feasible:5,392,239.6969976,0.388528068,1809.712232,253.532,250.2144,392,392.094,26683.8,78,100,0,0,578.3461994,0
new20x20_reburn,reburn,CVaR,0.02,100,FPP-Branch-Benders-ProjectedCoverageLLBI-exp-RootCuts,FPP-Branch-Benders-CVaR-ProjectedCoverageLLBI-exp-RootCuts,coverage,exp,5,0,0,0,Feasible:5,392,239.2793761,0.389593428,1908.933473,253.188,250.037,392,392.064,25850.6,75.4,0,188.8,106.7648723,568.1434295,0
new20x20_reburn,reburn,CVaR,0.02,100,FPP-Branch-Benders-ProjectedPathLLBI-exp-RootCuts,FPP-Branch-Benders-CVaR-ProjectedPathLLBI-exp-RootCuts,path,exp,5,0,0,0,Feasible:5,392,257.7352107,0.34251222,1812.648811,253.496,250.2974,392,392.07,22638.6,70.6,0,842,10.36538481,513.9114649,0
new20x20_reburn,reburn,CVaR,0.02,100,FPP-Branch-Benders-RootCuts,FPP-Branch-Benders-CVaR-RootCuts,none,none,5,0,0,0,Feasible:5,392,245.8561789,0.37281587,1801.565456,253.5,250.1424,392,392.096,30358.4,74.2,0,0,0,658.6764422,0
new20x20_reburn,reburn,CVaR,0.02,100,FPP-SAA-fpp_base,FPP-SAA-CVaR,none,none,5,0,0,0,Feasible:5,2991.62,0,1,1936.512305,253.87,250.5096,392.04,392.106,0,0,0,0,0,0,0
new20x20_reburn,reburn,CVaR,0.02,200,FPP-Branch-Benders-Combinatorial,FPP-Branch-Benders-Combinatorial-CVaR,none,none,4,0,0,0,Feasible:4,392.1,299.0667635,0.2372687375,1889.270924,259.325,249.206,392.1,392.0875,345,0,0,0,0,0,42860
new20x20_reburn,reburn,CVaR,0.02,200,FPP-Branch-Benders-LLBI-RootCuts,FPP-Branch-Benders-CVaR-LLBI-RootCuts,none,none,5,0,0,0,Feasible:5,392.03,235.3760345,0.39959735,1818.296456,258.658,250.2268,392.03,392.096,30726,153.6,200,0,0,748.2148559,0
new20x20_reburn,reburn,CVaR,0.02,200,FPP-Branch-Benders-ProjectedCoverageLLBI-exp-RootCuts,FPP-Branch-Benders-CVaR-ProjectedCoverageLLBI-exp-RootCuts,coverage,exp,5,0,0,0,Feasible:5,392.01,231.2295893,0.410143568,2034.189569,258.49,250.0594,392.01,392.098,31766.8,151.4,0,322.6,229.8442843,869.7717129,0
new20x20_reburn,reburn,CVaR,0.02,200,FPP-Branch-Benders-ProjectedPathLLBI-exp-RootCuts,FPP-Branch-Benders-CVaR-ProjectedPathLLBI-exp-RootCuts,path,exp,4,0,0,0,Feasible:4,392,259.4388577,0.3381661775,1812.058688,261.095,250.26325,392,392.0925,24955,147.5,0,1000,8.92109026,649.2856413,0
new20x20_reburn,reburn,CVaR,0.02,200,FPP-Branch-Benders-RootCuts,FPP-Branch-Benders-CVaR-RootCuts,none,none,5,0,0,0,Feasible:5,392,246.978408,0.36995304,1803.268845,258.353,250.034,392,392.09,34309,145.8,0,0,0,804.3664207,0
new20x20_reburn,reburn,CVaR,0.02,200,FPP-SAA-fpp_base,FPP-SAA-CVaR,none,none,5,0,0,0,Feasible:5,3043.89,0,1,2230.574036,258.862,250.4274,392.09,392.124,0,0,0,0,0,0,0
new20x20_reburn,reburn,CVaR,0.03,100,FPP-Branch-Benders-Combinatorial,FPP-Branch-Benders-Combinatorial-CVaR,none,none,5,0,0,0,Feasible:5,388,253.65553,0.346248634,1878.038419,247.764,246.336,388,388.126,1334.2,0,0,0,0,0,27934.2
new20x20_reburn,reburn,CVaR,0.03,100,FPP-Branch-Benders-LLBI-RootCuts,FPP-Branch-Benders-CVaR-LLBI-RootCuts,none,none,5,0,0,0,Feasible:5,388,177.0921654,0.543576894,1806.174888,250.578,247.4334,388,388.134,26040,85.2,100,0,0,558.0261953,0
new20x20_reburn,reburn,CVaR,0.03,100,FPP-Branch-Benders-ProjectedCoverageLLBI-exp-RootCuts,FPP-Branch-Benders-CVaR-ProjectedCoverageLLBI-exp-RootCuts,coverage,exp,5,0,0,0,Feasible:5,388,176.7137999,0.544552062,1910.917519,250.07,246.994,388,388.144,25880,83.2,0,207.2,109.3587226,585.1667251,0
new20x20_reburn,reburn,CVaR,0.03,100,FPP-Branch-Benders-ProjectedPathLLBI-exp-RootCuts,FPP-Branch-Benders-CVaR-ProjectedPathLLBI-exp-RootCuts,path,exp,5,0,0,0,Feasible:5,388.02,188.7542303,0.51354399,1808.779451,250.428,247.4036,388.02,388.13,21357,75.8,0,866.8,7.648673344,532.7855971,0
new20x20_reburn,reburn,CVaR,0.03,100,FPP-Branch-Benders-RootCuts,FPP-Branch-Benders-CVaR-RootCuts,none,none,5,0,0,0,Feasible:5,388,183.2301362,0.527757382,1801.142787,250.704,247.4368,388,388.148,30359.8,77.4,0,0,0,644.3649099,0
new20x20_reburn,reburn,CVaR,0.03,100,FPP-SAA-fpp_base,FPP-SAA-CVaR,none,none,5,0,0,0,Feasible:5,2991.62,0,1,1911.530591,251.29,247.9402,388.12,388.134,0,0,0,0,0,0,0
new20x20_reburn,reburn,CVaR,0.03,200,FPP-Branch-Benders-LLBI-RootCuts,FPP-Branch-Benders-CVaR-LLBI-RootCuts,none,none,5,0,0,0,Feasible:5,388.05,165.7973113,0.57274192,1819.52524,255.454,247.1204,388.05,388.134,30362.8,168,200,0,0,806.3628413,0
new20x20_reburn,reburn,CVaR,0.03,200,FPP-Branch-Benders-ProjectedCoverageLLBI-exp-RootCuts,FPP-Branch-Benders-CVaR-ProjectedCoverageLLBI-exp-RootCuts,coverage,exp,4,0,0,0,Feasible:4,388.0375,156.6157575,0.596390925,2071.054735,258.03,247.411,388.0375,388.1475,31711.5,170.25,0,332.25,266.9602157,892.5586019,0
new20x20_reburn,reburn,CVaR,0.03,200,FPP-Branch-Benders-RootCuts,FPP-Branch-Benders-CVaR-RootCuts,none,none,5,0,0,0,Feasible:5,388.02,185.2401753,0.52260138,1804.198187,255.671,247.393,388.02,388.15,35103.2,150.6,0,0,0,842.824082,0
new20x20_reburn,reburn,CVaR,0.03,200,FPP-SAA-fpp_base,FPP-SAA-CVaR,none,none,5,0,0,0,Feasible:5,3043.89,0,1,2175.649689,256.119,247.7906,388.16,388.17,0,0,0,0,0,0,0
new20x20_reburn,reburn,Expected,0.01,100,FPP-Branch-Benders-Combinatorial,FPP-Branch-Benders-Combinatorial,none,none,5,0,0,0,Feasible:5,254.596,203.065575,0.202490156,1841.879344,254.596,252.3206,396,396.04,2044.2,0,0,0,0,0,239900.2
new20x20_reburn,reburn,Expected,0.01,100,FPP-Branch-Benders-LLBI-RootCuts,FPP-Branch-Benders-LLBI-RootCuts,none,none,5,0,0,0,Feasible:5,255.124,198.7050915,0.220876924,1807.294297,255.124,252.5288,396.02,396.032,37389,80.4,100,0,0,634.4553989,0
new20x20_reburn,reburn,Expected,0.01,100,FPP-Branch-Benders-ProjectedCoverageLLBI-exp-RootCuts,FPP-Branch-Benders-ProjectedCoverageLLBI-exp-RootCuts,coverage,exp,5,0,0,0,Feasible:5,254.968,199.6960102,0.216766246,1867.909077,254.968,252.433,396.02,396.024,35409.8,81,0,184.4,65.96490533,602.993245,0
new20x20_reburn,reburn,Expected,0.01,100,FPP-Branch-Benders-ProjectedPathLLBI-exp-RootCuts,FPP-Branch-Benders-ProjectedPathLLBI-exp-RootCuts,path,exp,5,0,0,0,Feasible:5,255.208,207.8092831,0.185483528,1806.795027,255.208,252.505,396.02,396.052,24312.6,83.8,0,756.2,5.176949088,431.3604012,0
new20x20_reburn,reburn,Expected,0.01,100,FPP-Branch-Benders-RootCuts,FPP-Branch-Benders-RootCuts,none,none,5,0,0,0,Feasible:5,255.05,200.8251048,0.212547348,1801.081562,255.05,252.5188,396,396.052,41308,80.2,0,0,0,672.7516059,0
new20x20_reburn,reburn,Expected,0.01,100,FPP-SAA-fpp_base,FPP-SAA,none,none,5,0,0,0,Feasible:5,258.96,1,0.996132124,1839.02346,256.262,253.0394,396.04,396.04,0,0,0,0,0,0,0
new20x20_reburn,reburn,Expected,0.01,200,FPP-Branch-Benders-Combinatorial,FPP-Branch-Benders-Combinatorial,none,none,5,0,0,0,Feasible:5,260.278,205.781982,0.209403082,1848.948597,260.278,252.122,396.04,396.054,3419.6,0,0,0,0,0,142235.6
new20x20_reburn,reburn,Expected,0.01,200,FPP-Branch-Benders-LLBI-RootCuts,FPP-Branch-Benders-LLBI-RootCuts,none,none,5,0,0,0,Feasible:5,260.687,187.8655215,0.279074394,1816.360671,260.687,252.4638,396.05,396.032,41306,156,200,0,0,756.2752541,0
new20x20_reburn,reburn,Expected,0.01,200,FPP-Branch-Benders-ProjectedCoverageLLBI-exp-RootCuts,FPP-Branch-Benders-ProjectedCoverageLLBI-exp-RootCuts,coverage,exp,5,0,0,0,Feasible:5,260.619,189.8723387,0.271357052,2035.720264,260.619,252.4466,396.02,396.05,43398.8,157.2,0,295.4,232.4951708,782.7507204,0
new20x20_reburn,reburn,Expected,0.01,200,FPP-Branch-Benders-ProjectedPathLLBI-exp-RootCuts,FPP-Branch-Benders-ProjectedPathLLBI-exp-RootCuts,path,exp,5,0,0,0,Feasible:5,260.537,207.2523436,0.204310752,1812.845703,260.537,252.4036,396.07,396.042,37306.8,159.6,0,1000,8.02697288,663.7623279,0
new20x20_reburn,reburn,Expected,0.01,200,FPP-Branch-Benders-RootCuts,FPP-Branch-Benders-RootCuts,none,none,5,0,0,0,Feasible:5,260.768,195.8264848,0.249176128,1804.363349,260.768,252.5592,396.05,396.05,46030.8,155.4,0,0,0,821.3449323,0
new20x20_reburn,reburn,Expected,0.01,200,FPP-SAA-fpp_base,FPP-SAA,none,none,5,0,0,0,Feasible:5,264.163,1,0.996211394,1803.184005,261.693,253.2038,396.03,396.046,0,0,0,0,0,0,0
new20x20_reburn,reburn,Expected,0.01,400,FPP-Branch-Benders-Combinatorial,FPP-Branch-Benders-Combinatorial,none,none,3,0,0,0,Feasible:3,250.5933333,195.2571732,0.2208592467,1903.083219,250.5933333,252.0283333,396.0666667,396.04,4741.666667,0,0,0,0,0,167048.3333
new20x20_reburn,reburn,Expected,0.01,400,FPP-Branch-Benders-LLBI-RootCuts,FPP-Branch-Benders-LLBI-RootCuts,none,none,4,0,0,0,Feasible:4,250.899375,179.2283331,0.285731365,1834.011759,250.899375,252.581,396.03125,396.0475,47239.25,309.75,400,0,0,834.6793367,0
new20x20_reburn,reburn,Expected,0.01,400,FPP-Branch-Benders-ProjectedCoverageLLBI-exp-RootCuts,FPP-Branch-Benders-ProjectedCoverageLLBI-exp-RootCuts,coverage,exp,3,0,0,0,Feasible:3,251.4966667,182.5970345,0.2740273267,2255.745786,251.4966667,252.4513333,396.025,396.0366667,51158,312.6666667,0,526.3333333,449.0674114,881.8883128,0
new20x20_reburn,reburn,Expected,0.01,400,FPP-Branch-Benders-ProjectedPathLLBI-exp-RootCuts,FPP-Branch-Benders-ProjectedPathLLBI-exp-RootCuts,path,exp,3,0,0,0,Feasible:3,251.3475,194.4199622,0.2265196367,1815.712218,251.3475,252.479,396.0416667,396.0333333,48698.66667,320.6666667,0,1000,8.552394343,836.2006769,0
new20x20_reburn,reburn,Expected,0.01,400,FPP-Branch-Benders-RootCuts,FPP-Branch-Benders-RootCuts,none,none,4,0,0,0,Feasible:4,250.804375,184.9855317,0.2624108725,1807.332945,250.804375,252.45175,396.03125,396.05,52270,310.75,0,0,0,917.9961813,0
new20x20_reburn,reburn,Expected,0.01,400,FPP-SAA-fpp_base,FPP-SAA,none,none,5,0,0,0,Feasible:5,256.036,1,0.996093442,1804.993632,253.5965,253.205,396.055,396.034,0,0,0,0,0,0,0
new20x20_reburn,reburn,Expected,0.02,100,FPP-Branch-Benders-Combinatorial,FPP-Branch-Benders-Combinatorial,none,none,5,0,0,0,Feasible:5,251.108,164.335086,0.345316902,1844.58609,251.108,249.2858,392,392.076,2106.8,0,0,0,0,0,85122.8
new20x20_reburn,reburn,Expected,0.02,100,FPP-Branch-Benders-LLBI-RootCuts,FPP-Branch-Benders-LLBI-RootCuts,none,none,5,0,0,0,Feasible:5,252.136,152.9438409,0.393175694,1805.000381,252.136,249.5416,392.04,392.1,36290.8,83.2,100,0,0,598.4477165,0
new20x20_reburn,reburn,Expected,0.02,100,FPP-Branch-Benders-ProjectedCoverageLLBI-exp-RootCuts,FPP-Branch-Benders-ProjectedCoverageLLBI-exp-RootCuts,coverage,exp,5,0,0,0,Feasible:5,252.136,153.1376294,0.392386294,1899.738133,252.136,249.522,392.04,392.108,38108,83.4,0,202.6,97.76606919,617.3615754,0
new20x20_reburn,reburn,Expected,0.02,100,FPP-Branch-Benders-ProjectedPathLLBI-exp-RootCuts,FPP-Branch-Benders-ProjectedPathLLBI-exp-RootCuts,path,exp,5,0,0,0,Feasible:5,252.376,163.9178925,0.349649446,1807.040546,252.376,249.6642,392.1,392.086,22893.8,83.4,0,824,5.494095784,392.7393755,0
new20x20_reburn,reburn,Expected,0.02,100,FPP-Branch-Benders-RootCuts,FPP-Branch-Benders-RootCuts,none,none,5,0,0,0,Feasible:5,252.176,156.5440152,0.37884552,1801.695968,252.176,249.6374,392.06,392.114,40597,82.8,0,0,0,676.7022735,0
new20x20_reburn,reburn,Expected,0.02,100,FPP-SAA-fpp_base,FPP-SAA,none,none,5,0,0,0,Feasible:5,258.898,1,0.996131308,1837.611463,253.688,250.462,392.08,392.076,0,0,0,0,0,0,0
new20x20_reburn,reburn,Expected,0.02,200,FPP-Branch-Benders-Combinatorial,FPP-Branch-Benders-Combinatorial,none,none,5,0,0,0,Feasible:5,257.046,166.9882072,0.350415904,1900.294294,257.046,249.1742,392.08,392.086,3370.8,0,0,0,0,0,108450.8
new20x20_reburn,reburn,Expected,0.02,200,FPP-Branch-Benders-LLBI-RootCuts,FPP-Branch-Benders-LLBI-RootCuts,none,none,5,0,0,0,Feasible:5,257.714,137.7973948,0.46525071,1816.087463,257.714,249.6084,392.12,392.112,42757.8,164.2,200,0,0,755.3962831,0
new20x20_reburn,reburn,Expected,0.02,200,FPP-Branch-Benders-ProjectedCoverageLLBI-exp-RootCuts,FPP-Branch-Benders-ProjectedCoverageLLBI-exp-RootCuts,coverage,exp,5,0,0,0,Feasible:5,257.754,137.9441681,0.465065578,2014.721939,257.754,249.6146,392.05,392.086,43719.8,163.2,0,325.8,211.2215478,773.6710888,0
new20x20_reburn,reburn,Expected,0.02,200,FPP-Branch-Benders-ProjectedPathLLBI-exp-RootCuts,FPP-Branch-Benders-ProjectedPathLLBI-exp-RootCuts,path,exp,5,0,0,0,Feasible:5,257.57,161.9926275,0.371029172,1815.54271,257.57,249.3822,392.07,392.124,36377,162.6,0,1000,11.68795313,690.1777935,0
new20x20_reburn,reburn,Expected,0.02,200,FPP-Branch-Benders-RootCuts,FPP-Branch-Benders-RootCuts,none,none,5,0,0,0,Feasible:5,257.591,153.3152536,0.404457274,1803.991465,257.591,249.4324,392.09,392.086,46997.8,160.8,0,0,0,858.8265801,0
new20x20_reburn,reburn,Expected,0.02,200,FPP-SAA-fpp_base,FPP-SAA,none,none,5,0,0,0,Feasible:5,264.108,1,0.996210686,1807.464384,259.005,250.6048,392.03,392.094,0,0,0,0,0,0,0
new20x20_reburn,reburn,Expected,0.03,100,FPP-Branch-Benders-Combinatorial,FPP-Branch-Benders-Combinatorial,none,none,5,0,0,0,Feasible:5,247.678,133.2842761,0.461536992,1884.333722,247.678,246.273,388.02,388.128,2851,0,0,0,0,0,69843
new20x20_reburn,reburn,Expected,0.03,100,FPP-Branch-Benders-LLBI-RootCuts,FPP-Branch-Benders-LLBI-RootCuts,none,none,5,0,0,0,Feasible:5,248.918,111.0793324,0.55363212,1807.213108,248.918,246.6038,388.12,388.146,32956.4,86,100,0,0,548.6949237,0
new20x20_reburn,reburn,Expected,0.03,100,FPP-Branch-Benders-ProjectedCoverageLLBI-exp-RootCuts,FPP-Branch-Benders-ProjectedCoverageLLBI-exp-RootCuts,coverage,exp,5,0,0,0,Feasible:5,249.244,113.6125152,0.54364587,1916.033387,249.244,246.7188,388.1,388.122,33761.6,87.8,0,214.2,114.2315645,570.010898,0
new20x20_reburn,reburn,Expected,0.03,100,FPP-Branch-Benders-ProjectedPathLLBI-exp-RootCuts,FPP-Branch-Benders-ProjectedPathLLBI-exp-RootCuts,path,exp,5,0,0,0,Feasible:5,249.214,122.6262981,0.50814583,1811.664751,249.214,246.7028,388.14,388.152,21711.8,82.6,0,853.4,8.866767208,408.2904376,0
new20x20_reburn,reburn,Expected,0.03,100,FPP-Branch-Benders-RootCuts,FPP-Branch-Benders-RootCuts,none,none,5,0,0,0,Feasible:5,248.426,117.0610656,0.528532988,1801.996182,248.426,246.4932,388.1,388.126,38090.2,84.4,0,0,0,648.0410303,0
new20x20_reburn,reburn,Expected,0.03,100,FPP-SAA-fpp_base,FPP-SAA,none,none,5,0,0,0,Feasible:5,258.768,1,0.996129468,1815.162856,251.012,247.8326,388.12,388.108,0,0,0,0,0,0,0
new20x20_reburn,reburn,Expected,0.03,200,FPP-Branch-Benders-Combinatorial,FPP-Branch-Benders-Combinatorial,none,none,5,0,0,0,Feasible:5,253.786,139.6886093,0.44974699,1919.836013,253.786,246.1924,388.13,388.142,3848.4,0,0,0,0,0,87744.4
new20x20_reburn,reburn,Expected,0.03,200,FPP-Branch-Benders-LLBI-RootCuts,FPP-Branch-Benders-LLBI-RootCuts,none,none,5,0,0,0,Feasible:5,254.709,93.21468585,0.633453738,1815.704689,254.709,246.7318,388.12,388.122,41313,169.6,200,0,0,723.9862632,0
new20x20_reburn,reburn,Expected,0.03,200,FPP-Branch-Benders-ProjectedCoverageLLBI-exp-RootCuts,FPP-Branch-Benders-ProjectedCoverageLLBI-exp-RootCuts,coverage,exp,5,0,0,0,Feasible:5,254.748,98.38797435,0.61340711,2038.705258,254.748,246.624,388.18,388.156,41839.4,171.8,0,340.4,234.7842709,771.2421937,0
new20x20_reburn,reburn,Expected,0.03,200,FPP-Branch-Benders-ProjectedPathLLBI-exp-RootCuts,FPP-Branch-Benders-ProjectedPathLLBI-exp-RootCuts,path,exp,5,0,0,0,Feasible:5,254.705,118.2279894,0.535333198,1814.2428,254.705,246.7216,388.14,388.152,36187.2,165.2,0,1000,10.10371734,663.0784986,0
new20x20_reburn,reburn,Expected,0.03,200,FPP-Branch-Benders-RootCuts,FPP-Branch-Benders-RootCuts,none,none,5,0,0,0,Feasible:5,254.822,113.7604044,0.553294124,1805.249506,254.822,246.6916,388.17,388.12,48163.8,165,0,0,0,874.5315424,0
new20x20_reburn,reburn,Expected,0.03,200,FPP-SAA-fpp_base,FPP-SAA,none,none,5,0,0,0,Feasible:5,264.073,1,0.996210094,1808.148753,256.222,247.8634,388.12,388.14,0,0,0,0,0,0,0
new20x20_reburn,reburn,MeanCVaR,0.01,100,FPP-Branch-Benders-Combinatorial,FPP-Branch-Benders-Combinatorial-MeanCVaR,none,none,5,0,0,0,Feasible:5,325.298,256.0711631,0.212837496,1829.868098,254.596,252.3206,396,396.04,611.8,0,0,0,0,0,288435.8
new20x20_reburn,reburn,MeanCVaR,0.01,100,FPP-Branch-Benders-LLBI-RootCuts,FPP-Branch-Benders-MeanCVaR-LLBI-RootCuts,none,none,5,0,0,0,Feasible:5,325.583,257.1080537,0.21029671,1806.503993,255.166,252.5866,396,396.054,29185.8,82.2,100,0,0,512.8518603,0
new20x20_reburn,reburn,MeanCVaR,0.01,100,FPP-Branch-Benders-ProjectedCoverageLLBI-exp-RootCuts,FPP-Branch-Benders-MeanCVaR-ProjectedCoverageLLBI-exp-RootCuts,coverage,exp,5,0,0,0,Feasible:5,325.585,255.6303709,0.214839606,1892.506609,255.15,252.5618,396.02,396.05,29330,82.2,0,178.8,90.86917082,531.1590543,0
new20x20_reburn,reburn,MeanCVaR,0.01,100,FPP-Branch-Benders-ProjectedPathLLBI-exp-RootCuts,FPP-Branch-Benders-MeanCVaR-ProjectedPathLLBI-exp-RootCuts,path,exp,5,0,0,0,Feasible:5,325.724,269.3463999,0.17303704,1807.833844,255.428,252.6836,396.02,396.044,19205.4,80,0,795,6.098161436,374.1348125,0
new20x20_reburn,reburn,MeanCVaR,0.01,100,FPP-Branch-Benders-RootCuts,FPP-Branch-Benders-MeanCVaR-RootCuts,none,none,5,0,0,0,Feasible:5,325.699,260.3872536,0.200515782,1801.921423,255.358,252.6604,396.04,396.036,28342,82,0,0,0,507.0164616,0
new20x20_reburn,reburn,MeanCVaR,0.01,100,FPP-SAA-fpp_base,FPP-SAA-MeanCVaR,none,none,5,0,0,0,Feasible:5,1625.362,0.5,0.99969199,1928.714435,256.568,253.2204,396.02,396.056,0,0,0,0,0,0,0
new20x20_reburn,reburn,MeanCVaR,0.01,200,FPP-Branch-Benders-Combinatorial,FPP-Branch-Benders-Combinatorial-MeanCVaR,none,none,5,0,0,0,Feasible:5,328.159,265.9492652,0.189574984,1841.977522,260.278,252.122,396.04,396.054,1196.6,0,0,0,0,0,130660.6
new20x20_reburn,reburn,MeanCVaR,0.01,200,FPP-Branch-Benders-LLBI-RootCuts,FPP-Branch-Benders-MeanCVaR-LLBI-RootCuts,none,none,5,0,0,0,Feasible:5,328.3325,248.427798,0.243520384,1818.135887,260.615,252.4388,396.05,396.054,34098.2,169.2,200,0,0,645.7084956,0
new20x20_reburn,reburn,MeanCVaR,0.01,200,FPP-Branch-Benders-ProjectedCoverageLLBI-exp-RootCuts,FPP-Branch-Benders-MeanCVaR-ProjectedCoverageLLBI-exp-RootCuts,coverage,exp,5,0,0,0,Feasible:5,328.36,250.0940616,0.23846675,2005.204696,260.69,252.4818,396.03,396.034,34357.4,157.4,0,283.8,201.5408003,665.5289848,0
new20x20_reburn,reburn,MeanCVaR,0.01,200,FPP-Branch-Benders-ProjectedPathLLBI-exp-RootCuts,FPP-Branch-Benders-MeanCVaR-ProjectedPathLLBI-exp-RootCuts,path,exp,5,0,0,0,Feasible:5,328.437,268.4314093,0.18271917,1810.817889,260.864,252.6014,396.01,396.058,32066.2,161.8,0,1000,7.357588156,607.6472307,0
new20x20_reburn,reburn,MeanCVaR,0.01,200,FPP-Branch-Benders-RootCuts,FPP-Branch-Benders-MeanCVaR-RootCuts,none,none,5,0,0,0,Feasible:5,328.515,257.1222943,0.217370238,1803.40928,260.92,252.5572,396.11,396.052,35977.6,160.4,0,0,0,652.1123716,0
new20x20_reburn,reburn,MeanCVaR,0.01,200,FPP-SAA-fpp_base,FPP-SAA-MeanCVaR,none,none,5,0,0,0,Feasible:5,1654.0995,0.5,0.999697534,1900.782194,261.536,253.049,396.04,396.076,0,0,0,0,0,0,0
new20x20_reburn,reburn,MeanCVaR,0.02,100,FPP-Branch-Benders-Combinatorial,FPP-Branch-Benders-Combinatorial-MeanCVaR,none,none,5,0,0,0,Feasible:5,321.554,203.1310302,0.368383766,1851.811547,251.108,249.2858,392,392.076,883.2,0,0,0,0,0,103763.2
new20x20_reburn,reburn,MeanCVaR,0.02,100,FPP-Branch-Benders-LLBI-RootCuts,FPP-Branch-Benders-MeanCVaR-LLBI-RootCuts,none,none,5,0,0,0,Feasible:5,322.071,197.4515237,0.386992116,1810.603458,252.102,249.541,392.04,392.102,24731,84,100,0,0,440.5798378,0
new20x20_reburn,reburn,MeanCVaR,0.02,100,FPP-Branch-Benders-ProjectedCoverageLLBI-exp-RootCuts,FPP-Branch-Benders-MeanCVaR-ProjectedCoverageLLBI-exp-RootCuts,coverage,exp,5,0,0,0,Feasible:5,322.041,193.0402572,0.40050296,1895.863134,252.042,249.5828,392.04,392.102,25068.4,85.2,0,200,94.60432804,433.4634766,0
new20x20_reburn,reburn,MeanCVaR,0.02,100,FPP-Branch-Benders-ProjectedPathLLBI-exp-RootCuts,FPP-Branch-Benders-MeanCVaR-ProjectedPathLLBI-exp-RootCuts,path,exp,5,0,0,0,Feasible:5,322.314,212.3973156,0.341074364,1807.790363,252.588,249.804,392.04,392.068,21900.4,80.4,0,837.8,6.263250038,408.9507899,0
new20x20_reburn,reburn,MeanCVaR,0.02,100,FPP-Branch-Benders-RootCuts,FPP-Branch-Benders-MeanCVaR-RootCuts,none,none,5,0,0,0,Feasible:5,322.108,200.8208049,0.376575858,1802.151601,252.196,249.6534,392.02,392.086,25394,84.8,0,0,0,445.6208426,0
new20x20_reburn,reburn,MeanCVaR,0.02,100,FPP-SAA-fpp_base,FPP-SAA-MeanCVaR,none,none,5,0,0,0,Feasible:5,1625.326,0.5,0.999691982,1904.355296,253.87,250.5096,392.04,392.106,0,0,0,0,0,0,0
new20x20_reburn,reburn,MeanCVaR,0.02,200,FPP-Branch-Benders-Combinatorial,FPP-Branch-Benders-Combinatorial-MeanCVaR,none,none,4,0,0,0,Feasible:4,325.7125,215.8526899,0.3372980825,1894.672781,259.325,249.206,392.1,392.0875,1215.25,0,0,0,0,0,107330.25
new20x20_reburn,reburn,MeanCVaR,0.02,200,FPP-Branch-Benders-LLBI-RootCuts,FPP-Branch-Benders-MeanCVaR-LLBI-RootCuts,none,none,4,0,0,0,Feasible:4,326.115625,190.3802388,0.4162283125,1813.693115,260.19375,249.68325,392.0375,392.0925,36820.75,168.5,200,0,0,630.0827299,0
new20x20_reburn,reburn,MeanCVaR,0.02,200,FPP-Branch-Benders-ProjectedCoverageLLBI-exp-RootCuts,FPP-Branch-Benders-MeanCVaR-ProjectedCoverageLLBI-exp-RootCuts,coverage,exp,4,0,0,0,Feasible:4,326.104375,189.3857315,0.41917161,2047.0076,260.17125,249.6265,392.0375,392.105,35472.75,168,0,326.75,242.5039974,661.4772857,0
new20x20_reburn,reburn,MeanCVaR,0.02,200,FPP-Branch-Benders-ProjectedPathLLBI-exp-RootCuts,FPP-Branch-Benders-MeanCVaR-ProjectedPathLLBI-exp-RootCuts,path,exp,4,0,0,0,Feasible:4,326.21125,210.1201845,0.3560295225,1815.39072,260.31,249.83825,392.1125,392.09,33319.5,162,0,1000,11.08498867,626.2501987,0
new20x20_reburn,reburn,MeanCVaR,0.02,200,FPP-Branch-Benders-RootCuts,FPP-Branch-Benders-MeanCVaR-RootCuts,none,none,4,0,0,0,Feasible:4,326.105625,204.4380029,0.3730713675,1804.06348,260.17375,249.667,392.0375,392.09,36675.5,169.25,0,0,0,664.7704025,0
new20x20_reburn,reburn,MeanCVaR,0.02,200,FPP-SAA-fpp_base,FPP-SAA-MeanCVaR,none,none,4,0,0,0,Feasible:4,1667.174375,0.5,0.999699955,1890.036142,261.16125,250.421,392.1,392.1125,0,0,0,0,0,0,0
new20x20_reburn,reburn,MeanCVaR,0.03,100,FPP-Branch-Benders-Combinatorial,FPP-Branch-Benders-Combinatorial-MeanCVaR,none,none,5,0,0,0,Feasible:5,317.849,153.7535602,0.516414168,1874.156911,247.678,246.273,388.02,388.128,1160,0,0,0,0,0,89512
new20x20_reburn,reburn,MeanCVaR,0.03,100,FPP-Branch-Benders-LLBI-RootCuts,FPP-Branch-Benders-MeanCVaR-LLBI-RootCuts,none,none,5,0,0,0,Feasible:5,318.77,140.3946946,0.559323524,1809.342015,249.52,246.9386,388.02,388.146,26078,91,100,0,0,435.8138996,0
new20x20_reburn,reburn,MeanCVaR,0.03,100,FPP-Branch-Benders-ProjectedCoverageLLBI-exp-RootCuts,FPP-Branch-Benders-MeanCVaR-ProjectedCoverageLLBI-exp-RootCuts,coverage,exp,5,0,0,0,Feasible:5,318.726,142.6420615,0.552413534,1917.956823,249.312,246.8466,388.14,388.156,24233.8,88.6,0,210.4,116.6003845,445.9529742,0
new20x20_reburn,reburn,MeanCVaR,0.03,100,FPP-Branch-Benders-ProjectedPathLLBI-exp-RootCuts,FPP-Branch-Benders-MeanCVaR-ProjectedPathLLBI-exp-RootCuts,path,exp,5,0,0,0,Feasible:5,318.753,156.1282567,0.510455646,1810.391011,249.466,246.8858,388.04,388.126,21133.4,84,0,862.2,8.837573206,410.1837033,0
new20x20_reburn,reburn,MeanCVaR,0.03,100,FPP-Branch-Benders-RootCuts,FPP-Branch-Benders-MeanCVaR-RootCuts,none,none,5,0,0,0,Feasible:5,318.757,144.8393451,0.545827716,1802.253071,249.454,246.772,388.06,388.164,25758.2,85.6,0,0,0,461.6096605,0
new20x20_reburn,reburn,MeanCVaR,0.03,100,FPP-SAA-fpp_base,FPP-SAA-MeanCVaR,none,none,5,0,0,0,Feasible:5,1625.292,0.5,0.999691974,1896.149796,251.29,247.9402,388.12,388.134,0,0,0,0,0,0,0
