archive_path,bytes,sha256,source_occurrences,sources
fpp_20x20_attached_only_profiles/joined_profile_20x20_CVaR_attached_methods_all_alpha.png,319865,a35500f1768cbbc46e65309cc2a8cd6f9403b4d9742040c5ff9d53a481fce345,2,fpp_20x20_attached_only_profiles.zip:profiles/joined_profile_20x20_CVaR_attached_methods_all_alpha.png | standalone_files:fpp_20x20_attached_only_profiles/profiles/joined_profile_20x20_CVaR_attached_methods_all_alpha.png
fpp_20x20_attached_only_profiles/joined_profile_20x20_CVaR_attached_methods_all_alpha.pdf,22136,550c8d97957b29f5b47805f606440e78b191fa47f1eb0f56b4af2a1e2e96f322,1,fpp_20x20_attached_only_profiles.zip:profiles/joined_profile_20x20_CVaR_attached_methods_all_alpha.pdf
fpp_20x20_attached_only_profiles/joined_profile_20x20_Expected_attached_methods_all_alpha.png,304229,394341e3e5ca6c677300de07dce0c2807eecfb977f7e2fddbe353ff57d6b752a,2,fpp_20x20_attached_only_profiles.zip:profiles/joined_profile_20x20_Expected_attached_methods_all_alpha.png | standalone_files:fpp_20x20_attached_only_profiles/profiles/joined_profile_20x20_Expected_attached_methods_all_alpha.png
fpp_20x20_attached_only_profiles/joined_profile_20x20_Expected_attached_methods_all_alpha.pdf,22001,4ec69afe9d8936355069bf4924da78af80d46e74cd9e7b5ac8be0a0c23d0a4e1,1,fpp_20x20_attached_only_profiles.zip:profiles/joined_profile_20x20_Expected_attached_methods_all_alpha.pdf
fpp_20x20_attached_only_profiles/joined_profile_20x20_MeanCVaR_attached_methods_all_alpha.png,327786,ad7b4b8b3e112121e5b92deb21744f7eef0013082de245dc5be6e2843dc94896,2,fpp_20x20_attached_only_profiles.zip:profiles/joined_profile_20x20_MeanCVaR_attached_methods_all_alpha.png | standalone_files:fpp_20x20_attached_only_profiles/profiles/joined_profile_20x20_MeanCVaR_attached_methods_all_alpha.png
fpp_20x20_attached_only_profiles/joined_profile_20x20_MeanCVaR_attached_methods_all_alpha.pdf,22519,dbac02920cf00ff58e020c5b4a95ef3d337f3a0db4c22e8b06c080b0724f4813,1,fpp_20x20_attached_only_profiles.zip:profiles/joined_profile_20x20_MeanCVaR_attached_methods_all_alpha.pdf
fpp_20x20_attached_only_profiles/joined_profile_20x20_CVaR_alpha_0p01_attached_methods.png,300609,09e74aa8ac2025bc1ea0478b0d480f893939c4f4b7bf276beae0abad45c5c723,1,fpp_20x20_attached_only_profiles.zip:profiles/joined_profile_20x20_CVaR_alpha_0p01_attached_methods.png
fpp_20x20_attached_only_profiles/joined_profile_20x20_CVaR_alpha_0p01_attached_methods.pdf,20780,f455b20bfe3aefd993ead619ccd978aa609a0bb7805686444aa2ca791489087d,1,fpp_20x20_attached_only_profiles.zip:profiles/joined_profile_20x20_CVaR_alpha_0p01_attached_methods.pdf
fpp_20x20_attached_only_profiles/joined_profile_20x20_CVaR_alpha_0p02_attached_methods.png,308014,e085ba951825a4e2462c4070e076b8ee7a8a745b898b212cbe33c0ba43b75f25,1,fpp_20x20_attached_only_profiles.zip:profiles/joined_profile_20x20_CVaR_alpha_0p02_attached_methods.png
fpp_20x20_attached_only_profiles/joined_profile_20x20_CVaR_alpha_0p02_attached_methods.pdf,20876,119a6f186c10dd104860214aa96b4d28c3b2d19e0adc0a0714fb79d49fd948d7,1,fpp_20x20_attached_only_profiles.zip:profiles/joined_profile_20x20_CVaR_alpha_0p02_attached_methods.pdf
fpp_20x20_attached_only_profiles/joined_profile_20x20_CVaR_alpha_0p03_attached_methods.png,304202,7183156dee295c5223abcf5338f507d4f01d562d3b2e70389200c9e52700d827,1,fpp_20x20_attached_only_profiles.zip:profiles/joined_profile_20x20_CVaR_alpha_0p03_attached_methods.png
fpp_20x20_attached_only_profiles/joined_profile_20x20_CVaR_alpha_0p03_attached_methods.pdf,21133,f20921bfd6b3330b66c7ccc3103880ae1c79aa78cd77302f2b93e746a673971b,1,fpp_20x20_attached_only_profiles.zip:profiles/joined_profile_20x20_CVaR_alpha_0p03_attached_methods.pdf
fpp_20x20_attached_only_profiles/joined_profile_20x20_Expected_alpha_0p01_attached_methods.png,290656,add4d6ce4d2d68d88681f097aa758c07d3afa734de4a18788739da0655ce1ef6,1,fpp_20x20_attached_only_profiles.zip:profiles/joined_profile_20x20_Expected_alpha_0p01_attached_methods.png
fpp_20x20_attached_only_profiles/joined_profile_20x20_Expected_alpha_0p01_attached_methods.pdf,20552,685280a432426d169e0c2c5f0e47b8d459ca56a025dac2e4cbe776700e3b3307,1,fpp_20x20_attached_only_profiles.zip:profiles/joined_profile_20x20_Expected_alpha_0p01_attached_methods.pdf
fpp_20x20_attached_only_profiles/joined_profile_20x20_Expected_alpha_0p02_attached_methods.png,295593,365deb34da39a0f4aa80eaa79207815ee74e2f33ced65e84edb2138ebb0fe253,1,fpp_20x20_attached_only_profiles.zip:profiles/joined_profile_20x20_Expected_alpha_0p02_attached_methods.png
fpp_20x20_attached_only_profiles/joined_profile_20x20_Expected_alpha_0p02_attached_methods.pdf,20605,612bb4aa8acaf139cf23938063f48a86344b5d3fd40e1e95cba544586ddfbe50,1,fpp_20x20_attached_only_profiles.zip:profiles/joined_profile_20x20_Expected_alpha_0p02_attached_methods.pdf
fpp_20x20_attached_only_profiles/joined_profile_20x20_Expected_alpha_0p03_attached_methods.png,297809,324225fc474e0dad4de2696d579e1e85001fb3d81520f8bf758e00e5aa573f89,1,fpp_20x20_attached_only_profiles.zip:profiles/joined_profile_20x20_Expected_alpha_0p03_attached_methods.png
fpp_20x20_attached_only_profiles/joined_profile_20x20_Expected_alpha_0p03_attached_methods.pdf,21100,650759692c827648a613cd0092896a22398670cb6eb588f0c017b1e7c133228e,1,fpp_20x20_attached_only_profiles.zip:profiles/joined_profile_20x20_Expected_alpha_0p03_attached_methods.pdf
fpp_20x20_attached_only_profiles/joined_profile_20x20_MeanCVaR_alpha_0p01_attached_methods.png,305226,a812d82e99ef815aae14b78ab814a2159ab7818490627fbf2f2a0c6fb1c12a51,1,fpp_20x20_attached_only_profiles.zip:profiles/joined_profile_20x20_MeanCVaR_alpha_0p01_attached_methods.png
fpp_20x20_attached_only_profiles/joined_profile_20x20_MeanCVaR_alpha_0p01_attached_methods.pdf,20982,e0eed2e17619e6689d8ba8ede38748cf0ca2180e1702f1083feb126c6bab04f9,1,fpp_20x20_attached_only_profiles.zip:profiles/joined_profile_20x20_MeanCVaR_alpha_0p01_attached_methods.pdf
fpp_20x20_attached_only_profiles/joined_profile_20x20_MeanCVaR_alpha_0p02_attached_methods.png,312066,27596ef50a31991063dbc92733329f8987c224649bbb3073602168ea78567c70,1,fpp_20x20_attached_only_profiles.zip:profiles/joined_profile_20x20_MeanCVaR_alpha_0p02_attached_methods.png
fpp_20x20_attached_only_profiles/joined_profile_20x20_MeanCVaR_alpha_0p02_attached_methods.pdf,21077,9ee8df7be2ff4223ce59b8ce05d24bb3b7470cd662ed120ae04db1a2daf9f4f2,1,fpp_20x20_attached_only_profiles.zip:profiles/joined_profile_20x20_MeanCVaR_alpha_0p02_attached_methods.pdf
fpp_20x20_attached_only_profiles/joined_profile_20x20_MeanCVaR_alpha_0p03_attached_methods.png,312524,7365cca65c31cbb401ab7278f884306fa08a24ce32aefc79a7b05ab54721096e,1,fpp_20x20_attached_only_profiles.zip:profiles/joined_profile_20x20_MeanCVaR_alpha_0p03_attached_methods.png
fpp_20x20_attached_only_profiles/joined_profile_20x20_MeanCVaR_alpha_0p03_attached_methods.pdf,21530,9c1d3da3a44749574d40b5f2041306c766375c4b55f5bcf7ae1b3b283d50f1dc,1,fpp_20x20_attached_only_profiles.zip:profiles/joined_profile_20x20_MeanCVaR_alpha_0p03_attached_methods.pdf
fpp_20x20_combinatorial_400_600_profiles/joined_profile_20x20_CVaR_combinatorial_400_600_all_alpha.png,273899,133dac01d4cbb82259ee6b1c35200cd8b2744d1ae4be37f448f03d6a8b76cdfe,2,fpp_20x20_combinatorial_400_600_profiles.zip:profiles/joined_profile_20x20_CVaR_combinatorial_400_600_all_alpha.png | standalone_files:fpp_20x20_combinatorial_400_600_profiles/profiles/joined_profile_20x20_CVaR_combinatorial_400_600_all_alpha.png
fpp_20x20_combinatorial_400_600_profiles/joined_profile_20x20_CVaR_combinatorial_400_600_all_alpha.pdf,20304,94ffcdcda8e9f441aa0ae729b59d2abe934e4ab896a91dbe1b5528509887ac7f,1,fpp_20x20_combinatorial_400_600_profiles.zip:profiles/joined_profile_20x20_CVaR_combinatorial_400_600_all_alpha.pdf
fpp_20x20_combinatorial_400_600_profiles/joined_profile_20x20_Expected_combinatorial_400_600_all_alpha.png,261322,9bbbcaf3f9ef21f07d985ec7b0f170160a59c5c04d44c17b5323de3f8ded4c3d,2,fpp_20x20_combinatorial_400_600_profiles.zip:profiles/joined_profile_20x20_Expected_combinatorial_400_600_all_alpha.png | standalone_files:fpp_20x20_combinatorial_400_600_profiles/profiles/joined_profile_20x20_Expected_combinatorial_400_600_all_alpha.png
fpp_20x20_combinatorial_400_600_profiles/joined_profile_20x20_Expected_combinatorial_400_600_all_alpha.pdf,20138,b8e5feefb02a31a75a51e0a385ef7fc9fe0fad5873a20dbdb7fee42066f784eb,1,fpp_20x20_combinatorial_400_600_profiles.zip:profiles/joined_profile_20x20_Expected_combinatorial_400_600_all_alpha.pdf
fpp_20x20_combinatorial_400_600_profiles/joined_profile_20x20_MeanCVaR_combinatorial_400_600_all_alpha.png,279691,04e596c5e6cb0f7910d36ac3975401a87ce909f334d383a30cf71a1c9fa0eb51,2,fpp_20x20_combinatorial_400_600_profiles.zip:profiles/joined_profile_20x20_MeanCVaR_combinatorial_400_600_all_alpha.png | standalone_files:fpp_20x20_combinatorial_400_600_profiles/profiles/joined_profile_20x20_MeanCVaR_combinatorial_400_600_all_alpha.png
fpp_20x20_combinatorial_400_600_profiles/joined_profile_20x20_MeanCVaR_combinatorial_400_600_all_alpha.pdf,20626,9303c2da26760d8a2c352ee2cc62161d70b4423bf410bbcbed8276c6911031ac,1,fpp_20x20_combinatorial_400_600_profiles.zip:profiles/joined_profile_20x20_MeanCVaR_combinatorial_400_600_all_alpha.pdf
fpp_20x20_combinatorial_400_600_profiles/joined_profile_20x20_CVaR_combinatorial_400_600_alpha_0p01.png,264285,d5f9e2ae635cfb7f462310f828137d1a3b17dcdab4ef82b56744c30b979e77b2,1,fpp_20x20_combinatorial_400_600_profiles.zip:profiles/joined_profile_20x20_CVaR_combinatorial_400_600_alpha_0p01.png
fpp_20x20_combinatorial_400_600_profiles/joined_profile_20x20_CVaR_combinatorial_400_600_alpha_0p01.pdf,19457,feb2eb63e2eee7df668a09a1708ede4357e65b86096c5da05648e5e2e74440e5,1,fpp_20x20_combinatorial_400_600_profiles.zip:profiles/joined_profile_20x20_CVaR_combinatorial_400_600_alpha_0p01.pdf
fpp_20x20_combinatorial_400_600_profiles/joined_profile_20x20_CVaR_combinatorial_400_600_alpha_0p02.png,265355,40622902d80bb98da6b9e6adb536b4efd145576d7555a2554a18b010bea9b073,1,fpp_20x20_combinatorial_400_600_profiles.zip:profiles/joined_profile_20x20_CVaR_combinatorial_400_600_alpha_0p02.png
fpp_20x20_combinatorial_400_600_profiles/joined_profile_20x20_CVaR_combinatorial_400_600_alpha_0p02.pdf,19452,eb5b2bb164b1a6e5bea101dc8795110df01d4580e9e6d726738a6e959d301d6a,1,fpp_20x20_combinatorial_400_600_profiles.zip:profiles/joined_profile_20x20_CVaR_combinatorial_400_600_alpha_0p02.pdf
fpp_20x20_combinatorial_400_600_profiles/joined_profile_20x20_CVaR_combinatorial_400_600_alpha_0p03.png,265365,4c65b45fa5a766de0e6031346e8a76ab0257025f1bd8f7e473eaa33b5d39c1e2,1,fpp_20x20_combinatorial_400_600_profiles.zip:profiles/joined_profile_20x20_CVaR_combinatorial_400_600_alpha_0p03.png
fpp_20x20_combinatorial_400_600_profiles/joined_profile_20x20_CVaR_combinatorial_400_600_alpha_0p03.pdf,19883,9e6c2696614d23289cf50f1f53391b1fca6cb094270b89216aaab01f0d6ec013,1,fpp_20x20_combinatorial_400_600_profiles.zip:profiles/joined_profile_20x20_CVaR_combinatorial_400_600_alpha_0p03.pdf
fpp_20x20_combinatorial_400_600_profiles/joined_profile_20x20_Expected_combinatorial_400_600_alpha_0p01.png,252119,0d8779946d9d6c37e5076da78ea77b5f0d54d0f6bf138fa52c54a4d7f3343704,1,fpp_20x20_combinatorial_400_600_profiles.zip:profiles/joined_profile_20x20_Expected_combinatorial_400_600_alpha_0p01.png
fpp_20x20_combinatorial_400_600_profiles/joined_profile_20x20_Expected_combinatorial_400_600_alpha_0p01.pdf,19237,9334a4d444978dac27582a6e42bb595c9b86215ad6fc596650dedea60ac60523,1,fpp_20x20_combinatorial_400_600_profiles.zip:profiles/joined_profile_20x20_Expected_combinatorial_400_600_alpha_0p01.pdf
fpp_20x20_combinatorial_400_600_profiles/joined_profile_20x20_Expected_combinatorial_400_600_alpha_0p02.png,253960,7df1763d553bb73cdbeff6ff60ee2e51b294193f2135170944698b9adf0386e4,1,fpp_20x20_combinatorial_400_600_profiles.zip:profiles/joined_profile_20x20_Expected_combinatorial_400_600_alpha_0p02.png
fpp_20x20_combinatorial_400_600_profiles/joined_profile_20x20_Expected_combinatorial_400_600_alpha_0p02.pdf,19241,9925b56aea973c0ab401a8fb23227dd9f33a4706ab07299831b4a6ca945f87f6,1,fpp_20x20_combinatorial_400_600_profiles.zip:profiles/joined_profile_20x20_Expected_combinatorial_400_600_alpha_0p02.pdf
fpp_20x20_combinatorial_400_600_profiles/joined_profile_20x20_Expected_combinatorial_400_600_alpha_0p03.png,255509,d108099f73d525ffd9a8155bb180c3c560c7d7002abf091cef732db3d6fe85fa,1,fpp_20x20_combinatorial_400_600_profiles.zip:profiles/joined_profile_20x20_Expected_combinatorial_400_600_alpha_0p03.png
fpp_20x20_combinatorial_400_600_profiles/joined_profile_20x20_Expected_combinatorial_400_600_alpha_0p03.pdf,19750,54ccc118822eac26815a7b8ed4742bbc130b16f2ca23afd7210b47f86ffeff28,1,fpp_20x20_combinatorial_400_600_profiles.zip:profiles/joined_profile_20x20_Expected_combinatorial_400_600_alpha_0p03.pdf
fpp_20x20_combinatorial_400_600_profiles/joined_profile_20x20_MeanCVaR_combinatorial_400_600_alpha_0p01.png,268731,f95151bf8b3d44793200f1ddfa3f9228826afda45abfa041985d90456605a46b,1,fpp_20x20_combinatorial_400_600_profiles.zip:profiles/joined_profile_20x20_MeanCVaR_combinatorial_400_600_alpha_0p01.png
fpp_20x20_combinatorial_400_600_profiles/joined_profile_20x20_MeanCVaR_combinatorial_400_600_alpha_0p01.pdf,19668,822502f8b83907d3621c968a7b992948b87c6258b82ae41e86c20a82d480eb4d,1,fpp_20x20_combinatorial_400_600_profiles.zip:profiles/joined_profile_20x20_MeanCVaR_combinatorial_400_600_alpha_0p01.pdf
fpp_20x20_combinatorial_400_600_profiles/joined_profile_20x20_MeanCVaR_combinatorial_400_600_alpha_0p02.png,270728,45419e4cc53c71405bc4029a3ec61699560247db09dce18081b8f32885535d71,1,fpp_20x20_combinatorial_400_600_profiles.zip:profiles/joined_profile_20x20_MeanCVaR_combinatorial_400_600_alpha_0p02.png
fpp_20x20_combinatorial_400_600_profiles/joined_profile_20x20_MeanCVaR_combinatorial_400_600_alpha_0p02.pdf,19704,5c3c9d92fff712fc765245040b5ec56a745781e1edb424f17506d2fdb28619cb,1,fpp_20x20_combinatorial_400_600_profiles.zip:profiles/joined_profile_20x20_MeanCVaR_combinatorial_400_600_alpha_0p02.pdf
fpp_20x20_combinatorial_400_600_profiles/joined_profile_20x20_MeanCVaR_combinatorial_400_600_alpha_0p03.png,270508,33abd4172289f67efa58ab61e2f4be8edf1550f7814bb11cadc39cde37497382,1,fpp_20x20_combinatorial_400_600_profiles.zip:profiles/joined_profile_20x20_MeanCVaR_combinatorial_400_600_alpha_0p03.png
fpp_20x20_combinatorial_400_600_profiles/joined_profile_20x20_MeanCVaR_combinatorial_400_600_alpha_0p03.pdf,20152,d28ef72dec02766ce0400b081d7890189a00130fa52094e7f1380653a3e53d62,1,fpp_20x20_combinatorial_400_600_profiles.zip:profiles/joined_profile_20x20_MeanCVaR_combinatorial_400_600_alpha_0p03.pdf
fpp_20x20_selected_methods_400_600_profiles/joined_profile_20x20_CVaR_selected_400_600_all_alpha.png,289773,302ec8d00433cdb0a5fb590ad0fae4fcec40afc039507e10e06d8365be680d4e,2,fpp_20x20_selected_methods_400_600_profiles.zip:profiles/joined_profile_20x20_CVaR_selected_400_600_all_alpha.png | standalone_files:fpp_20x20_selected_methods_400_600_profiles/profiles/joined_profile_20x20_CVaR_selected_400_600_all_alpha.png
fpp_20x20_selected_methods_400_600_profiles/joined_profile_20x20_CVaR_selected_400_600_all_alpha.pdf,21456,69818c50023f43f92d79872a064e1f04bb7490eee843188c6a20671b06b8f175,1,fpp_20x20_selected_methods_400_600_profiles.zip:profiles/joined_profile_20x20_CVaR_selected_400_600_all_alpha.pdf
fpp_20x20_selected_methods_400_600_profiles/joined_profile_20x20_Expected_selected_400_600_all_alpha.png,279549,89c12104eb6ba56f6cc32acd4d2639e11034fabdc9a8b804b8efdb1a9bcec278,2,fpp_20x20_selected_methods_400_600_profiles.zip:profiles/joined_profile_20x20_Expected_selected_400_600_all_alpha.png | standalone_files:fpp_20x20_selected_methods_400_600_profiles/profiles/joined_profile_20x20_Expected_selected_400_600_all_alpha.png
fpp_20x20_selected_methods_400_600_profiles/joined_profile_20x20_Expected_selected_400_600_all_alpha.pdf,21338,0a9758fe2cd4f1015aca65140bc36582b3bf7928f03fb3e8cc727e5bc00a95a7,1,fpp_20x20_selected_methods_400_600_profiles.zip:profiles/joined_profile_20x20_Expected_selected_400_600_all_alpha.pdf
fpp_20x20_selected_methods_400_600_profiles/joined_profile_20x20_MeanCVaR_selected_400_600_all_alpha.png,285037,e68d144476ccaa36357863677b0525d98f0c66986a165471d2eb31bcc2059d69,2,fpp_20x20_selected_methods_400_600_profiles.zip:profiles/joined_profile_20x20_MeanCVaR_selected_400_600_all_alpha.png | standalone_files:fpp_20x20_selected_methods_400_600_profiles/profiles/joined_profile_20x20_MeanCVaR_selected_400_600_all_alpha.png
fpp_20x20_selected_methods_400_600_profiles/joined_profile_20x20_MeanCVaR_selected_400_600_all_alpha.pdf,20638,6ae621287f4a7dec1b2f0ae77b0e9503a28810c24123af8f01efa4561753bec8,1,fpp_20x20_selected_methods_400_600_profiles.zip:profiles/joined_profile_20x20_MeanCVaR_selected_400_600_all_alpha.pdf
fpp_20x20_selected_methods_400_600_profiles/joined_profile_20x20_CVaR_selected_400_600_alpha_0p01.png,277806,69f75917c850129bcd17dde8cbc2f9cca836f163446c1a1918a320982478878b,1,fpp_20x20_selected_methods_400_600_profiles.zip:profiles/joined_profile_20x20_CVaR_selected_400_600_alpha_0p01.png
fpp_20x20_selected_methods_400_600_profiles/joined_profile_20x20_CVaR_selected_400_600_alpha_0p01.pdf,20381,fdf608d8a77025afba6544b2f4e5aac7bbeaec2b43b59e50dff5169eced4aabb,1,fpp_20x20_selected_methods_400_600_profiles.zip:profiles/joined_profile_20x20_CVaR_selected_400_600_alpha_0p01.pdf
fpp_20x20_selected_methods_400_600_profiles/joined_profile_20x20_CVaR_selected_400_600_alpha_0p02.png,278939,3f4646901928a9c867aeefba08f2760b2d3d6d810963e25ce1b4400b9d8b5ec3,1,fpp_20x20_selected_methods_400_600_profiles.zip:profiles/joined_profile_20x20_CVaR_selected_400_600_alpha_0p02.png
fpp_20x20_selected_methods_400_600_profiles/joined_profile_20x20_CVaR_selected_400_600_alpha_0p02.pdf,20336,3a178106650bf85ed98457988f60801e9a147c39276979c53f9a7300fbc8b3aa,1,fpp_20x20_selected_methods_400_600_profiles.zip:profiles/joined_profile_20x20_CVaR_selected_400_600_alpha_0p02.pdf
fpp_20x20_selected_methods_400_600_profiles/joined_profile_20x20_CVaR_selected_400_600_alpha_0p03.png,276962,91ddbf9dd08f2fef4f6685259d443cc3d1fa873bf00955dcfff6a424e040c0cd,1,fpp_20x20_selected_methods_400_600_profiles.zip:profiles/joined_profile_20x20_CVaR_selected_400_600_alpha_0p03.png
fpp_20x20_selected_methods_400_600_profiles/joined_profile_20x20_CVaR_selected_400_600_alpha_0p03.pdf,20574,5e0f4de7c3aeb5fe5d56a28fcc585cad536c3a37620eada657e5385bb3e59b18,1,fpp_20x20_selected_methods_400_600_profiles.zip:profiles/joined_profile_20x20_CVaR_selected_400_600_alpha_0p03.pdf
fpp_20x20_selected_methods_400_600_profiles/joined_profile_20x20_Expected_selected_400_600_alpha_0p01.png,264539,51b735237f0c09fc86db9ae19e127f997c18a8e48d8692ef900128dfb82b1cc2,1,fpp_20x20_selected_methods_400_600_profiles.zip:profiles/joined_profile_20x20_Expected_selected_400_600_alpha_0p01.png
fpp_20x20_selected_methods_400_600_profiles/joined_profile_20x20_Expected_selected_400_600_alpha_0p01.pdf,20028,d579c3089eece086fc8947f43868084b3d439ce2e8b372d566f8a5c6909a3409,1,fpp_20x20_selected_methods_400_600_profiles.zip:profiles/joined_profile_20x20_Expected_selected_400_600_alpha_0p01.pdf
fpp_20x20_selected_methods_400_600_profiles/joined_profile_20x20_Expected_selected_400_600_alpha_0p02.png,265589,f273415f220642cdc44378161541e6e4619e36439cafddb552cb9fe8eb721bf6,1,fpp_20x20_selected_methods_400_600_profiles.zip:profiles/joined_profile_20x20_Expected_selected_400_600_alpha_0p02.png
fpp_20x20_selected_methods_400_600_profiles/joined_profile_20x20_Expected_selected_400_600_alpha_0p02.pdf,20049,1436a8ba21a944a5aea7f629e48ab8342ab61dbdf3cb83db45fe0068342b8877,1,fpp_20x20_selected_methods_400_600_profiles.zip:profiles/joined_profile_20x20_Expected_selected_400_600_alpha_0p02.pdf
fpp_20x20_selected_methods_400_600_profiles/joined_profile_20x20_Expected_selected_400_600_alpha_0p03.png,268156,82e022423b870df5b6146140146bd68841590d2126360a8a4c95e7fe5cd52fd5,1,fpp_20x20_selected_methods_400_600_profiles.zip:profiles/joined_profile_20x20_Expected_selected_400_600_alpha_0p03.png
fpp_20x20_selected_methods_400_600_profiles/joined_profile_20x20_Expected_selected_400_600_alpha_0p03.pdf,20546,232b71026236526b0867dd9c9f37f96ff3b90c81fd04c76121a7d8894c7776f7,1,fpp_20x20_selected_methods_400_600_profiles.zip:profiles/joined_profile_20x20_Expected_selected_400_600_alpha_0p03.pdf
fpp_20x20_selected_methods_400_600_profiles/joined_profile_20x20_MeanCVaR_selected_400_600_alpha_0p01.png,271728,a96a13ce4d59144205022b652d0e743b36b054da1ea90f3cfdc993c797addb3e,1,fpp_20x20_selected_methods_400_600_profiles.zip:profiles/joined_profile_20x20_MeanCVaR_selected_400_600_alpha_0p01.png
fpp_20x20_selected_methods_400_600_profiles/joined_profile_20x20_MeanCVaR_selected_400_600_alpha_0p01.pdf,19686,231d7323aae58f2ef43f36dce790fc085279b7d8b32e40663565935b926f1f31,1,fpp_20x20_selected_methods_400_600_profiles.zip:profiles/joined_profile_20x20_MeanCVaR_selected_400_600_alpha_0p01.pdf
fpp_20x20_selected_methods_400_600_profiles/joined_profile_20x20_MeanCVaR_selected_400_600_alpha_0p02.png,273169,7dae676da8d30314d03e9f32f776804c72665b0bab6e83b7dfc59c9698f6d656,1,fpp_20x20_selected_methods_400_600_profiles.zip:profiles/joined_profile_20x20_MeanCVaR_selected_400_600_alpha_0p02.png
fpp_20x20_selected_methods_400_600_profiles/joined_profile_20x20_MeanCVaR_selected_400_600_alpha_0p02.pdf,19741,fccfa70529087b087505c55e3dbf1e8e2f2b0dc560d2ea4a080daab8a69eaab5,1,fpp_20x20_selected_methods_400_600_profiles.zip:profiles/joined_profile_20x20_MeanCVaR_selected_400_600_alpha_0p02.pdf
fpp_20x20_selected_methods_400_600_profiles/joined_profile_20x20_MeanCVaR_selected_400_600_alpha_0p03.png,273755,bcec80ce31bbcfec9466fb20c0bec2131c8294ec201cde377cc937b00446e09a,1,fpp_20x20_selected_methods_400_600_profiles.zip:profiles/joined_profile_20x20_MeanCVaR_selected_400_600_alpha_0p03.png
fpp_20x20_selected_methods_400_600_profiles/joined_profile_20x20_MeanCVaR_selected_400_600_alpha_0p03.pdf,20171,dc708154883672b11a5349fd16aa6b3a3dd66d951cdcfa6a3d768bb2e4995b0e,1,fpp_20x20_selected_methods_400_600_profiles.zip:profiles/joined_profile_20x20_MeanCVaR_selected_400_600_alpha_0p03.pdf
fpp_average_performance_summary/joined_profile_CVaR_all_alpha.png,312756,59ee111ebcac1607530b03c00c43516ad83e0c56455eb729741401e1f7057555,2,fpp_average_performance_summary.zip:profiles/joined_profile_CVaR_all_alpha.png | standalone_files:fpp_average_performance_summary/profiles/joined_profile_CVaR_all_alpha.png
fpp_average_performance_summary/joined_profile_CVaR_all_alpha.pdf,22694,24865290208559919fa919da53e7a071f2e8fd501fff399b625905c1701751cf,1,fpp_average_performance_summary.zip:profiles/joined_profile_CVaR_all_alpha.pdf
fpp_average_performance_summary/joined_profile_Expected_all_alpha.png,306416,4f2baf1af3467bfddf68ff2ae190730f55c736b812a1aaf9fd2153c10bae1396,2,fpp_average_performance_summary.zip:profiles/joined_profile_Expected_all_alpha.png | standalone_files:fpp_average_performance_summary/profiles/joined_profile_Expected_all_alpha.png
fpp_average_performance_summary/joined_profile_Expected_all_alpha.pdf,22594,20b873d94e7d2ee34b4fee1368472969d95fed9dad86ab2d4b9233fe4e19f05e,1,fpp_average_performance_summary.zip:profiles/joined_profile_Expected_all_alpha.pdf
fpp_average_performance_summary/joined_profile_MeanCVaR_all_alpha.png,315880,6ee1e22594a1d71bcc23fdc883b00f8fc42bbac792d283c1524671f88810ad31,2,fpp_average_performance_summary.zip:profiles/joined_profile_MeanCVaR_all_alpha.png | standalone_files:fpp_average_performance_summary/profiles/joined_profile_MeanCVaR_all_alpha.png
fpp_average_performance_summary/joined_profile_MeanCVaR_all_alpha.pdf,22512,4071d909052ddd5ddcda326b6ebf1714be23212352438603e9e7d9c848030c3e,1,fpp_average_performance_summary.zip:profiles/joined_profile_MeanCVaR_all_alpha.pdf
fpp_average_performance_summary/joined_profile_CVaR_alpha01.png,291476,5d85cbfaeae13da031162146c0c9fb89c21fec54f3707188077e3fad9b0615ed,1,fpp_average_performance_summary.zip:profiles/joined_profile_CVaR_alpha01.png
fpp_average_performance_summary/joined_profile_CVaR_alpha01.pdf,21013,c8c5701f631f0be0d7b3cf10c2e4c79f6b2a377392299c8fdabb0da516655229,1,fpp_average_performance_summary.zip:profiles/joined_profile_CVaR_alpha01.pdf
fpp_average_performance_summary/joined_profile_CVaR_alpha02.png,290878,c5ea18e8c008275f070fef8da9f9add64db76e989786a37bd4f7f75059002060,1,fpp_average_performance_summary.zip:profiles/joined_profile_CVaR_alpha02.png
fpp_average_performance_summary/joined_profile_CVaR_alpha02.pdf,20574,0a7682744fd7a127bbe67eca7dc7be26d4751c2114be5f387c5104ee9f09238f,1,fpp_average_performance_summary.zip:profiles/joined_profile_CVaR_alpha02.pdf
fpp_average_performance_summary/joined_profile_CVaR_alpha03.png,287710,43e0972a28c037539f7d1a1643b5ae2b1999344ef2beed4c442a3fc49e9196fc,1,fpp_average_performance_summary.zip:profiles/joined_profile_CVaR_alpha03.png
fpp_average_performance_summary/joined_profile_CVaR_alpha03.pdf,20691,59835d1f5d0bf61adf0cc8ef40738371e61b51bc51d195e715acbfef3ef6011a,1,fpp_average_performance_summary.zip:profiles/joined_profile_CVaR_alpha03.pdf
fpp_average_performance_summary/joined_profile_Expected_alpha01.png,286111,3a987a409f9d0733baf05726bf1434bedea2262d2ec575a3c0822e112b609891,1,fpp_average_performance_summary.zip:profiles/joined_profile_Expected_alpha01.png
fpp_average_performance_summary/joined_profile_Expected_alpha01.pdf,20764,79bcc3ded74cb7207397525e0e1b4015753b23c5ebcbe8fe9290d9a6fdfb7932,1,fpp_average_performance_summary.zip:profiles/joined_profile_Expected_alpha01.pdf
fpp_average_performance_summary/joined_profile_Expected_alpha02.png,288651,721f69c79387d7abac0e63888654f6437a75a58682d27b646fe10755b8a003c5,1,fpp_average_performance_summary.zip:profiles/joined_profile_Expected_alpha02.png
fpp_average_performance_summary/joined_profile_Expected_alpha02.pdf,20547,dad7c451174124b069ae52a38e58e33672feaf7bc37ef460c32a33aca4ae030f,1,fpp_average_performance_summary.zip:profiles/joined_profile_Expected_alpha02.pdf
fpp_average_performance_summary/joined_profile_Expected_alpha03.png,291438,a990827e34e1661633c1f63809b8e9ea59f8764fa99c97b2762697e3a597cf33,1,fpp_average_performance_summary.zip:profiles/joined_profile_Expected_alpha03.png
fpp_average_performance_summary/joined_profile_Expected_alpha03.pdf,21038,c805065488a3a236e794ee3ec551cc5ab71adb58e917f0c5ad4b989b9d92352c,1,fpp_average_performance_summary.zip:profiles/joined_profile_Expected_alpha03.pdf
fpp_average_performance_summary/joined_profile_MeanCVaR_alpha01.png,292175,e16c6a233961dce774453b6595b7e7bb121091ccd9922d6326bbdc461e8cd3c9,1,fpp_average_performance_summary.zip:profiles/joined_profile_MeanCVaR_alpha01.png
fpp_average_performance_summary/joined_profile_MeanCVaR_alpha01.pdf,20949,f5c1cef04276361f99b6f891ec144a562f74f912156d46b99e4f29afc9881d04,1,fpp_average_performance_summary.zip:profiles/joined_profile_MeanCVaR_alpha01.pdf
fpp_average_performance_summary/joined_profile_MeanCVaR_alpha02.png,296190,d2ea36b7016918bedff91ba960fbf8c10b82a892014c9e6831f89dc063bf01bb,1,fpp_average_performance_summary.zip:profiles/joined_profile_MeanCVaR_alpha02.png
fpp_average_performance_summary/joined_profile_MeanCVaR_alpha02.pdf,20761,7761c79652ad38f14e5ef5f843b00bafc50c363454592d5c9a484bb4f43f9c09,1,fpp_average_performance_summary.zip:profiles/joined_profile_MeanCVaR_alpha02.pdf
fpp_average_performance_summary/joined_profile_MeanCVaR_alpha03.png,295090,f1c3ba7198ce422ce829a53dac1ca38a7a76df3919876f7c39715e832dfcbe77,1,fpp_average_performance_summary.zip:profiles/joined_profile_MeanCVaR_alpha03.png
fpp_average_performance_summary/joined_profile_MeanCVaR_alpha03.pdf,21066,0d1969658ce3c8e7a6c976c391c597f6bc91e3afea5bfaa7e12a415857b00582,1,fpp_average_performance_summary.zip:profiles/joined_profile_MeanCVaR_alpha03.pdf
fpp_combined_profiles_20x20_40x40/combined_joined_profile_20x20_40x40_CVaR_all_alpha.png,328779,4573e9791225a2d1f68b9283d8800f5f4cb83432880df57ec4bd731db3262250,2,fpp_combined_profiles_20x20_40x40.zip:profiles/combined_joined_profile_20x20_40x40_CVaR_all_alpha.png | standalone_files:fpp_combined_profiles_20x20_40x40/profiles/combined_joined_profile_20x20_40x40_CVaR_all_alpha.png
fpp_combined_profiles_20x20_40x40/combined_joined_profile_20x20_40x40_CVaR_all_alpha.pdf,22192,c80c10ee6e550aa52274177ebbaad4664d9128c1ab6028d939e66dafa94d554b,1,fpp_combined_profiles_20x20_40x40.zip:profiles/combined_joined_profile_20x20_40x40_CVaR_all_alpha.pdf
fpp_combined_profiles_20x20_40x40/combined_joined_profile_20x20_40x40_CVaR_alpha_0p01.png,311482,3b73bb15ad669914326f6a40fa8a6f686afd5ccd5591a09b6e9f8c7ff4644eaa,1,fpp_combined_profiles_20x20_40x40.zip:profiles/combined_joined_profile_20x20_40x40_CVaR_alpha_0p01.png
fpp_combined_profiles_20x20_40x40/combined_joined_profile_20x20_40x40_CVaR_alpha_0p01.pdf,20888,93c6eee9340d9e251b6b258e7d504938d73d4325174ea056c13b2e3b0c655f74,1,fpp_combined_profiles_20x20_40x40.zip:profiles/combined_joined_profile_20x20_40x40_CVaR_alpha_0p01.pdf
fpp_combined_profiles_20x20_40x40/combined_joined_profile_20x20_40x40_CVaR_alpha_0p02.png,312591,a55c50a4a61baa0d3508f057bad621ec19ab6ff74109f4e1e331df2958690221,1,fpp_combined_profiles_20x20_40x40.zip:profiles/combined_joined_profile_20x20_40x40_CVaR_alpha_0p02.png
fpp_combined_profiles_20x20_40x40/combined_joined_profile_20x20_40x40_CVaR_alpha_0p02.pdf,20672,fb0e42af30bfa2283b53dcd1fa212c82021351a086c64d195eef35a5f0587670,1,fpp_combined_profiles_20x20_40x40.zip:profiles/combined_joined_profile_20x20_40x40_CVaR_alpha_0p02.pdf
fpp_combined_profiles_20x20_40x40/combined_joined_profile_20x20_40x40_CVaR_alpha_0p03.png,308583,a8a5ce0ee373c43156f8c6c5b69d4b6c510c7a4c9d35c6ebf26ec438db765241,1,fpp_combined_profiles_20x20_40x40.zip:profiles/combined_joined_profile_20x20_40x40_CVaR_alpha_0p03.png
fpp_combined_profiles_20x20_40x40/combined_joined_profile_20x20_40x40_CVaR_alpha_0p03.pdf,20790,2faccc5a24b09b0a8c98f0575f3e6202cc2f97ecc31b3676dc8cd617803ec258,1,fpp_combined_profiles_20x20_40x40.zip:profiles/combined_joined_profile_20x20_40x40_CVaR_alpha_0p03.pdf
fpp_combined_profiles_20x20_40x40/combined_joined_profile_20x20_40x40_Expected_all_alpha.png,329597,9f29c5c5410a753f7689a22c4dc5e9ce6274172c6a62447e56d414630a9098db,2,fpp_combined_profiles_20x20_40x40.zip:profiles/combined_joined_profile_20x20_40x40_Expected_all_alpha.png | standalone_files:fpp_combined_profiles_20x20_40x40/profiles/combined_joined_profile_20x20_40x40_Expected_all_alpha.png
fpp_combined_profiles_20x20_40x40/combined_joined_profile_20x20_40x40_Expected_all_alpha.pdf,23111,864a5ee2710f822ceb5afdbf1b146c5674f7d008515fd7f12d91106d8a4a5c5e,1,fpp_combined_profiles_20x20_40x40.zip:profiles/combined_joined_profile_20x20_40x40_Expected_all_alpha.pdf
fpp_combined_profiles_20x20_40x40/combined_joined_profile_20x20_40x40_Expected_alpha_0p01.png,309631,13a6225eb504792f75a6e97a9fb31980c02c0eda1615d06e7801b2cba9cd5b1f,1,fpp_combined_profiles_20x20_40x40.zip:profiles/combined_joined_profile_20x20_40x40_Expected_alpha_0p01.png
fpp_combined_profiles_20x20_40x40/combined_joined_profile_20x20_40x40_Expected_alpha_0p01.pdf,21038,b71bbd3ae37f67fd023020f59ce8e6b2e0bf5be64b7bf1e343a7fed9ab9d45c5,1,fpp_combined_profiles_20x20_40x40.zip:profiles/combined_joined_profile_20x20_40x40_Expected_alpha_0p01.pdf
fpp_combined_profiles_20x20_40x40/combined_joined_profile_20x20_40x40_Expected_alpha_0p02.png,312137,5c56c2683dba92043e7efb47567e29f3c21445edfeb79171c680ad7d060942b4,1,fpp_combined_profiles_20x20_40x40.zip:profiles/combined_joined_profile_20x20_40x40_Expected_alpha_0p02.png
fpp_combined_profiles_20x20_40x40/combined_joined_profile_20x20_40x40_Expected_alpha_0p02.pdf,20903,6818020c4b17463affc1a244b88c6439851ae0db9a107738ba171122b433453e,1,fpp_combined_profiles_20x20_40x40.zip:profiles/combined_joined_profile_20x20_40x40_Expected_alpha_0p02.pdf
fpp_combined_profiles_20x20_40x40/combined_joined_profile_20x20_40x40_Expected_alpha_0p03.png,313333,03fb3d066442959bb61e4b8c4bfa7300579db687aee067855f04b55a3bfe1509,1,fpp_combined_profiles_20x20_40x40.zip:profiles/combined_joined_profile_20x20_40x40_Expected_alpha_0p03.png
fpp_combined_profiles_20x20_40x40/combined_joined_profile_20x20_40x40_Expected_alpha_0p03.pdf,21319,3b5322b4765a3a6d8e29835753de1a07fc02e66191ca01a1f864a4121e848c4d,1,fpp_combined_profiles_20x20_40x40.zip:profiles/combined_joined_profile_20x20_40x40_Expected_alpha_0p03.pdf
fpp_combined_profiles_20x20_40x40/combined_joined_profile_20x20_40x40_MeanCVaR_all_alpha.png,339561,5389078360b228491f5103db430580b2d3ede7260f852a45569e1258897573f1,2,fpp_combined_profiles_20x20_40x40.zip:profiles/combined_joined_profile_20x20_40x40_MeanCVaR_all_alpha.png | standalone_files:fpp_combined_profiles_20x20_40x40/profiles/combined_joined_profile_20x20_40x40_MeanCVaR_all_alpha.png
fpp_combined_profiles_20x20_40x40/combined_joined_profile_20x20_40x40_MeanCVaR_all_alpha.pdf,22928,624424803de343e7dc0904d8570074f47e361e6beb8e1c2553240cfb2213afc1,1,fpp_combined_profiles_20x20_40x40.zip:profiles/combined_joined_profile_20x20_40x40_MeanCVaR_all_alpha.pdf
fpp_combined_profiles_20x20_40x40/combined_joined_profile_20x20_40x40_MeanCVaR_alpha_0p01.png,317999,367cbac6af504aac340cdb7e85e25a000464c8d244ad62372c7cd43546a55e27,1,fpp_combined_profiles_20x20_40x40.zip:profiles/combined_joined_profile_20x20_40x40_MeanCVaR_alpha_0p01.png
fpp_combined_profiles_20x20_40x40/combined_joined_profile_20x20_40x40_MeanCVaR_alpha_0p01.pdf,21181,6297c41554b78218d2fa2fa353334bff6dc15ccd95388ec26de697ad7173e4b5,1,fpp_combined_profiles_20x20_40x40.zip:profiles/combined_joined_profile_20x20_40x40_MeanCVaR_alpha_0p01.pdf
fpp_combined_profiles_20x20_40x40/combined_joined_profile_20x20_40x40_MeanCVaR_alpha_0p02.png,320625,9d826e6a0666ea37eb97b297c56f6338aea708fc02435e84bf56c05f90443d2f,1,fpp_combined_profiles_20x20_40x40.zip:profiles/combined_joined_profile_20x20_40x40_MeanCVaR_alpha_0p02.png
fpp_combined_profiles_20x20_40x40/combined_joined_profile_20x20_40x40_MeanCVaR_alpha_0p02.pdf,20990,f85523d6c16d9847e65524b20b852aaf7c84e3acc2a47f1692d6d806cc94a5e1,1,fpp_combined_profiles_20x20_40x40.zip:profiles/combined_joined_profile_20x20_40x40_MeanCVaR_alpha_0p02.pdf
fpp_combined_profiles_20x20_40x40/combined_joined_profile_20x20_40x40_MeanCVaR_alpha_0p03.png,319470,243b7b6ecd1c3bcbfe6ec64a6efa21759f85279a85e3a7f4cdac41fe38ae7362,1,fpp_combined_profiles_20x20_40x40.zip:profiles/combined_joined_profile_20x20_40x40_MeanCVaR_alpha_0p03.png
fpp_combined_profiles_20x20_40x40/combined_joined_profile_20x20_40x40_MeanCVaR_alpha_0p03.pdf,21330,7cfcfea0d1bab8c9794626737ffa2f2f0178828e767f1fb1921dc9ae809c54f8,1,fpp_combined_profiles_20x20_40x40.zip:profiles/combined_joined_profile_20x20_40x40_MeanCVaR_alpha_0p03.pdf
fpp_compact_profiles/joined_profile_20x20_cvar_all_alpha.png,302732,031c2b8a05ef8a371297b64311ff2b90a07c3fc593e57fc624afb1ff9a92a45b,2,fpp_compact_profiles.zip:profiles/joined_profile_20x20_cvar_all_alpha.png | standalone_files:fpp_compact_profiles/profiles/joined_profile_20x20_cvar_all_alpha.png
fpp_compact_profiles/joined_profile_20x20_cvar_all_alpha.pdf,21334,29460e2c12cf2a4d9253c9c6a1a714c6ea0bd06f8031f3210eb8388722d98d3b,1,fpp_compact_profiles.zip:profiles/joined_profile_20x20_cvar_all_alpha.pdf
fpp_compact_profiles/joined_profile_20x20_expected_all_alpha.png,293732,6c6de4696016dd0d12bbe4b257f816b1a126e596150c72153f50b4fa2bf09901,2,fpp_compact_profiles.zip:profiles/joined_profile_20x20_expected_all_alpha.png | standalone_files:fpp_compact_profiles/profiles/joined_profile_20x20_expected_all_alpha.png
fpp_compact_profiles/joined_profile_20x20_expected_all_alpha.pdf,21172,f3263ebfb2140ed5a3c2aca958aece5e68f011f5bbcfc1ce021d11deaf289fd9,1,fpp_compact_profiles.zip:profiles/joined_profile_20x20_expected_all_alpha.pdf
fpp_compact_profiles/joined_profile_20x20_mean_cvar_all_alpha.png,307098,44bbda1422233f2db0dd7f268b7e81a761f0fafc3fae24670ea412d2e7098bc5,2,fpp_compact_profiles.zip:profiles/joined_profile_20x20_mean_cvar_all_alpha.png | standalone_files:fpp_compact_profiles/profiles/joined_profile_20x20_mean_cvar_all_alpha.png
fpp_compact_profiles/joined_profile_20x20_mean_cvar_all_alpha.pdf,21880,cc15975915ed9c0d9f25b6db652e6d4eb195693c73ca55249007258bf71498b4,1,fpp_compact_profiles.zip:profiles/joined_profile_20x20_mean_cvar_all_alpha.pdf
fpp_compact_profiles/joined_profile_20x20_cvar_alpha_0p01.png,285321,10356b111874f6de0822c0ba910a99bf87c031f5b79c8f45fd792b96867d6596,1,fpp_compact_profiles.zip:profiles/joined_profile_20x20_cvar_alpha_0p01.png
fpp_compact_profiles/joined_profile_20x20_cvar_alpha_0p01.pdf,20180,f7a371f1ef1c9bd6b796067c51a2f4da340d0f7c4344b7f29d8b46c45ab4fe8e,1,fpp_compact_profiles.zip:profiles/joined_profile_20x20_cvar_alpha_0p01.pdf
fpp_compact_profiles/joined_profile_20x20_cvar_alpha_0p02.png,290188,f77fa48fa6070f67eaf862338f54776c25a7b97a896946df367a34f8bec315f1,1,fpp_compact_profiles.zip:profiles/joined_profile_20x20_cvar_alpha_0p02.png
fpp_compact_profiles/joined_profile_20x20_cvar_alpha_0p02.pdf,20262,ba01d194e0b65f9a83f1c39ccafd1f3fcc01c77c257f5bf5aef029a72d6b9580,1,fpp_compact_profiles.zip:profiles/joined_profile_20x20_cvar_alpha_0p02.pdf
fpp_compact_profiles/joined_profile_20x20_cvar_alpha_0p03.png,288447,f4eca6948334c478403575ea24e44cac989fdda99ea9e4593f7dd4a432fc8fa2,1,fpp_compact_profiles.zip:profiles/joined_profile_20x20_cvar_alpha_0p03.png
fpp_compact_profiles/joined_profile_20x20_cvar_alpha_0p03.pdf,20527,802911ef5f6321ff904d9da4c9a7dd7bf3291990ea171dcedc6f4ab6f17313e6,1,fpp_compact_profiles.zip:profiles/joined_profile_20x20_cvar_alpha_0p03.pdf
fpp_compact_profiles/joined_profile_20x20_expected_alpha_0p01.png,280486,43f0bd4845508b78cc5ff0f9759418a15917489638d3b6f976dd2ce96cde40e7,1,fpp_compact_profiles.zip:profiles/joined_profile_20x20_expected_alpha_0p01.png
fpp_compact_profiles/joined_profile_20x20_expected_alpha_0p01.pdf,19951,1bc1674268ba360da33540533e7b45676ac972a65c4d874514134ec7bbc15873,1,fpp_compact_profiles.zip:profiles/joined_profile_20x20_expected_alpha_0p01.pdf
fpp_compact_profiles/joined_profile_20x20_expected_alpha_0p02.png,284217,d934c1426a97328f3a2fd882c48cc30976780022c72991d73eed05ab211a9329,1,fpp_compact_profiles.zip:profiles/joined_profile_20x20_expected_alpha_0p02.png
fpp_compact_profiles/joined_profile_20x20_expected_alpha_0p02.pdf,19991,8ea8d93050eb09de7dd82eec84d26333698775550d50cb8308abf863aa8a855b,1,fpp_compact_profiles.zip:profiles/joined_profile_20x20_expected_alpha_0p02.pdf
fpp_compact_profiles/joined_profile_20x20_expected_alpha_0p03.png,286046,fabbdecb77ed6daa2de78762cac0d6ab81da96ddc26f1bbf3b5ec1bd8b4544cd,1,fpp_compact_profiles.zip:profiles/joined_profile_20x20_expected_alpha_0p03.png
fpp_compact_profiles/joined_profile_20x20_expected_alpha_0p03.pdf,20472,22666df61fd5b67bbe2b56f04219c301bb414dcb770254103489d0ac4e28eebc,1,fpp_compact_profiles.zip:profiles/joined_profile_20x20_expected_alpha_0p03.pdf
fpp_compact_profiles/joined_profile_20x20_mean_cvar_alpha_0p01.png,289663,3715d654174ceb7175fa94213e1a3759c7b224908b3d32419097144b332efb59,1,fpp_compact_profiles.zip:profiles/joined_profile_20x20_mean_cvar_alpha_0p01.png
fpp_compact_profiles/joined_profile_20x20_mean_cvar_alpha_0p01.pdf,20560,1df87c3fe55ca3e71f1fd046584acddb5e59fa896a0a1b3a2c298195f3a17c6c,1,fpp_compact_profiles.zip:profiles/joined_profile_20x20_mean_cvar_alpha_0p01.pdf
fpp_compact_profiles/joined_profile_20x20_mean_cvar_alpha_0p02.png,295099,8c78fe4ec9fcdb49ecbf2c3982ff81bad8ca0be719f95e04d9567402165fdfed,1,fpp_compact_profiles.zip:profiles/joined_profile_20x20_mean_cvar_alpha_0p02.png
fpp_compact_profiles/joined_profile_20x20_mean_cvar_alpha_0p02.pdf,20648,8322615d6a562f42e3a4118ec839a4a94b9ac12feb2a50c4d55b1eb4644f213e,1,fpp_compact_profiles.zip:profiles/joined_profile_20x20_mean_cvar_alpha_0p02.pdf
fpp_compact_profiles/joined_profile_20x20_mean_cvar_alpha_0p03.png,295239,98856e76140449c1b4e58d7aebffddf7d68d00456aa67e9aef220a4163c07a00,1,fpp_compact_profiles.zip:profiles/joined_profile_20x20_mean_cvar_alpha_0p03.png
fpp_compact_profiles/joined_profile_20x20_mean_cvar_alpha_0p03.pdf,21073,e34c2ac04b1fcccb1c9e6932a95dfc3a1ec6b42a875c511486649b4d28787538,1,fpp_compact_profiles.zip:profiles/joined_profile_20x20_mean_cvar_alpha_0p03.pdf
fpp_compact_profiles_new40x40/joined_profile_40x40_CVaR_all_alpha.png,304954,2f1654cb086364d091ee66b810e2326dc33027a20d31beeaf024dcc326fb290b,2,fpp_compact_profiles_new40x40.zip:profiles/joined_profile_40x40_CVaR_all_alpha.png | standalone_files:fpp_compact_profiles_new40x40/profiles/joined_profile_40x40_CVaR_all_alpha.png
fpp_compact_profiles_new40x40/joined_profile_40x40_CVaR_all_alpha.pdf,20775,4bffb46925da70c32bf11c232dce074ea6c6f213ccb1aee59e30636184f1dfac,1,fpp_compact_profiles_new40x40.zip:profiles/joined_profile_40x40_CVaR_all_alpha.pdf
fpp_compact_profiles_new40x40/joined_profile_40x40_Expected_all_alpha.png,312538,ad2209d28605014335b07b3931b109f0820e13c51860f233f5617271ef0f2842,2,fpp_compact_profiles_new40x40.zip:profiles/joined_profile_40x40_Expected_all_alpha.png | standalone_files:fpp_compact_profiles_new40x40/profiles/joined_profile_40x40_Expected_all_alpha.png
fpp_compact_profiles_new40x40/joined_profile_40x40_Expected_all_alpha.pdf,21660,0d7bab38f0211fa4b89f60d8ef675bce23ed29b4ee98f642f57125136041af3b,1,fpp_compact_profiles_new40x40.zip:profiles/joined_profile_40x40_Expected_all_alpha.pdf
fpp_compact_profiles_new40x40/joined_profile_40x40_MeanCVaR_all_alpha.png,316225,9fcd9d37f649f1e2a8c32d7c55d1e9409797136b49ddd488f61f958f906ee4c8,2,fpp_compact_profiles_new40x40.zip:profiles/joined_profile_40x40_MeanCVaR_all_alpha.png | standalone_files:fpp_compact_profiles_new40x40/profiles/joined_profile_40x40_MeanCVaR_all_alpha.png
fpp_compact_profiles_new40x40/joined_profile_40x40_MeanCVaR_all_alpha.pdf,21406,c04f78407d70cef8f23558aaac956bf0c3b72405ab5aad50a05a29fa32e841d5,1,fpp_compact_profiles_new40x40.zip:profiles/joined_profile_40x40_MeanCVaR_all_alpha.pdf
fpp_compact_profiles_new40x40/joined_profile_40x40_CVaR_alpha_0p01.png,303386,7124a5786df09322369a056b1fcbdd0895dce10633281fad603cf6d611f5b5eb,1,fpp_compact_profiles_new40x40.zip:profiles/joined_profile_40x40_CVaR_alpha_0p01.png
fpp_compact_profiles_new40x40/joined_profile_40x40_CVaR_alpha_0p01.pdf,20603,ff8bc0fa53377cefd5ce02d3f7f703cd08b7f1e10b0532d0c76417447287ab5c,1,fpp_compact_profiles_new40x40.zip:profiles/joined_profile_40x40_CVaR_alpha_0p01.pdf
fpp_compact_profiles_new40x40/joined_profile_40x40_CVaR_alpha_0p02.png,299019,68c8f6a092be92e52c9cebaedc403dac6c93abfdfa6ce5343a91ab35f922fa8c,1,fpp_compact_profiles_new40x40.zip:profiles/joined_profile_40x40_CVaR_alpha_0p02.png
fpp_compact_profiles_new40x40/joined_profile_40x40_CVaR_alpha_0p02.pdf,20266,f56648d5ce5607ead591901f17245e49f1aefe7bba5302da9573222a16b86af0,1,fpp_compact_profiles_new40x40.zip:profiles/joined_profile_40x40_CVaR_alpha_0p02.pdf
fpp_compact_profiles_new40x40/joined_profile_40x40_CVaR_alpha_0p03.png,297421,6bf4423303eccc5a3bb00881b8aa105be345dcc7f767c027ebfe31fac37364bd,1,fpp_compact_profiles_new40x40.zip:profiles/joined_profile_40x40_CVaR_alpha_0p03.png
fpp_compact_profiles_new40x40/joined_profile_40x40_CVaR_alpha_0p03.pdf,20587,2ead6d347f542ab62e27eff7208dc738116acd7168120751db932412584a36a2,1,fpp_compact_profiles_new40x40.zip:profiles/joined_profile_40x40_CVaR_alpha_0p03.pdf
fpp_compact_profiles_new40x40/joined_profile_40x40_Expected_alpha_0p01.png,299632,825b72c748a5714e01cb23e33ed358533f82e35dc7d80470f71bfd6ca5fb1db9,1,fpp_compact_profiles_new40x40.zip:profiles/joined_profile_40x40_Expected_alpha_0p01.png
fpp_compact_profiles_new40x40/joined_profile_40x40_Expected_alpha_0p01.pdf,20681,b98470ab634f9b23fcf9434b11e224f89f8158a439943e2578ddf393da5b6744,1,fpp_compact_profiles_new40x40.zip:profiles/joined_profile_40x40_Expected_alpha_0p01.pdf
fpp_compact_profiles_new40x40/joined_profile_40x40_Expected_alpha_0p02.png,298122,8ef2988fdb0a095617447f983fce8180cb20bd1a491b445eb836686dd001d829,1,fpp_compact_profiles_new40x40.zip:profiles/joined_profile_40x40_Expected_alpha_0p02.png
fpp_compact_profiles_new40x40/joined_profile_40x40_Expected_alpha_0p02.pdf,20454,ed7665f07f0d979035a61fe6a4f5272357a019850b6df13bc250bb039361417e,1,fpp_compact_profiles_new40x40.zip:profiles/joined_profile_40x40_Expected_alpha_0p02.pdf
fpp_compact_profiles_new40x40/joined_profile_40x40_Expected_alpha_0p03.png,296739,0121507b9d8dc839df2628c82c8d82cd6b4dc03811e9cac34285f4a913472b21,1,fpp_compact_profiles_new40x40.zip:profiles/joined_profile_40x40_Expected_alpha_0p03.png
fpp_compact_profiles_new40x40/joined_profile_40x40_Expected_alpha_0p03.pdf,20815,84c25c344f9548c796a02ee593053e497f9b867ab061b47082af234d6521f404,1,fpp_compact_profiles_new40x40.zip:profiles/joined_profile_40x40_Expected_alpha_0p03.pdf
fpp_compact_profiles_new40x40/joined_profile_40x40_MeanCVaR_alpha_0p01.png,310418,59b60971328a76db2ea4276a4f71a7ad5aa923e21988fad5f6d19bbd1c61e381,1,fpp_compact_profiles_new40x40.zip:profiles/joined_profile_40x40_MeanCVaR_alpha_0p01.png
fpp_compact_profiles_new40x40/joined_profile_40x40_MeanCVaR_alpha_0p01.pdf,20956,0647d4bf4ef1f66be35c0bc7da8484dd47499e5f4d674b5a6bfdc739d93023a1,1,fpp_compact_profiles_new40x40.zip:profiles/joined_profile_40x40_MeanCVaR_alpha_0p01.pdf
fpp_compact_profiles_new40x40/joined_profile_40x40_MeanCVaR_alpha_0p02.png,306623,df7e6d91c756b042757204b6940ba61bf301b24627049c896e86684b641031da,1,fpp_compact_profiles_new40x40.zip:profiles/joined_profile_40x40_MeanCVaR_alpha_0p02.png
fpp_compact_profiles_new40x40/joined_profile_40x40_MeanCVaR_alpha_0p02.pdf,20597,f1f44963c1eccaa544d6e27d1ec626ce0a873344d5d1cbb5cdc880311477d945,1,fpp_compact_profiles_new40x40.zip:profiles/joined_profile_40x40_MeanCVaR_alpha_0p02.pdf
fpp_compact_profiles_new40x40/joined_profile_40x40_MeanCVaR_alpha_0p03.png,305662,ad79a863d2e51edfec990c844f531d78aff9b8ab74b35cb8596c14a3ab6746e4,1,fpp_compact_profiles_new40x40.zip:profiles/joined_profile_40x40_MeanCVaR_alpha_0p03.png
fpp_compact_profiles_new40x40/joined_profile_40x40_MeanCVaR_alpha_0p03.pdf,20942,c1247c186d29c14bbe05d5afc4d0264bd9ba77f84a776fa6b61dc81ec15e5cef,1,fpp_compact_profiles_new40x40.zip:profiles/joined_profile_40x40_MeanCVaR_alpha_0p03.pdf
fpp_global_performance_profiles/global_profile_optimality_gap_all_instances.png,365452,88f9f3a803610faed9df5ce8ea0e033072931cef858741963275ce6fafcd3493,2,fpp_global_performance_profiles.zip:global_profile_optimality_gap_all_instances.png | standalone_files:fpp_global_profiles/global_profile_optimality_gap_all_instances.png
fpp_global_performance_profiles/global_profile_optimality_gap_all_instances.pdf,21197,d4bc07ebdba951d203210ec3f99b4be475356cd5709c4afabd187930b8453f6c,1,fpp_global_performance_profiles.zip:global_profile_optimality_gap_all_instances.pdf
fpp_global_performance_profiles/global_profile_runtime_all_instances.png,356019,84d1d33845e4932b57c27ffcd7ddc02382cfd35e716edaf98648a35d2969d6fb,2,fpp_global_performance_profiles.zip:global_profile_runtime_all_instances.png | standalone_files:fpp_global_profiles/global_profile_runtime_all_instances.png
fpp_global_performance_profiles/global_profile_runtime_all_instances.pdf,20528,2d0711e9209a2484eeb7397ec407afc9c101dd146f9f582b819b73c63de4b2ec,1,fpp_global_performance_profiles.zip:global_profile_runtime_all_instances.pdf
fpp_joined_time_gap_profiles/joined_time_gap_profile_CVaR.png,335682,b728b0b14ec1050130272010fbd3542165e7abaa8f02984f13ba06e558b6f045,2,fpp_joined_time_gap_profiles.zip:joined_time_gap_profile_CVaR.png | standalone_files:fpp_joined_time_gap_profiles/joined_time_gap_profile_CVaR.png
fpp_joined_time_gap_profiles/joined_time_gap_profile_CVaR.pdf,23498,cfcd0ddf78b5406cc6eee2c5cd8a425e33988ff53ee3583e5384d8c0fb1aba22,1,fpp_joined_time_gap_profiles.zip:joined_time_gap_profile_CVaR.pdf
fpp_joined_time_gap_profiles/joined_time_gap_profile_Expected.png,332864,5a410eee8d2ec8e1b9601121591f76b36cc6ed77e4fcf4eabe4a19360181fd9d,2,fpp_joined_time_gap_profiles.zip:joined_time_gap_profile_Expected.png | standalone_files:fpp_joined_time_gap_profiles/joined_time_gap_profile_Expected.png
fpp_joined_time_gap_profiles/joined_time_gap_profile_Expected.pdf,24109,c21f8f02c1c7b9917f0d053203f7a70a23ae801688a372954b673092820e4fa9,1,fpp_joined_time_gap_profiles.zip:joined_time_gap_profile_Expected.pdf
fpp_joined_time_gap_profiles/joined_time_gap_profile_MeanCVaR.png,347289,a933f78338fc7e6298004845feca083fdae9cdd4534511925c80d0914cda1bed,2,fpp_joined_time_gap_profiles.zip:joined_time_gap_profile_MeanCVaR.png | standalone_files:fpp_joined_time_gap_profiles/joined_time_gap_profile_MeanCVaR.png
fpp_joined_time_gap_profiles/joined_time_gap_profile_MeanCVaR.pdf,24334,ae619fac151f404319d2a0ace814e0c9cffd5017304c636a5624cecbd9df372b,1,fpp_joined_time_gap_profiles.zip:joined_time_gap_profile_MeanCVaR.pdf
fpp_latest_20x20_etadesc_profiles/joined_profile_20x20_CVaR_etadesc_all_alpha.png,249686,f5861fe72302fc4571467538ef56c58e492d2e28b735cea9f9ad49232a16ad06,2,fpp_latest_20x20_etadesc_profiles.zip:profiles/joined_profile_20x20_CVaR_etadesc_all_alpha.png | standalone_files:fpp_latest_20x20_etadesc_profiles/profiles/joined_profile_20x20_CVaR_etadesc_all_alpha.png
fpp_latest_20x20_etadesc_profiles/joined_profile_20x20_CVaR_etadesc_all_alpha.pdf,19525,b2853d413e100571cce70b48624413931202ab652b8f976e1d72df0d6398c5f0,1,fpp_latest_20x20_etadesc_profiles.zip:profiles/joined_profile_20x20_CVaR_etadesc_all_alpha.pdf
fpp_latest_20x20_etadesc_profiles/joined_profile_20x20_Expected_etadesc_all_alpha.png,242540,3f916518477bc24ba73068d7f4d65534bb4618d60ebc9583848538e2d4d6133f,2,fpp_latest_20x20_etadesc_profiles.zip:profiles/joined_profile_20x20_Expected_etadesc_all_alpha.png | standalone_files:fpp_latest_20x20_etadesc_profiles/profiles/joined_profile_20x20_Expected_etadesc_all_alpha.png
fpp_latest_20x20_etadesc_profiles/joined_profile_20x20_Expected_etadesc_all_alpha.pdf,19323,db27f6ddd504ea8028783b8de82ce9f2389a0dde14b4bebcd00a529614dc2ccf,1,fpp_latest_20x20_etadesc_profiles.zip:profiles/joined_profile_20x20_Expected_etadesc_all_alpha.pdf
fpp_latest_20x20_etadesc_profiles/joined_profile_20x20_MeanCVaR_etadesc_all_alpha.png,254961,66a81dad5b781e4a91d47c5f618ece50ecbe79a966436f22a757ed948c42d3c9,2,fpp_latest_20x20_etadesc_profiles.zip:profiles/joined_profile_20x20_MeanCVaR_etadesc_all_alpha.png | standalone_files:fpp_latest_20x20_etadesc_profiles/profiles/joined_profile_20x20_MeanCVaR_etadesc_all_alpha.png
fpp_latest_20x20_etadesc_profiles/joined_profile_20x20_MeanCVaR_etadesc_all_alpha.pdf,19760,05dd1ea68663239ccb13fbf591c98281a6be7c2175a6f05ee8eeb01e59f66141,1,fpp_latest_20x20_etadesc_profiles.zip:profiles/joined_profile_20x20_MeanCVaR_etadesc_all_alpha.pdf
fpp_latest_20x20_etadesc_profiles/joined_profile_20x20_CVaR_etadesc_alpha_0p01.png,243505,db4b10321473aaefa3f0645f1cabde2eaceee9b646b2cf8b5fc2b6fecd2a09cd,1,fpp_latest_20x20_etadesc_profiles.zip:profiles/joined_profile_20x20_CVaR_etadesc_alpha_0p01.png
fpp_latest_20x20_etadesc_profiles/joined_profile_20x20_CVaR_etadesc_alpha_0p01.pdf,19050,162e09c513c9d558b1b245cd4eae0942e8aca131da6278740074e3c04ad370c1,1,fpp_latest_20x20_etadesc_profiles.zip:profiles/joined_profile_20x20_CVaR_etadesc_alpha_0p01.pdf
fpp_latest_20x20_etadesc_profiles/joined_profile_20x20_CVaR_etadesc_alpha_0p02.png,244254,4b5d264f4fbbca21a0aa1871ce7edd6aa75da16fd9fcc9e4610a4158d60981cd,1,fpp_latest_20x20_etadesc_profiles.zip:profiles/joined_profile_20x20_CVaR_etadesc_alpha_0p02.png
fpp_latest_20x20_etadesc_profiles/joined_profile_20x20_CVaR_etadesc_alpha_0p02.pdf,19024,137c996b60b310ee0c449d75c695ba8fb5050718141ff2ed9f35f251f882d07f,1,fpp_latest_20x20_etadesc_profiles.zip:profiles/joined_profile_20x20_CVaR_etadesc_alpha_0p02.pdf
fpp_latest_20x20_etadesc_profiles/joined_profile_20x20_CVaR_etadesc_alpha_0p03.png,244514,1e911f78605238c83205db12ecef541752a01567baf5a4f49e17fbdfb29527e3,1,fpp_latest_20x20_etadesc_profiles.zip:profiles/joined_profile_20x20_CVaR_etadesc_alpha_0p03.png
fpp_latest_20x20_etadesc_profiles/joined_profile_20x20_CVaR_etadesc_alpha_0p03.pdf,19487,346a462e23b5c9c1008a1c3fca1a93a571afe6be6ef651e63ba850c884390a07,1,fpp_latest_20x20_etadesc_profiles.zip:profiles/joined_profile_20x20_CVaR_etadesc_alpha_0p03.pdf
fpp_latest_20x20_etadesc_profiles/joined_profile_20x20_Expected_etadesc_alpha_0p01.png,235286,96090c49fb03bf3b461d8692f2344d99a5a49c0f59ad169df44e58138e88b666,1,fpp_latest_20x20_etadesc_profiles.zip:profiles/joined_profile_20x20_Expected_etadesc_alpha_0p01.png
fpp_latest_20x20_etadesc_profiles/joined_profile_20x20_Expected_etadesc_alpha_0p01.pdf,18824,b3f4392dad69eb6012d66e9a0b28f186409296ed3e5cd8683d052e66c02cb3a8,1,fpp_latest_20x20_etadesc_profiles.zip:profiles/joined_profile_20x20_Expected_etadesc_alpha_0p01.pdf
fpp_latest_20x20_etadesc_profiles/joined_profile_20x20_Expected_etadesc_alpha_0p02.png,235876,2b3ca15186fd1e3603193bf950797e47ced871b12cc63c9ae2c1d997a6e392a9,1,fpp_latest_20x20_etadesc_profiles.zip:profiles/joined_profile_20x20_Expected_etadesc_alpha_0p02.png
fpp_latest_20x20_etadesc_profiles/joined_profile_20x20_Expected_etadesc_alpha_0p02.pdf,18828,6818f29fcdc18961e971d3f0609423cdf3c6a60d73d9a817fe3b121e0dc40be5,1,fpp_latest_20x20_etadesc_profiles.zip:profiles/joined_profile_20x20_Expected_etadesc_alpha_0p02.pdf
fpp_latest_20x20_etadesc_profiles/joined_profile_20x20_Expected_etadesc_alpha_0p03.png,237774,102261c145f5c1fc486b88d5251cf0b143f5801fc4d804ee447ab3f2a5f54759,1,fpp_latest_20x20_etadesc_profiles.zip:profiles/joined_profile_20x20_Expected_etadesc_alpha_0p03.png
fpp_latest_20x20_etadesc_profiles/joined_profile_20x20_Expected_etadesc_alpha_0p03.pdf,19288,7bbaf284d4678d69ee5880dbbb46dee4ed040a64dd8bbb0174f5fb3da9480738,1,fpp_latest_20x20_etadesc_profiles.zip:profiles/joined_profile_20x20_Expected_etadesc_alpha_0p03.pdf
fpp_latest_20x20_etadesc_profiles/joined_profile_20x20_MeanCVaR_etadesc_alpha_0p01.png,245320,bcaee91e66f1e9cea250c33feb3c1df01dec3f80f4c741bf530b9a2ed0d45968,1,fpp_latest_20x20_etadesc_profiles.zip:profiles/joined_profile_20x20_MeanCVaR_etadesc_alpha_0p01.png
fpp_latest_20x20_etadesc_profiles/joined_profile_20x20_MeanCVaR_etadesc_alpha_0p01.pdf,19241,31f008b64d34cea34c9bf4e0bf0a25fc9b98a3cac9cc3e76c08543abfca84269,1,fpp_latest_20x20_etadesc_profiles.zip:profiles/joined_profile_20x20_MeanCVaR_etadesc_alpha_0p01.pdf
fpp_latest_20x20_etadesc_profiles/joined_profile_20x20_MeanCVaR_etadesc_alpha_0p02.png,246546,8a059fb298936db10140d199686cb746d78f7cf17f7f8f35e5ad32e88d81c9e3,1,fpp_latest_20x20_etadesc_profiles.zip:profiles/joined_profile_20x20_MeanCVaR_etadesc_alpha_0p02.png
fpp_latest_20x20_etadesc_profiles/joined_profile_20x20_MeanCVaR_etadesc_alpha_0p02.pdf,19266,7cccdaecb5c2f20c4b0375451f1f060bbe2964db7511dc38adfa806dfe55990d,1,fpp_latest_20x20_etadesc_profiles.zip:profiles/joined_profile_20x20_MeanCVaR_etadesc_alpha_0p02.pdf
fpp_latest_20x20_etadesc_profiles/joined_profile_20x20_MeanCVaR_etadesc_alpha_0p03.png,247223,bbeb9a9e25cf0c1101feb068a38a2d2968247068a253cd1bec86436ba09b8b03,1,fpp_latest_20x20_etadesc_profiles.zip:profiles/joined_profile_20x20_MeanCVaR_etadesc_alpha_0p03.png
fpp_latest_20x20_etadesc_profiles/joined_profile_20x20_MeanCVaR_etadesc_alpha_0p03.pdf,19709,751aea3fa8f4f5bc2f4331ef53f46970e0b5008af0c90d2153c7fc9a1b2ba71a,1,fpp_latest_20x20_etadesc_profiles.zip:profiles/joined_profile_20x20_MeanCVaR_etadesc_alpha_0p03.pdf
fpp_performance_profiles/profile_gap_expected_alpha_1.png,103778,2c38be32c304ad82448e65ef29d1cc6048c1f3e42e46d7b7b9cb64f83f94cd69,1,fpp_performance_profiles.zip:profile_gap_expected_alpha_1.png
fpp_performance_profiles/profile_runtime_expected_alpha_1.png,106006,63d51dd3681b4632917b0c6d50a923662015427629bcbaabafbf292a722695b7,1,fpp_performance_profiles.zip:profile_runtime_expected_alpha_1.png
fpp_performance_profiles/profile_gap_expected_alpha_2.png,103607,e52c5c94fb5e20fa7ec140d804096a94667f6887af23ea4c04ad951b3ebac566,1,fpp_performance_profiles.zip:profile_gap_expected_alpha_2.png
fpp_performance_profiles/profile_runtime_expected_alpha_2.png,105959,e76ec6fbaeb22ac9a7a44cacce429de37ec7ed90ca7a4402a69dbfe20d13ef92,1,fpp_performance_profiles.zip:profile_runtime_expected_alpha_2.png
fpp_performance_profiles/profile_gap_expected_alpha_3.png,103621,23004483ecc3eb5ac3aeb518a5f58139ba42c04c7fe4efd29db053c8da360ff0,1,fpp_performance_profiles.zip:profile_gap_expected_alpha_3.png
fpp_performance_profiles/profile_runtime_expected_alpha_3.png,104147,ebe0157c8154c8d4ebac789f1fe1794d7cff88775b8de236f6fc516759ac7ff4,1,fpp_performance_profiles.zip:profile_runtime_expected_alpha_3.png
fpp_performance_profiles/profile_gap_cvar_alpha_1.png,102423,1a22fb33e706be03d07ed980ff7cdfa9bb49c0c7bd527b142d849793ff0ce665,1,fpp_performance_profiles.zip:profile_gap_cvar_alpha_1.png
fpp_performance_profiles/profile_runtime_cvar_alpha_1.png,105421,ca90a9bee075a1f1f99b0f0f44c6655943da5cb14cf8d1e2061ce878d89af1b0,1,fpp_performance_profiles.zip:profile_runtime_cvar_alpha_1.png
fpp_performance_profiles/profile_gap_cvar_alpha_2.png,104299,44626ba38e6a7940dcd0412a362d8e226d67f173ae99aa58428247270075174b,1,fpp_performance_profiles.zip:profile_gap_cvar_alpha_2.png
fpp_performance_profiles/profile_runtime_cvar_alpha_2.png,106096,4030e40c84ca1dd7620b637fc727b631810a15261c611481ce0e907394383cc1,1,fpp_performance_profiles.zip:profile_runtime_cvar_alpha_2.png
fpp_performance_profiles/profile_gap_cvar_alpha_3.png,104407,d0fed4ead1c8046cce032264888f5db4ef2abb4c5f4a9cbce9609750849cecf9,1,fpp_performance_profiles.zip:profile_gap_cvar_alpha_3.png
fpp_performance_profiles/profile_runtime_cvar_alpha_3.png,107596,cb69285d4905cc652e07b4ff15fe994938274518e1641811698cac2e220a8853,1,fpp_performance_profiles.zip:profile_runtime_cvar_alpha_3.png
fpp_performance_profiles/profile_gap_meancvar_alpha_1.png,104194,30bdfa157ac7ba9bd2117278227373579d94196bc6c64a0f94bd4ae937185f97,1,fpp_performance_profiles.zip:profile_gap_meancvar_alpha_1.png
fpp_performance_profiles/profile_runtime_meancvar_alpha_1.png,106510,545e4f923efcc12f96946cb5f341160466842f3bc6bf86c404935a3e3ce7f6a6,1,fpp_performance_profiles.zip:profile_runtime_meancvar_alpha_1.png
fpp_performance_profiles/profile_gap_meancvar_alpha_2.png,105742,25a86ad68f9f77b8bafa5c591fd17342dcb3fe41a5dfc6242460c5db410fbcfe,1,fpp_performance_profiles.zip:profile_gap_meancvar_alpha_2.png
fpp_performance_profiles/profile_runtime_meancvar_alpha_2.png,105474,a0d3e0c3af274b82ed94107448529596f973e77b4d8d06cc4aa65f5c6f109d25,1,fpp_performance_profiles.zip:profile_runtime_meancvar_alpha_2.png
fpp_performance_profiles/profile_gap_meancvar_alpha_3.png,105845,028328dce32d34301f1b59e3228477f1a20a1cda74cdbae38b5a9d206fa6edae,1,fpp_performance_profiles.zip:profile_gap_meancvar_alpha_3.png
fpp_performance_profiles/profile_runtime_meancvar_alpha_3.png,106962,e4e3cce7c30da931bb05b8a2cb57de8a7913a2ed781e3c0d71d7c217af8b18f8,1,fpp_performance_profiles.zip:profile_runtime_meancvar_alpha_3.png
fpp_profiles_by_objective/profile_by_objective_CVaR.png,250928,39cac157879bcff4df7e7ebf5fa0a63329895a0803d74ba2b7188e3be4ef6461,2,fpp_profiles_by_objective.zip:profile_by_objective_CVaR.png | standalone_files:fpp_profiles_by_objective/profile_by_objective_CVaR.png
fpp_profiles_by_objective/profile_by_objective_CVaR.pdf,20153,e1a89e6579faa649b8ff95a8a250678f2eaf78c82ea6124d9470a3b4ad788e12,1,fpp_profiles_by_objective.zip:profile_by_objective_CVaR.pdf
fpp_profiles_by_objective/profile_by_objective_Expected.png,237652,1be02fa6e66273578ee66a71857a207a30c932e6af12e098db109a5312523f21,2,fpp_profiles_by_objective.zip:profile_by_objective_Expected.png | standalone_files:fpp_profiles_by_objective/profile_by_objective_Expected.png
fpp_profiles_by_objective/profile_by_objective_Expected.pdf,20344,3b358365d1555031cc043b2db5c175b6484b4453c48c80b71a71187661b2088b,1,fpp_profiles_by_objective.zip:profile_by_objective_Expected.pdf
fpp_profiles_by_objective/profile_by_objective_MeanCVaR.png,257759,483b1a371fbc6606a59ff95552676058ccf2b8f6d23963499743bb353d2ece44,2,fpp_profiles_by_objective.zip:profile_by_objective_MeanCVaR.png | standalone_files:fpp_profiles_by_objective/profile_by_objective_MeanCVaR.png
fpp_profiles_by_objective/profile_by_objective_MeanCVaR.pdf,20348,a5f818538d976913a6d5181bd756322e96eb890fa5f4ad3b9dd1356dc04dc269,1,fpp_profiles_by_objective.zip:profile_by_objective_MeanCVaR.pdf
fpp_profiles_split_by_instance/joined_profile_20x20_CVaR_all_alpha.png,309641,ae3bca2293834f9a9f8b2f60e8a33f02a00565b9a203563d7f46e5b215c4853b,2,fpp_profiles_split_by_instance.zip:profiles/joined_profile_20x20_CVaR_all_alpha.png | standalone_files:fpp_profiles_split_by_instance/profiles/joined_profile_20x20_CVaR_all_alpha.png
fpp_profiles_split_by_instance/joined_profile_20x20_CVaR_all_alpha.pdf,21973,54cd9772a07035c2bf149cfa46ee879fb56e3e858d5b4d36cf712812efcaf6ba,1,fpp_profiles_split_by_instance.zip:profiles/joined_profile_20x20_CVaR_all_alpha.pdf
fpp_profiles_split_by_instance/joined_profile_20x20_Expected_all_alpha.png,306386,e5f3939480b27f5e9ce25e1a2951f4683eb071ee000c579396bc8d25bd1fa428,2,fpp_profiles_split_by_instance.zip:profiles/joined_profile_20x20_Expected_all_alpha.png | standalone_files:fpp_profiles_split_by_instance/profiles/joined_profile_20x20_Expected_all_alpha.png
fpp_profiles_split_by_instance/joined_profile_20x20_Expected_all_alpha.pdf,22315,a978672cffaf43c8715bc80b9522f8d003f68e05a5dac461e4e4693d2fbb46d9,1,fpp_profiles_split_by_instance.zip:profiles/joined_profile_20x20_Expected_all_alpha.pdf
fpp_profiles_split_by_instance/joined_profile_20x20_MeanCVaR_all_alpha.png,318764,b7e2edc13f29974ffa566f5a9dc7d00495735e334ee0defccdd7562c4bcb12d9,2,fpp_profiles_split_by_instance.zip:profiles/joined_profile_20x20_MeanCVaR_all_alpha.png | standalone_files:fpp_profiles_split_by_instance/profiles/joined_profile_20x20_MeanCVaR_all_alpha.png
fpp_profiles_split_by_instance/joined_profile_20x20_MeanCVaR_all_alpha.pdf,22394,adae63839fa0e41e07abb0b70448cc93fa75c3e8ef7b09e1e7523bf427484b14,1,fpp_profiles_split_by_instance.zip:profiles/joined_profile_20x20_MeanCVaR_all_alpha.pdf
fpp_profiles_split_by_instance/joined_profile_20x20_reburn_CVaR_all_alpha.png,290853,506ea87f8593fc61a22604456b3b9d988b87186430b5715c778b52922f7d38cf,2,fpp_profiles_split_by_instance.zip:profiles/joined_profile_20x20_reburn_CVaR_all_alpha.png | standalone_files:fpp_profiles_split_by_instance/profiles/joined_profile_20x20_reburn_CVaR_all_alpha.png
fpp_profiles_split_by_instance/joined_profile_20x20_reburn_CVaR_all_alpha.pdf,20182,19a6d40a87b8d1505ae80ac18d94459345c5ff53082c847f5975c5565dc629e9,1,fpp_profiles_split_by_instance.zip:profiles/joined_profile_20x20_reburn_CVaR_all_alpha.pdf
fpp_profiles_split_by_instance/joined_profile_20x20_reburn_Expected_all_alpha.png,283058,359aae5886b93ef75f8e2ee10b8f9ef5eda844edf9553c5d6fe25372b4cc626f,2,fpp_profiles_split_by_instance.zip:profiles/joined_profile_20x20_reburn_Expected_all_alpha.png | standalone_files:fpp_profiles_split_by_instance/profiles/joined_profile_20x20_reburn_Expected_all_alpha.png
fpp_profiles_split_by_instance/joined_profile_20x20_reburn_Expected_all_alpha.pdf,19894,f119d8ee86df6e913e60fc6a638e8456c0171e2e22062fcc41d5e491393d0475,1,fpp_profiles_split_by_instance.zip:profiles/joined_profile_20x20_reburn_Expected_all_alpha.pdf
fpp_profiles_split_by_instance/joined_profile_20x20_reburn_MeanCVaR_all_alpha.png,295537,0d67029f792b78b4893ed2ffd540ba218b4bf8dfb64075f15a33c419ce3380ab,2,fpp_profiles_split_by_instance.zip:profiles/joined_profile_20x20_reburn_MeanCVaR_all_alpha.png | standalone_files:fpp_profiles_split_by_instance/profiles/joined_profile_20x20_reburn_MeanCVaR_all_alpha.png
fpp_profiles_split_by_instance/joined_profile_20x20_reburn_MeanCVaR_all_alpha.pdf,20222,1d789767095e281725d7cbf89d9c4892a452a1e157aa9439e38719cdeec8551b,1,fpp_profiles_split_by_instance.zip:profiles/joined_profile_20x20_reburn_MeanCVaR_all_alpha.pdf
fpp_profiles_split_by_instance/joined_profile_20x20_CVaR_alpha_0p01.png,290415,e59b30e8fe76b86d2120fdbf1d412906d56a900fded1cbfee32191eb479035f9,1,fpp_profiles_split_by_instance.zip:profiles/joined_profile_20x20_CVaR_alpha_0p01.png
fpp_profiles_split_by_instance/joined_profile_20x20_CVaR_alpha_0p01.pdf,20450,ae4e65f8942a0c9f5b9e4d7e1d830a5f9589314c4b42acd686eea9418d5dd842,1,fpp_profiles_split_by_instance.zip:profiles/joined_profile_20x20_CVaR_alpha_0p01.pdf
fpp_profiles_split_by_instance/joined_profile_20x20_CVaR_alpha_0p02.png,294696,0e9f1fdcdc1b9f13ee93efe385d2b3347c4db42b0059b0bcad1e77795d972726,1,fpp_profiles_split_by_instance.zip:profiles/joined_profile_20x20_CVaR_alpha_0p02.png
fpp_profiles_split_by_instance/joined_profile_20x20_CVaR_alpha_0p02.pdf,20532,792ed06dcddb0a98149d9e9d5b42a4131d0413b4113b4c8643b47b1a80b5c807,1,fpp_profiles_split_by_instance.zip:profiles/joined_profile_20x20_CVaR_alpha_0p02.pdf
fpp_profiles_split_by_instance/joined_profile_20x20_CVaR_alpha_0p03.png,291033,49156a78a7265db8e5756cb4e2dc30cd3700501c9fa79863365fac3cb035791e,1,fpp_profiles_split_by_instance.zip:profiles/joined_profile_20x20_CVaR_alpha_0p03.png
fpp_profiles_split_by_instance/joined_profile_20x20_CVaR_alpha_0p03.pdf,20647,cdbf5832c77ed424e9de9a9e648882fc2664552a4fe74b7459032bb4e0fbd895,1,fpp_profiles_split_by_instance.zip:profiles/joined_profile_20x20_CVaR_alpha_0p03.pdf
fpp_profiles_split_by_instance/joined_profile_20x20_Expected_alpha_0p01.png,283727,a4d91ba983f363cd42338be796aa8e14028c17cba7848862e823671b8667c0c4,1,fpp_profiles_split_by_instance.zip:profiles/joined_profile_20x20_Expected_alpha_0p01.png
fpp_profiles_split_by_instance/joined_profile_20x20_Expected_alpha_0p01.pdf,20456,f252a3b409d0fe775e0452e3e9346d9c28823a306ff7ee3c6f8606630603b094,1,fpp_profiles_split_by_instance.zip:profiles/joined_profile_20x20_Expected_alpha_0p01.pdf
fpp_profiles_split_by_instance/joined_profile_20x20_Expected_alpha_0p02.png,289833,6350883ce1210c55c139491515f20ff940b70340011d43ecd355ccf98e9a7e29,1,fpp_profiles_split_by_instance.zip:profiles/joined_profile_20x20_Expected_alpha_0p02.png
fpp_profiles_split_by_instance/joined_profile_20x20_Expected_alpha_0p02.pdf,20533,ad5030e745c720f1dc051bb8a3fc3fd275fdb6523ed5dea5c01b06620c568102,1,fpp_profiles_split_by_instance.zip:profiles/joined_profile_20x20_Expected_alpha_0p02.pdf
fpp_profiles_split_by_instance/joined_profile_20x20_Expected_alpha_0p03.png,291399,827818bc1cec181e07851959bf4a89650e14948c0d45d1c2ca4d1abb652d6712,1,fpp_profiles_split_by_instance.zip:profiles/joined_profile_20x20_Expected_alpha_0p03.png
fpp_profiles_split_by_instance/joined_profile_20x20_Expected_alpha_0p03.pdf,21022,4c34f8ca775c9235084800b183d730fb3c5a63c29db2f85dcc5cdec40567c7f4,1,fpp_profiles_split_by_instance.zip:profiles/joined_profile_20x20_Expected_alpha_0p03.pdf
fpp_profiles_split_by_instance/joined_profile_20x20_MeanCVaR_alpha_0p01.png,294597,24ebe1f1fc77c15db24c797491660c0e80c882118223847803ecd977ec564341,1,fpp_profiles_split_by_instance.zip:profiles/joined_profile_20x20_MeanCVaR_alpha_0p01.png
fpp_profiles_split_by_instance/joined_profile_20x20_MeanCVaR_alpha_0p01.pdf,20678,80d7d33a124e9f5265ef3b8abbe1ecd8bbd7d6a8e1362232a6b154986b075f4c,1,fpp_profiles_split_by_instance.zip:profiles/joined_profile_20x20_MeanCVaR_alpha_0p01.pdf
fpp_profiles_split_by_instance/joined_profile_20x20_MeanCVaR_alpha_0p02.png,300113,4bbcfba1a479c39f91eb76b5df19f887710c8954e8f174fd54072c91a573cead,1,fpp_profiles_split_by_instance.zip:profiles/joined_profile_20x20_MeanCVaR_alpha_0p02.png
fpp_profiles_split_by_instance/joined_profile_20x20_MeanCVaR_alpha_0p02.pdf,20747,41fb1bc6f99ec6f52f4d45a424a9a0aa26825c98dd496c07cf41327ef8952f3d,1,fpp_profiles_split_by_instance.zip:profiles/joined_profile_20x20_MeanCVaR_alpha_0p02.pdf
fpp_profiles_split_by_instance/joined_profile_20x20_MeanCVaR_alpha_0p03.png,298635,334d2e7bee10ee62af42d56e55b5afeecec53eeae333a545a60b58c1b1acf4df,1,fpp_profiles_split_by_instance.zip:profiles/joined_profile_20x20_MeanCVaR_alpha_0p03.png
fpp_profiles_split_by_instance/joined_profile_20x20_MeanCVaR_alpha_0p03.pdf,21055,afcb3c73dfb123be6c2b4fc751d0737b0730855ed0876d9733c35bae9761c015,1,fpp_profiles_split_by_instance.zip:profiles/joined_profile_20x20_MeanCVaR_alpha_0p03.pdf
fpp_profiles_split_by_instance/joined_profile_20x20_reburn_CVaR_alpha_0p01.png,288407,95fa9ac88fbfd11f8ade850bf5a54395782121ed8bc9c9bd57db6153dcf8aaf7,1,fpp_profiles_split_by_instance.zip:profiles/joined_profile_20x20_reburn_CVaR_alpha_0p01.png
fpp_profiles_split_by_instance/joined_profile_20x20_reburn_CVaR_alpha_0p01.pdf,20137,e4261073e78345f638429d44c6871f6c9c8529b8c4404b975a7ccee94beff72e,1,fpp_profiles_split_by_instance.zip:profiles/joined_profile_20x20_reburn_CVaR_alpha_0p01.pdf
fpp_profiles_split_by_instance/joined_profile_20x20_reburn_CVaR_alpha_0p02.png,283662,6cda766a98b8c7e5c7cf0c7df91d285a9dddfbd70460147087d4081def260b81,1,fpp_profiles_split_by_instance.zip:profiles/joined_profile_20x20_reburn_CVaR_alpha_0p02.png
fpp_profiles_split_by_instance/joined_profile_20x20_reburn_CVaR_alpha_0p02.pdf,19763,a3a26f53f881509687bd2492d0e49a5368879e7f2686c13845ddb6912c766d8f,1,fpp_profiles_split_by_instance.zip:profiles/joined_profile_20x20_reburn_CVaR_alpha_0p02.pdf
fpp_profiles_split_by_instance/joined_profile_20x20_reburn_CVaR_alpha_0p03.png,284839,c4c428e675e7c0c47cc7dac8e05e499d446f8381f2ff886bdb495f07da9ebc5d,1,fpp_profiles_split_by_instance.zip:profiles/joined_profile_20x20_reburn_CVaR_alpha_0p03.png
fpp_profiles_split_by_instance/joined_profile_20x20_reburn_CVaR_alpha_0p03.pdf,20214,0a8a4153dfbc88429f1da6c9a14167b2a96e409d868194737f838189bbc42f98,1,fpp_profiles_split_by_instance.zip:profiles/joined_profile_20x20_reburn_CVaR_alpha_0p03.pdf
fpp_profiles_split_by_instance/joined_profile_20x20_reburn_Expected_alpha_0p01.png,282710,73af8839069f7f69469cef5cd99930e8bbdd1355d1734da960291208aeff87ac,1,fpp_profiles_split_by_instance.zip:profiles/joined_profile_20x20_reburn_Expected_alpha_0p01.png
fpp_profiles_split_by_instance/joined_profile_20x20_reburn_Expected_alpha_0p01.pdf,19926,e78a1c1d01acdb40eb18a470f10e11433103038d875d5bf2fd8f2cc43c394c41,1,fpp_profiles_split_by_instance.zip:profiles/joined_profile_20x20_reburn_Expected_alpha_0p01.pdf
fpp_profiles_split_by_instance/joined_profile_20x20_reburn_Expected_alpha_0p02.png,281885,5088e870a0bae63a627c838780a63904df373449911aaefe9ed3b53d8b8ffc12,1,fpp_profiles_split_by_instance.zip:profiles/joined_profile_20x20_reburn_Expected_alpha_0p02.png
fpp_profiles_split_by_instance/joined_profile_20x20_reburn_Expected_alpha_0p02.pdf,19751,c6fa2963265d3458b1532f9f7b7f99a45d5789c20fb5113434863d3432b493ce,1,fpp_profiles_split_by_instance.zip:profiles/joined_profile_20x20_reburn_Expected_alpha_0p02.pdf
fpp_profiles_split_by_instance/joined_profile_20x20_reburn_Expected_alpha_0p03.png,281949,371a825e0e8011c85d989080bd5a2ab62e94c137a4c150966ad8400db6be0a9a,1,fpp_profiles_split_by_instance.zip:profiles/joined_profile_20x20_reburn_Expected_alpha_0p03.png
fpp_profiles_split_by_instance/joined_profile_20x20_reburn_Expected_alpha_0p03.pdf,20202,ceeb6f8869f9c0ca2ad2038eb9a10875ba2442ce35b04c4120546281dfb29b41,1,fpp_profiles_split_by_instance.zip:profiles/joined_profile_20x20_reburn_Expected_alpha_0p03.pdf
fpp_profiles_split_by_instance/joined_profile_20x20_reburn_MeanCVaR_alpha_0p01.png,292506,746905481211f68e9a879fcae6665283e67b7ca4732870d7d7a167f2b47efb93,1,fpp_profiles_split_by_instance.zip:profiles/joined_profile_20x20_reburn_MeanCVaR_alpha_0p01.png
fpp_profiles_split_by_instance/joined_profile_20x20_reburn_MeanCVaR_alpha_0p01.pdf,20215,77a74d392fa93118a806b18e8dd729d00bdb40e9d636b8739b62e18d38b615b2,1,fpp_profiles_split_by_instance.zip:profiles/joined_profile_20x20_reburn_MeanCVaR_alpha_0p01.pdf
fpp_profiles_split_by_instance/joined_profile_20x20_reburn_MeanCVaR_alpha_0p02.png,290868,1ae8472631991dbeb43c21ea90e8b303bbb42e9e59f5233f43042534c7bc24ee,1,fpp_profiles_split_by_instance.zip:profiles/joined_profile_20x20_reburn_MeanCVaR_alpha_0p02.png
fpp_profiles_split_by_instance/joined_profile_20x20_reburn_MeanCVaR_alpha_0p02.pdf,19962,c674874ad37bb5b7c50a972d21aed0204608e334123b4a9256c71e70ac5e4d48,1,fpp_profiles_split_by_instance.zip:profiles/joined_profile_20x20_reburn_MeanCVaR_alpha_0p02.pdf
fpp_profiles_split_by_instance/joined_profile_20x20_reburn_MeanCVaR_alpha_0p03.png,291099,91c187bbdc0eb4b88dcb175d6adc850108f5a91b165779108daca7a8290017aa,1,fpp_profiles_split_by_instance.zip:profiles/joined_profile_20x20_reburn_MeanCVaR_alpha_0p03.png
fpp_profiles_split_by_instance/joined_profile_20x20_reburn_MeanCVaR_alpha_0p03.pdf,20413,38ee9954990275f694d4daede0f3caaf2fe9b1e6234480f1612724582cbdd329,1,fpp_profiles_split_by_instance.zip:profiles/joined_profile_20x20_reburn_MeanCVaR_alpha_0p03.pdf
fpp_six_separate_profiles/profile_gap_CVaR_xmax20.png,226542,86988a36529724e3d954997a54c94e6864a521d93fa53f4eef8c84c4a17a674a,2,fpp_six_separate_profiles.zip:profile_gap_CVaR_xmax20.png | standalone_files:fpp_six_separate_profiles/profile_gap_CVaR_xmax20.png
fpp_six_separate_profiles/profile_gap_CVaR_xmax20.pdf,22151,76f689f3fb84944b1a268180028bf850b1963a52a501332cf1b565e116ce2d9e,1,fpp_six_separate_profiles.zip:profile_gap_CVaR_xmax20.pdf
fpp_six_separate_profiles/profile_time_CVaR_xmax1800.png,207333,2f8b28471000a0d4cb5637ce3bf22636b8df327415d9473232b9c2c21c9932b0,2,fpp_six_separate_profiles.zip:profile_time_CVaR_xmax1800.png | standalone_files:fpp_six_separate_profiles/profile_time_CVaR_xmax1800.png
fpp_six_separate_profiles/profile_time_CVaR_xmax1800.pdf,18909,729d8aca5a08a47ff021d5a7caba610107ddb3dbbb3df1927434cb4b5d64ebac,1,fpp_six_separate_profiles.zip:profile_time_CVaR_xmax1800.pdf
fpp_six_separate_profiles/profile_gap_Expected_xmax20.png,216438,0acf77f178880f4e8e0553260fb0bbe8fd73767f2f38e3049c164e594a06cb31,2,fpp_six_separate_profiles.zip:profile_gap_Expected_xmax20.png | standalone_files:fpp_six_separate_profiles/profile_gap_Expected_xmax20.png
fpp_six_separate_profiles/profile_gap_Expected_xmax20.pdf,22203,24c5986a0ec70baabba2be5255cfe96d1459569fe876f81aed29192629b924c4,1,fpp_six_separate_profiles.zip:profile_gap_Expected_xmax20.pdf
fpp_six_separate_profiles/profile_time_Expected_xmax1800.png,213869,2bbba5358d1a73deac4ef7617205d82471dad05f7cfec9c28b74380081f8eeb9,2,fpp_six_separate_profiles.zip:profile_time_Expected_xmax1800.png | standalone_files:fpp_six_separate_profiles/profile_time_Expected_xmax1800.png
fpp_six_separate_profiles/profile_time_Expected_xmax1800.pdf,20174,32cde5d252b9ab544bb05bf0eb2b11e0053286f0e3385ee8b352c93074a5ff10,1,fpp_six_separate_profiles.zip:profile_time_Expected_xmax1800.pdf
fpp_six_separate_profiles/profile_gap_MeanCVaR_xmax20.png,238474,4a2a45bf531551e25b9cdbe92d103c7e9f60bc0edb02af2e30383e8bab52f66d,2,fpp_six_separate_profiles.zip:profile_gap_MeanCVaR_xmax20.png | standalone_files:fpp_six_separate_profiles/profile_gap_MeanCVaR_xmax20.png
fpp_six_separate_profiles/profile_gap_MeanCVaR_xmax20.pdf,23029,7cc491a3a73e5e3436f499ce9cd8ea53e42b2e72afdd560755336b71a3f6bedf,1,fpp_six_separate_profiles.zip:profile_gap_MeanCVaR_xmax20.pdf
fpp_six_separate_profiles/profile_time_MeanCVaR_xmax1800.png,211161,3fc5830ddd7c651fda792d14d68906df16e5f8a8650548591d15bdaf8e5fbfc0,2,fpp_six_separate_profiles.zip:profile_time_MeanCVaR_xmax1800.png | standalone_files:fpp_six_separate_profiles/profile_time_MeanCVaR_xmax1800.png
fpp_six_separate_profiles/profile_time_MeanCVaR_xmax1800.pdf,19152,e5a5f6c5f42756a6a10170b11caef3feb5be00030bdae64ce1b9b6dbcece113a,1,fpp_six_separate_profiles.zip:profile_time_MeanCVaR_xmax1800.pdf
fpp_true_instance_profiles_by_objective/true_profile_by_objective_CVaR.png,301264,187899b9aa7d6c85fcd38759d833b9a229929f284921fc969f866b422dee52ca,2,fpp_true_instance_profiles_by_objective.zip:true_profile_by_objective_CVaR.png | standalone_files:fpp_true_instance_profiles_by_objective/true_profile_by_objective_CVaR.png
fpp_true_instance_profiles_by_objective/true_profile_by_objective_CVaR.pdf,24415,83563004d3ded62fee383fc543607cc818d40ec467ee57d44592f75254baa184,1,fpp_true_instance_profiles_by_objective.zip:true_profile_by_objective_CVaR.pdf
fpp_true_instance_profiles_by_objective/true_profile_by_objective_Expected.png,291463,ed4116a68dfd7e29352dfa28af161d04b1d90e3e2c14f949a5370658301dcc43,2,fpp_true_instance_profiles_by_objective.zip:true_profile_by_objective_Expected.png | standalone_files:fpp_true_instance_profiles_by_objective/true_profile_by_objective_Expected.png
fpp_true_instance_profiles_by_objective/true_profile_by_objective_Expected.pdf,25038,cc8902dce11916cde9b0f6dbe4a479c6564f9f8592fe2c3150693cc801425f3f,1,fpp_true_instance_profiles_by_objective.zip:true_profile_by_objective_Expected.pdf
fpp_true_instance_profiles_by_objective/true_profile_by_objective_MeanCVaR.png,301586,5c158e9c69fc0e26375c36f75f229945232a4cd5f48b9bb2e7d1ac4d63f49be9,2,fpp_true_instance_profiles_by_objective.zip:true_profile_by_objective_MeanCVaR.png | standalone_files:fpp_true_instance_profiles_by_objective/true_profile_by_objective_MeanCVaR.png
fpp_true_instance_profiles_by_objective/true_profile_by_objective_MeanCVaR.pdf,24747,f019a7a3afa637374c54bb74589b6fd841172935842a25de4c79d52505f002bb,1,fpp_true_instance_profiles_by_objective.zip:true_profile_by_objective_MeanCVaR.pdf
