objective_family,method_family,method,fpp_mode,lb_config,use_root_cuts,is_combinatorial,completed_rows,status_counts,fpp_saa_validation_status_counts,avg_runtime_seconds,min_runtime_seconds,max_runtime_seconds,avg_explored_nodes,min_explored_nodes,max_explored_nodes,avg_branch_benders_lazy_cuts_added,min_branch_benders_lazy_cuts_added,max_branch_benders_lazy_cuts_added,avg_branch_benders_candidate_incumbents_checked,min_branch_benders_candidate_incumbents_checked,max_branch_benders_candidate_incumbents_checked,avg_branch_benders_root_user_cuts_added,min_branch_benders_root_user_cuts_added,max_branch_benders_root_user_cuts_added,avg_benders_lifted_lower_bound_precompute_time_sec,min_benders_lifted_lower_bound_precompute_time_sec,max_benders_lifted_lower_bound_precompute_time_sec,avg_coverage_llbi_num_zeta_vars,min_coverage_llbi_num_zeta_vars,max_coverage_llbi_num_zeta_vars,avg_path_llbi_num_paths_used,min_path_llbi_num_paths_used,max_path_llbi_num_paths_used,avg_combinatorial_benders_integer_cuts_added,min_combinatorial_benders_integer_cuts_added,max_combinatorial_benders_integer_cuts_added,avg_combinatorial_benders_fractional_cuts_added,min_combinatorial_benders_fractional_cuts_added,max_combinatorial_benders_fractional_cuts_added,avg_combinatorial_benders_initial_cuts_added,min_combinatorial_benders_initial_cuts_added,max_combinatorial_benders_initial_cuts_added,avg_combinatorial_benders_separation_time_sec,min_combinatorial_benders_separation_time_sec,max_combinatorial_benders_separation_time_sec,avg_subproblem_total_solve_time_sec,min_subproblem_total_solve_time_sec,max_subproblem_total_solve_time_sec
CVaR,FPP-Branch-Benders,FPP-Branch-Benders-CVaR,,None,false,false,10,Feasible:5;Optimal:5,pass:10,153.4733784,3.34752274,300.7482496,41476.1,1382,97493,1899.6,817,3495,76.6,18,147,0,0,0,0,0,0,0,0,0,0,0,0,0,0,0,0,0,0,0,0,0,0,0,0,,,
CVaR,FPP-Branch-Benders,FPP-Branch-Benders-CVaR-CoverageLLBI,,CoverageLLBI,false,false,10,Feasible:9;Optimal:1,pass:10,291.9064846,208.61356,301.4871203,276.9,50,947,12.9,2,20,10.6,7,17,0,0,0,0,0,0,14041.8,12534,15564,0,0,0,0,0,0,0,0,0,0,0,0,0,0,0,,,
CVaR,FPP-Branch-Benders,FPP-Branch-Benders-CVaR-CoverageLLBI-PathLLBI,,CoverageLLBI+PathLLBI,false,false,10,Feasible:10,pass:10,302.2486442,300.9852837,303.2011475,19.1,0,160,0,0,0,2.7,1,7,0,0,0,0,0,0,14041.8,12534,15564,14750.2,13478,16243,0,0,0,0,0,0,0,0,0,0,0,0,,,
CVaR,FPP-Branch-Benders,FPP-Branch-Benders-CVaR-CoverageLLBI-PathLLBI-RootCuts,,CoverageLLBI+PathLLBI,true,false,10,Feasible:10,pass:10,301.8344187,301.0778949,302.8462177,24.1,0,73,0,0,0,4,2,7,0,0,0,0,0,0,14041.8,12534,15564,14750.2,13478,16243,0,0,0,0,0,0,0,0,0,0,0,0,,,
CVaR,FPP-Branch-Benders,FPP-Branch-Benders-CVaR-CoverageLLBI-RootCuts,,CoverageLLBI,true,false,10,Feasible:9;Optimal:1,pass:10,297.465743,264.0102424,301.6195386,259.9,4,1358,10.2,0,19,10.1,4,16,11.3,6,15,0,0,0,14041.8,12534,15564,0,0,0,0,0,0,0,0,0,0,0,0,0,0,0,,,
CVaR,FPP-Branch-Benders,FPP-Branch-Benders-CVaR-LLBI,,LLBI,false,false,10,Feasible:5;Optimal:5,pass:10,155.3908004,5.10602225,300.9100821,47173.8,1333,116121,609.9,88,1454,50,21,115,0,0,0,0.156647179,0.08396765,0.19242283,0,0,0,0,0,0,0,0,0,0,0,0,0,0,0,0,0,0,,,
CVaR,FPP-Branch-Benders,FPP-Branch-Benders-CVaR-LLBI-CoverageLLBI-PathLLBI,,LLBI+CoverageLLBI+PathLLBI,false,false,10,Feasible:10,pass:10,301.9246856,301.0490253,303.5086867,36.2,0,171,0,0,0,4.1,3,5,0,0,0,0.117562503,0.08398195,0.18769861,14041.8,12534,15564,14750.2,13478,16243,0,0,0,0,0,0,0,0,0,0,0,0,,,
CVaR,FPP-Branch-Benders,FPP-Branch-Benders-CVaR-LLBI-CoverageLLBI-PathLLBI-RootCuts,,LLBI+CoverageLLBI+PathLLBI,true,false,10,Feasible:10,pass:10,301.6270764,301.0086066,302.4357953,35.4,0,223,0,0,0,4.1,2,6,0,0,0,0.133136623,0.0794809,0.19739682,14041.8,12534,15564,14750.2,13478,16243,0,0,0,0,0,0,0,0,0,0,0,0,,,
CVaR,FPP-Branch-Benders,FPP-Branch-Benders-CVaR-LLBI-RootCuts,,LLBI,true,false,10,Feasible:5;Optimal:5,pass:10,155.1798313,5.89227749,300.7048804,52398.1,1774,137175,467.2,71,1594,41.6,19,111,40.5,28,57,0.116572529,0.0796672,0.18673476,0,0,0,0,0,0,0,0,0,0,0,0,0,0,0,0,0,0,,,
CVaR,FPP-Branch-Benders,FPP-Branch-Benders-CVaR-PathLLBI,,PathLLBI,false,false,10,Feasible:9;Optimal:1,pass:10,287.4522025,163.0096311,302.3291009,321.8,26,1524,0,0,0,4.6,3,7,0,0,0,0,0,0,0,0,0,14750.2,13478,16243,0,0,0,0,0,0,0,0,0,0,0,0,,,
CVaR,FPP-Branch-Benders,FPP-Branch-Benders-CVaR-PathLLBI-RootCuts,,PathLLBI,true,false,10,Feasible:9;Optimal:1,pass:10,290.2186807,187.0050604,302.7841472,315.6,8,1524,0,0,0,4.5,3,7,0,0,0,0,0,0,0,0,0,14750.2,13478,16243,0,0,0,0,0,0,0,0,0,0,0,0,,,
CVaR,FPP-Branch-Benders,FPP-Branch-Benders-CVaR-RootCuts,,None,true,false,10,Feasible:5;Optimal:5,pass:10,154.4238709,3.40183045,300.9076857,36990.4,1843,94843,1689.5,813,2867,65.9,19,126,39,21,53,0,0,0,0,0,0,0,0,0,0,0,0,0,0,0,0,0,0,0,0,0,,,
CVaR,FPP-Branch-Benders-Combinatorial,FPP-Branch-Benders-Combinatorial-CVaR,,Combinatorial,false,true,10,Feasible:5;Optimal:5,pass:10,224.1947025,89.59241544,359.0695493,770.9,0,1726,103,66,152,17.4,10,27,0,0,0,0,0,0,0,0,0,0,0,0,103,66,152,9479.7,1796,23611,100,100,100,135.8154377,75.1789707,349.995706,,,
Expected,FPP-Branch-Benders,FPP-Branch-Benders,,None,false,false,10,Feasible:1;Optimal:9,pass:10,98.39290621,2.91945617,300.3209597,9150.6,73,30675,2724.9,935,5999,71.5,21,152,0,0,0,0,0,0,0,0,0,0,0,0,0,0,0,0,0,0,0,0,0,0,0,0,,,
Expected,FPP-Branch-Benders,FPP-Branch-Benders-CoverageLLBI,,CoverageLLBI,false,false,10,Optimal:10,pass:10,49.0313821,17.16541394,108.5343011,48.5,5,108,52.3,24,80,14,9,20,0,0,0,0,0,0,14041.8,12534,15564,0,0,0,0,0,0,0,0,0,0,0,0,0,0,0,,,
Expected,FPP-Branch-Benders,FPP-Branch-Benders-CoverageLLBI-PathLLBI,,CoverageLLBI+PathLLBI,false,false,10,Feasible:4;Optimal:6,pass:10,227.6909878,89.46233179,303.0221342,9.7,0,47,0,0,0,4,2,6,0,0,0,0,0,0,14041.8,12534,15564,14750.2,13478,16243,0,0,0,0,0,0,0,0,0,0,0,0,,,
Expected,FPP-Branch-Benders,FPP-Branch-Benders-CoverageLLBI-PathLLBI-RootCuts,,CoverageLLBI+PathLLBI,true,false,10,Feasible:3;Optimal:7,pass:10,228.566095,86.20056123,302.8062259,10.8,0,47,0,0,0,3.9,2,6,0,0,0,0,0,0,14041.8,12534,15564,14750.2,13478,16243,0,0,0,0,0,0,0,0,0,0,0,0,,,
Expected,FPP-Branch-Benders,FPP-Branch-Benders-CoverageLLBI-RootCuts,,CoverageLLBI,true,false,10,Optimal:10,pass:10,57.5201396,11.91473268,142.5427138,36.9,0,96,30,7,58,12.3,4,22,19.8,10,35,0,0,0,14041.8,12534,15564,0,0,0,0,0,0,0,0,0,0,0,0,0,0,0,,,
Expected,FPP-Branch-Benders,FPP-Branch-Benders-LLBI,,LLBI,false,false,10,Optimal:10,pass:10,58.53319186,3.184856,203.6021364,9487.1,46,35901,1517.3,203,4279,57,12,145,0,0,0,0.154956876,0.08060531,0.23305951,0,0,0,0,0,0,0,0,0,0,0,0,0,0,0,0,0,0,,,
Expected,FPP-Branch-Benders,FPP-Branch-Benders-LLBI-CoverageLLBI-PathLLBI,,LLBI+CoverageLLBI+PathLLBI,false,false,10,Feasible:5;Optimal:5,pass:10,232.7493825,80.10257955,303.4855375,6.9,0,35,0,0,0,3.4,2,5,0,0,0,0.174816556,0.0901765,0.24278792,14041.8,12534,15564,14750.2,13478,16243,0,0,0,0,0,0,0,0,0,0,0,0,,,
Expected,FPP-Branch-Benders,FPP-Branch-Benders-LLBI-CoverageLLBI-PathLLBI-RootCuts,,LLBI+CoverageLLBI+PathLLBI,true,false,10,Feasible:4;Optimal:6,pass:10,209.6001997,73.70093746,303.2138612,10.2,0,39,0,0,0,3.7,2,5,0,0,0,0.15566662,0.0842854,0.2694141,14041.8,12534,15564,14750.2,13478,16243,0,0,0,0,0,0,0,0,0,0,0,0,,,
Expected,FPP-Branch-Benders,FPP-Branch-Benders-LLBI-RootCuts,,LLBI,true,false,10,Optimal:10,pass:10,39.93685758,1.94720214,169.843596,6371.6,16,32097,1070.2,126,3605,42.2,11,109,53.8,38,76,0.134188179,0.07949196,0.25220498,0,0,0,0,0,0,0,0,0,0,0,0,0,0,0,0,0,0,,,
Expected,FPP-Branch-Benders,FPP-Branch-Benders-PathLLBI,,PathLLBI,false,false,10,Optimal:10,pass:10,61.83464322,24.49212363,144.3418665,22.8,2,63,0,0,0,5.2,3,7,0,0,0,0,0,0,0,0,0,14750.2,13478,16243,0,0,0,0,0,0,0,0,0,0,0,0,,,
Expected,FPP-Branch-Benders,FPP-Branch-Benders-PathLLBI-RootCuts,,PathLLBI,true,false,10,Optimal:10,pass:10,55.94566396,27.89694927,141.3634029,22.8,2,63,0,0,0,5.2,3,7,0,0,0,0,0,0,0,0,0,14750.2,13478,16243,0,0,0,0,0,0,0,0,0,0,0,0,,,
Expected,FPP-Branch-Benders,FPP-Branch-Benders-RootCuts,,None,true,false,10,Feasible:1;Optimal:9,pass:10,71.41754672,6.24609664,300.2785609,8001.9,14,25754,2297.6,893,4846,60.8,20,143,55.1,34,73,0,0,0,0,0,0,0,0,0,0,0,0,0,0,0,0,0,0,0,0,0,,,
Expected,FPP-Branch-Benders-Combinatorial,FPP-Branch-Benders-Combinatorial,,Combinatorial,false,true,10,Optimal:10,pass:10,30.50151139,6.06130124,67.979271,34.4,0,69,147.4,90,246,17.1,10,33,0,0,0,0,0,0,0,0,0,0,0,0,147.4,90,246,8174.2,520,20888,100,100,100,15.15033962,1.54987336,32.58715568,,,
MeanCVaR,FPP-Branch-Benders,FPP-Branch-Benders-MeanCVaR,,None,false,false,10,Feasible:5;Optimal:5,pass:10,154.3558762,3.68281727,300.6012723,28806.9,765,111422,3098.6,838,6481,76.6,18,165,0,0,0,0,0,0,0,0,0,0,0,0,0,0,0,0,0,0,0,0,0,0,0,0,,,
MeanCVaR,FPP-Branch-Benders,FPP-Branch-Benders-MeanCVaR-CoverageLLBI,,CoverageLLBI,false,false,10,Feasible:8;Optimal:2,pass:10,278.4093826,130.4509704,300.9860138,451.2,203,1319,36.6,8,69,12.2,6,18,0,0,0,0,0,0,14041.8,12534,15564,0,0,0,0,0,0,0,0,0,0,0,0,0,0,0,,,
MeanCVaR,FPP-Branch-Benders,FPP-Branch-Benders-MeanCVaR-CoverageLLBI-PathLLBI,,CoverageLLBI+PathLLBI,false,false,10,Feasible:10,pass:10,301.3535568,300.8744888,302.945244,62.8,0,166,0,0,0,3.4,1,5,0,0,0,0,0,0,14041.8,12534,15564,14750.2,13478,16243,0,0,0,0,0,0,0,0,0,0,0,0,,,
MeanCVaR,FPP-Branch-Benders,FPP-Branch-Benders-MeanCVaR-CoverageLLBI-PathLLBI-RootCuts,,CoverageLLBI+PathLLBI,true,false,10,Feasible:10,pass:10,301.3075764,300.9665018,302.2676115,40.1,13,122,0,0,0,4.1,3,5,0,0,0,0,0,0,14041.8,12534,15564,14750.2,13478,16243,0,0,0,0,0,0,0,0,0,0,0,0,,,
MeanCVaR,FPP-Branch-Benders,FPP-Branch-Benders-MeanCVaR-CoverageLLBI-RootCuts,,CoverageLLBI,true,false,10,Feasible:9;Optimal:1,pass:10,282.4710407,118.7092426,300.9351863,326.2,100,762,23.3,3,38,11.3,6,15,25.2,16,35,0,0,0,14041.8,12534,15564,0,0,0,0,0,0,0,0,0,0,0,0,0,0,0,,,
MeanCVaR,FPP-Branch-Benders,FPP-Branch-Benders-MeanCVaR-LLBI,,LLBI,false,false,10,Feasible:5;Optimal:5,pass:10,154.1689686,2.75330455,300.4944231,44019.5,513,110457,1436.7,115,4317,49.6,14,114,0,0,0,0.104185565,0.06710591,0.18472695,0,0,0,0,0,0,0,0,0,0,0,0,0,0,0,0,0,0,,,
MeanCVaR,FPP-Branch-Benders,FPP-Branch-Benders-MeanCVaR-LLBI-CoverageLLBI-PathLLBI,,LLBI+CoverageLLBI+PathLLBI,false,false,10,Feasible:10,pass:10,301.4175601,300.9607257,303.0362169,40.3,0,110,0,0,0,4.2,2,6,0,0,0,0.105471853,0.07510512,0.24040485,14041.8,12534,15564,14750.2,13478,16243,0,0,0,0,0,0,0,0,0,0,0,0,,,
MeanCVaR,FPP-Branch-Benders,FPP-Branch-Benders-MeanCVaR-LLBI-CoverageLLBI-PathLLBI-RootCuts,,LLBI+CoverageLLBI+PathLLBI,true,false,10,Feasible:10,pass:10,301.6854123,300.8667719,302.8612429,37.8,0,129,0,0,0,4.3,3,6,0,0,0,0.12116038,0.06836465,0.19615795,14041.8,12534,15564,14750.2,13478,16243,0,0,0,0,0,0,0,0,0,0,0,0,,,
MeanCVaR,FPP-Branch-Benders,FPP-Branch-Benders-MeanCVaR-LLBI-RootCuts,,LLBI,true,false,10,Feasible:5;Optimal:5,pass:10,154.1843486,3.49464447,300.5514424,43959.9,345,147478,1353.9,66,4044,50.7,10,117,50.6,30,69,0.130180121,0.06737263,0.18185129,0,0,0,0,0,0,0,0,0,0,0,0,0,0,0,0,0,0,,,
MeanCVaR,FPP-Branch-Benders,FPP-Branch-Benders-MeanCVaR-PathLLBI,,PathLLBI,false,false,10,Feasible:6;Optimal:4,pass:10,254.2125351,109.8416138,301.6894321,384.3,80,784,0,0,0,4.9,3,8,0,0,0,0,0,0,0,0,0,14750.2,13478,16243,0,0,0,0,0,0,0,0,0,0,0,0,,,
MeanCVaR,FPP-Branch-Benders,FPP-Branch-Benders-MeanCVaR-PathLLBI-RootCuts,,PathLLBI,true,false,10,Feasible:7;Optimal:3,pass:10,258.9480591,91.27756171,301.0777459,404.7,81,807,0,0,0,4.9,3,8,0,0,0,0,0,0,0,0,0,14750.2,13478,16243,0,0,0,0,0,0,0,0,0,0,0,0,,,
MeanCVaR,FPP-Branch-Benders,FPP-Branch-Benders-MeanCVaR-RootCuts,,None,true,false,10,Feasible:5;Optimal:5,pass:10,154.4326504,3.63836338,300.381462,46119.8,1360,169262,2532.3,883,5802,62.3,19,132,47.9,27,69,0,0,0,0,0,0,0,0,0,0,0,0,0,0,0,0,0,0,0,0,0,,,
MeanCVaR,FPP-Branch-Benders-Combinatorial,FPP-Branch-Benders-Combinatorial-MeanCVaR,,Combinatorial,false,true,10,Feasible:5;Optimal:5,pass:10,182.2653774,38.57795552,306.3631167,513.4,182,803,161.6,76,294,21.1,13,35,0,0,0,0,0,0,0,0,0,0,0,0,161.6,76,294,11847.1,1331,23510,100,100,100,72.24796015,27.90225885,105.4402563,,,
