alpha,objective_family,method_family,method,fpp_mode,lb_config,use_root_cuts,is_combinatorial,completed_rows,status_counts,fpp_saa_validation_status_counts,avg_objective_in_sample,min_objective_in_sample,max_objective_in_sample,avg_best_bound,min_best_bound,max_best_bound,avg_mip_gap,min_mip_gap,max_mip_gap,avg_runtime_seconds,min_runtime_seconds,max_runtime_seconds,avg_train_expected_burned_area,min_train_expected_burned_area,max_train_expected_burned_area,avg_train_worst_10pct_burned_area,min_train_worst_10pct_burned_area,max_train_worst_10pct_burned_area,avg_train_cvar_burned_area,min_train_cvar_burned_area,max_train_cvar_burned_area,avg_test_expected_burned_area,min_test_expected_burned_area,max_test_expected_burned_area,avg_test_worst_10pct_burned_area,min_test_worst_10pct_burned_area,max_test_worst_10pct_burned_area,avg_test_cvar_burned_area,min_test_cvar_burned_area,max_test_cvar_burned_area,avg_selected_firebreak_count,min_selected_firebreak_count,max_selected_firebreak_count,avg_budget,min_budget,max_budget,avg_branch_benders_lazy_cuts_added,min_branch_benders_lazy_cuts_added,max_branch_benders_lazy_cuts_added,avg_branch_benders_candidate_incumbents_checked,min_branch_benders_candidate_incumbents_checked,max_branch_benders_candidate_incumbents_checked,avg_benders_lifted_lower_bound_precompute_time_sec,min_benders_lifted_lower_bound_precompute_time_sec,max_benders_lifted_lower_bound_precompute_time_sec,avg_branch_benders_root_user_cuts_added,min_branch_benders_root_user_cuts_added,max_branch_benders_root_user_cuts_added,avg_combinatorial_benders_integer_cuts_added,min_combinatorial_benders_integer_cuts_added,max_combinatorial_benders_integer_cuts_added,avg_combinatorial_benders_fractional_cuts_added,min_combinatorial_benders_fractional_cuts_added,max_combinatorial_benders_fractional_cuts_added,avg_combinatorial_benders_initial_cuts_added,min_combinatorial_benders_initial_cuts_added,max_combinatorial_benders_initial_cuts_added,avg_combinatorial_benders_scenarios_checked,min_combinatorial_benders_scenarios_checked,max_combinatorial_benders_scenarios_checked,avg_combinatorial_benders_separation_time_sec,min_combinatorial_benders_separation_time_sec,max_combinatorial_benders_separation_time_sec,avg_subproblem_total_solve_time_sec,min_subproblem_total_solve_time_sec,max_subproblem_total_solve_time_sec,avg_subproblem_avg_solve_time_sec,min_subproblem_avg_solve_time_sec,max_subproblem_avg_solve_time_sec,avg_subproblem_max_solve_time_sec,min_subproblem_max_solve_time_sec,max_subproblem_max_solve_time_sec
0.01,CVaR,FPP-Branch-Benders,FPP-Branch-Benders-CVaR,,None,false,false,5,Optimal:5,pass:5,223.88,214.3,234.3,223.6684022,214.0901451,234.0700991,0.001,0.001,0.001,6.48959104,3.34752274,10.6696745,111.514,100.83,118.66,223.88,214.3,234.3,223.88,214.3,234.3,113.5306667,111.2244444,116.59,256.9022222,246.4888889,265.1888889,256.9022222,246.4888889,265.1888889,4,4,4,4,4,4,969.2,817,1255,29.4,18,53,0,0,0,0,0,0,0,0,0,0,0,0,0,0,0,0,0,0,0,0,0,,,,,,,,,
0.01,CVaR,FPP-Branch-Benders,FPP-Branch-Benders-CVaR-CoverageLLBI,,CoverageLLBI,false,false,5,Feasible:4;Optimal:1,pass:5,225.6,217,237,212.9719549,200.707052,225.7789304,0.001,0.001,0.001,282.6617104,208.61356,301.4871203,110.798,100.36,117.57,225.6,217,237,225.6,217,237,113.8564444,107.3766667,116.59,257.2022222,247.0555556,265.1888889,257.2022222,247.0555556,265.1888889,4,4,4,4,4,4,10.6,2,16,10.2,7,14,0,0,0,0,0,0,0,0,0,0,0,0,0,0,0,0,0,0,0,0,0,,,,,,,,,
0.01,CVaR,FPP-Branch-Benders,FPP-Branch-Benders-CVaR-CoverageLLBI-PathLLBI,,CoverageLLBI+PathLLBI,false,false,5,Feasible:5,pass:5,281.04,215.7,321.2,-6e+74,-1e+75,209.3504777,0.001,0.001,0.001,302.6003178,301.1710864,303.2011475,128.41,101.41,147.13,281.04,215.7,321.2,281.04,215.7,321.2,126.2255556,107.3766667,137.4222222,285.56,247.0555556,310.9888889,285.56,247.0555556,310.9888889,4,4,4,4,4,4,0,0,0,2,1,4,0,0,0,0,0,0,0,0,0,0,0,0,0,0,0,0,0,0,0,0,0,,,,,,,,,
0.01,CVaR,FPP-Branch-Benders,FPP-Branch-Benders-CVaR-CoverageLLBI-PathLLBI-RootCuts,,CoverageLLBI+PathLLBI,true,false,5,Feasible:5,pass:5,226.94,215.7,237,205.0367918,194.8935198,213.4299601,0.001,0.001,0.001,301.8138987,301.0778949,302.7832475,109.976,101.41,118.72,226.94,215.7,237,226.94,215.7,237,111.8466667,107.3766667,117.5955556,255.5444444,247.0555556,271.9333333,255.5444444,247.0555556,271.9333333,4,4,4,4,4,4,0,0,0,4,3,5,0,0,0,0,0,0,0,0,0,0,0,0,0,0,0,0,0,0,0,0,0,,,,,,,,,
0.01,CVaR,FPP-Branch-Benders,FPP-Branch-Benders-CVaR-CoverageLLBI-RootCuts,,CoverageLLBI,true,false,5,Feasible:4;Optimal:1,pass:5,225.38,215.7,237.6,211.770175,200.1234551,228.291488,0.001,0.001,0.001,293.7057326,264.0102424,301.5481892,109.768,101.41,117.57,225.38,215.7,237.6,225.38,215.7,237.6,111.9817778,108.0355556,115.8411111,253.6911111,249.3444444,265.1888889,253.6911111,249.3444444,265.1888889,4,4,4,4,4,4,6,0,12,8.4,4,12,0,0,0,9,6,12,0,0,0,0,0,0,0,0,0,0,0,0,0,0,0,,,,,,,,,
0.01,CVaR,FPP-Branch-Benders,FPP-Branch-Benders-CVaR-LLBI,,LLBI,false,false,5,Optimal:5,pass:5,223.88,214.3,234.3,223.6739707,214.0889382,234.0748651,0.001,0.001,0.001,9.995532844,5.10602225,17.87210041,111.514,100.83,118.66,223.88,214.3,234.3,223.88,214.3,234.3,113.5306667,111.2244444,116.59,256.9022222,246.4888889,265.1888889,256.9022222,246.4888889,265.1888889,4,4,4,4,4,4,138.2,88,191,23.8,21,28,0.147303306,0.08396765,0.19242283,0,0,0,0,0,0,0,0,0,0,0,0,0,0,0,0,0,0,,,,,,,,,
0.01,CVaR,FPP-Branch-Benders,FPP-Branch-Benders-CVaR-LLBI-CoverageLLBI-PathLLBI,,LLBI+CoverageLLBI+PathLLBI,false,false,5,Feasible:5,pass:5,226.44,216.9,237.6,208.3351458,194.3858551,216.2005394,0.001,0.001,0.001,301.6086788,301.0490253,302.4155463,110.89,101.79,117.57,226.44,216.9,237.6,226.44,216.9,237.6,113.73,108.0355556,116.8811111,257.5444444,251.0222222,265.1888889,257.5444444,251.0222222,265.1888889,4,4,4,4,4,4,0,0,0,4.2,3,5,0.107066726,0.08398195,0.18769861,0,0,0,0,0,0,0,0,0,0,0,0,0,0,0,0,0,0,,,,,,,,,
0.01,CVaR,FPP-Branch-Benders,FPP-Branch-Benders-CVaR-LLBI-CoverageLLBI-PathLLBI-RootCuts,,LLBI+CoverageLLBI+PathLLBI,true,false,5,Feasible:5,pass:5,245.48,216.9,313.4,207.344042,195.8611942,216.7263751,0.001,0.001,0.001,301.6465244,301.0086066,302.4357953,116.822,101.79,140.53,245.48,216.9,313.4,245.48,216.9,313.4,118.0795556,108.0355556,136.9688889,267.2444444,251.0222222,310.9888889,267.2444444,251.0222222,310.9888889,4,4,4,4,4,4,0,0,0,3.6,2,5,0.139426562,0.0794809,0.19739682,0,0,0,0,0,0,0,0,0,0,0,0,0,0,0,0,0,0,,,,,,,,,
0.01,CVaR,FPP-Branch-Benders,FPP-Branch-Benders-CVaR-LLBI-RootCuts,,LLBI,true,false,5,Optimal:5,pass:5,223.88,214.3,234.3,223.668574,214.1008851,234.0791416,0.001,0.001,0.001,9.817455836,5.89227749,17.51204781,111.514,100.83,118.66,223.88,214.3,234.3,223.88,214.3,234.3,113.5306667,111.2244444,116.59,256.9022222,246.4888889,265.1888889,256.9022222,246.4888889,265.1888889,4,4,4,4,4,4,119.8,71,155,23,19,28,0.126904492,0.082615,0.18673476,31,28,34,0,0,0,0,0,0,0,0,0,0,0,0,0,0,0,,,,,,,,,
0.01,CVaR,FPP-Branch-Benders,FPP-Branch-Benders-CVaR-PathLLBI,,PathLLBI,false,false,5,Feasible:4;Optimal:1,pass:5,225.74,214.3,237.6,213.4505097,199.0786373,222.8472661,0.001,0.001,0.001,273.8132128,163.0096311,302.3291009,110.228,100.83,117.57,225.74,214.3,237.6,225.74,214.3,237.6,111.4288889,108.0355556,115.8411111,253.7422222,246.4888889,265.1888889,253.7422222,246.4888889,265.1888889,4,4,4,4,4,4,0,0,0,4.2,3,6,0,0,0,0,0,0,0,0,0,0,0,0,0,0,0,0,0,0,0,0,0,,,,,,,,,
0.01,CVaR,FPP-Branch-Benders,FPP-Branch-Benders-CVaR-PathLLBI-RootCuts,,PathLLBI,true,false,5,Feasible:4;Optimal:1,pass:5,225.74,214.3,237.6,213.5613568,200.3123911,223.2681959,0.001,0.001,0.001,278.989095,187.0050604,302.7841472,110.228,100.83,117.57,225.74,214.3,237.6,225.74,214.3,237.6,111.4288889,108.0355556,115.8411111,253.7422222,246.4888889,265.1888889,253.7422222,246.4888889,265.1888889,4,4,4,4,4,4,0,0,0,4.2,3,6,0,0,0,0,0,0,0,0,0,0,0,0,0,0,0,0,0,0,0,0,0,,,,,,,,,
0.01,CVaR,FPP-Branch-Benders,FPP-Branch-Benders-CVaR-RootCuts,,None,true,false,5,Optimal:5,pass:5,223.88,214.3,234.3,223.6657007,214.0967669,234.0663179,0.001,0.001,0.001,8.372967326,3.40183045,17.23777909,111.514,100.83,118.66,223.88,214.3,234.3,223.88,214.3,234.3,113.5306667,111.2244444,116.59,256.9022222,246.4888889,265.1888889,256.9022222,246.4888889,265.1888889,4,4,4,4,4,4,951,813,1148,26.8,19,38,0,0,0,29,21,36,0,0,0,0,0,0,0,0,0,0,0,0,0,0,0,,,,,,,,,
0.01,CVaR,FPP-Branch-Benders-Combinatorial,FPP-Branch-Benders-Combinatorial-CVaR,,Combinatorial,false,true,5,Optimal:5,pass:5,223.88,214.3,234.3,223.6779028,214.1071433,234.0748605,0.001,0.001,0.001,132.5955063,89.59241544,216.2719273,111.514,100.83,118.66,223.88,214.3,234.3,223.88,214.3,234.3,113.5306667,111.2244444,116.59,256.9022222,246.4888889,265.1888889,256.9022222,246.4888889,265.1888889,4,4,4,4,4,4,85,66,110,16,14,18,0,0,0,0,0,0,85,66,110,2691.6,1796,3896,100,100,100,223528.6,146673,315588,108.6149851,75.1789707,163.6114099,,,,,,,,,
0.01,CVaR,FPP-SAA,FPP-SAA-CVaR,fpp_base,None,false,false,5,Feasible:1;Optimal:4,warn:5,224.08,214.3,235.3,221.4755425,214.1050787,228.2742867,0.001,0.001,0.001,193.9217267,115.0540063,300.0274697,111.746,100.83,119.82,224.08,214.3,235.3,224.08,214.3,235.3,113.4906667,111.2244444,116.59,256.6222222,246.4888889,265.1888889,256.6222222,246.4888889,265.1888889,4,4,4,4,4,4,0,0,0,0,0,0,0,0,0,0,0,0,0,0,0,0,0,0,0,0,0,0,0,0,0,0,0,,,,,,,,,
0.01,CVaR,FPP-SAA,FPP-SAA-CVaR,fpp_cut,None,false,false,5,Feasible:5,warn:5,224.98,217,234.3,210.4298458,199.2426443,219.2471721,0.001,0.001,0.001,300.0381156,300.0114514,300.0601554,110.038,100.36,118.66,224.98,217,234.3,224.98,217,234.3,112.9537778,110.5477778,115.8411111,254.3466667,249.1,265.1888889,254.3466667,249.1,265.1888889,4,4,4,4,4,4,0,0,0,0,0,0,0,0,0,0,0,0,0,0,0,0,0,0,0,0,0,0,0,0,0,0,0,,,,,,,,,
0.01,Expected,FPP-Branch-Benders,FPP-Branch-Benders,,None,false,false,5,Optimal:5,pass:5,105.446,97.12,110.94,105.3710859,97.04880573,110.8337901,0.001,0.001,0.001,7.54052618,2.91945617,13.11757329,105.446,97.12,110.94,247.96,238.4,259.7,247.96,238.4,259.7,108.346,105.4188889,112.5233333,252.8266667,247.6777778,261.7,252.8266667,247.6777778,261.7,4,4,4,4,4,4,1052.6,935,1324,27.8,21,46,0,0,0,0,0,0,0,0,0,0,0,0,0,0,0,0,0,0,0,0,0,,,,,,,,,
0.01,Expected,FPP-Branch-Benders,FPP-Branch-Benders-CoverageLLBI,,CoverageLLBI,false,false,5,Optimal:5,pass:5,105.446,97.12,110.94,105.3858018,97.12,110.8656716,0.001,0.001,0.001,25.81002403,17.16541394,39.55604198,105.446,97.12,110.94,247.96,238.4,259.7,247.96,238.4,259.7,108.346,105.4188889,112.5233333,252.8266667,247.6777778,261.7,252.8266667,247.6777778,261.7,4,4,4,4,4,4,43,24,66,13.4,9,20,0,0,0,0,0,0,0,0,0,0,0,0,0,0,0,0,0,0,0,0,0,,,,,,,,,
0.01,Expected,FPP-Branch-Benders,FPP-Branch-Benders-CoverageLLBI-PathLLBI,,CoverageLLBI+PathLLBI,false,false,5,Feasible:1;Optimal:4,pass:5,105.52,97.12,110.95,105.2109779,97.12,110.8705562,0.001,0.001,0.001,172.2329061,89.46233179,300.9972912,105.52,97.12,110.95,249.24,238.4,263.3,249.24,238.4,263.3,108.9991111,107.5377778,112.5233333,254.9755556,247.6777778,261.7,254.9755556,247.6777778,261.7,4,4,4,4,4,4,0,0,0,3.6,3,5,0,0,0,0,0,0,0,0,0,0,0,0,0,0,0,0,0,0,0,0,0,,,,,,,,,
0.01,Expected,FPP-Branch-Benders,FPP-Branch-Benders-CoverageLLBI-PathLLBI-RootCuts,,CoverageLLBI+PathLLBI,true,false,5,Feasible:1;Optimal:4,pass:5,107.088,97.12,119,105.3744224,97.12,110.8705562,0.001,0.001,0.001,190.5920369,86.20056123,302.5441394,107.088,97.12,119,249.04,238.4,263.3,249.04,238.4,263.3,110.274,106.6788889,114.8377778,256.1244444,247.6777778,262.5333333,256.1244444,247.6777778,262.5333333,3.8,3,4,4,4,4,0,0,0,3.8,2,6,0,0,0,0,0,0,0,0,0,0,0,0,0,0,0,0,0,0,0,0,0,,,,,,,,,
0.01,Expected,FPP-Branch-Benders,FPP-Branch-Benders-CoverageLLBI-RootCuts,,CoverageLLBI,true,false,5,Optimal:5,pass:5,105.446,97.12,110.94,105.413181,97.0275,110.94,0.001,0.001,0.001,28.97733314,11.91473268,41.55826508,105.446,97.12,110.94,247.96,238.4,259.7,247.96,238.4,259.7,108.346,105.4188889,112.5233333,252.8266667,247.6777778,261.7,252.8266667,247.6777778,261.7,4,4,4,4,4,4,23.8,7,47,11.4,4,22,0,0,0,15,10,20,0,0,0,0,0,0,0,0,0,0,0,0,0,0,0,,,,,,,,,
0.01,Expected,FPP-Branch-Benders,FPP-Branch-Benders-LLBI,,LLBI,false,false,5,Optimal:5,pass:5,105.446,97.12,110.94,105.3766725,97.02646747,110.8372014,0.001,0.001,0.001,6.271321432,3.184856,9.59962613,105.446,97.12,110.94,247.96,238.4,259.7,247.96,238.4,259.7,108.346,105.4188889,112.5233333,252.8266667,247.6777778,261.7,252.8266667,247.6777778,261.7,4,4,4,4,4,4,264.8,203,456,19.6,12,32,0.198359438,0.17842693,0.23305951,0,0,0,0,0,0,0,0,0,0,0,0,0,0,0,0,0,0,,,,,,,,,
0.01,Expected,FPP-Branch-Benders,FPP-Branch-Benders-LLBI-CoverageLLBI-PathLLBI,,LLBI+CoverageLLBI+PathLLBI,false,false,5,Optimal:5,pass:5,105.448,97.12,110.95,105.4066472,97.04504375,110.8711788,0.001,0.001,0.001,163.1548011,80.10257955,280.7033563,105.448,97.12,110.95,248.68,238.4,263.3,248.68,238.4,263.3,108.814,106.6788889,112.5233333,254.2466667,247.6777778,261.7,254.2466667,247.6777778,261.7,4,4,4,4,4,4,0,0,0,4,3,5,0.172801974,0.11574975,0.23107573,0,0,0,0,0,0,0,0,0,0,0,0,0,0,0,0,0,0,,,,,,,,,
0.01,Expected,FPP-Branch-Benders,FPP-Branch-Benders-LLBI-CoverageLLBI-PathLLBI-RootCuts,,LLBI+CoverageLLBI+PathLLBI,true,false,5,Optimal:5,pass:5,105.448,97.12,110.95,105.4066472,97.04504375,110.8711788,0.001,0.001,0.001,119.9111704,73.70093746,183.6823453,105.448,97.12,110.95,248.68,238.4,263.3,248.68,238.4,263.3,108.814,106.6788889,112.5233333,254.2466667,247.6777778,261.7,254.2466667,247.6777778,261.7,4,4,4,4,4,4,0,0,0,4,3,5,0.120879336,0.0842854,0.17987031,0,0,0,0,0,0,0,0,0,0,0,0,0,0,0,0,0,0,,,,,,,,,
0.01,Expected,FPP-Branch-Benders,FPP-Branch-Benders-LLBI-RootCuts,,LLBI,true,false,5,Optimal:5,pass:5,105.446,97.12,110.94,105.3669277,97.11,110.8540219,0.001,0.001,0.001,4.865975112,1.94720214,8.35440557,105.446,97.12,110.94,247.96,238.4,259.7,247.96,238.4,259.7,108.346,105.4188889,112.5233333,252.8266667,247.6777778,261.7,252.8266667,247.6777778,261.7,4,4,4,4,4,4,190.4,126,372,16.6,11,28,0.157816904,0.08377307,0.25220498,41.6,38,47,0,0,0,0,0,0,0,0,0,0,0,0,0,0,0,,,,,,,,,
0.01,Expected,FPP-Branch-Benders,FPP-Branch-Benders-PathLLBI,,PathLLBI,false,false,5,Optimal:5,pass:5,105.456,97.12,110.95,105.4178967,97.12,110.87,0.001,0.001,0.001,51.12148594,24.49212363,81.37370023,105.456,97.12,110.95,247.42,232.5,263.3,247.42,232.5,263.3,109.4751111,107.5377778,112.5233333,254.2044444,247.6777778,261.7,254.2044444,247.6777778,261.7,4,4,4,4,4,4,0,0,0,4.8,3,6,0,0,0,0,0,0,0,0,0,0,0,0,0,0,0,0,0,0,0,0,0,,,,,,,,,
0.01,Expected,FPP-Branch-Benders,FPP-Branch-Benders-PathLLBI-RootCuts,,PathLLBI,true,false,5,Optimal:5,pass:5,105.456,97.12,110.95,105.4178967,97.12,110.87,0.001,0.001,0.001,37.52249654,27.89694927,62.6046167,105.456,97.12,110.95,247.42,232.5,263.3,247.42,232.5,263.3,109.4751111,107.5377778,112.5233333,254.2044444,247.6777778,261.7,254.2044444,247.6777778,261.7,4,4,4,4,4,4,0,0,0,4.8,3,6,0,0,0,0,0,0,0,0,0,0,0,0,0,0,0,0,0,0,0,0,0,,,,,,,,,
0.01,Expected,FPP-Branch-Benders,FPP-Branch-Benders-RootCuts,,None,true,false,5,Optimal:5,pass:5,105.446,97.12,110.94,105.3605458,97.03784489,110.8685965,0.001,0.001,0.001,7.830709208,6.24609664,10.33075424,105.446,97.12,110.94,247.96,238.4,259.7,247.96,238.4,259.7,108.346,105.4188889,112.5233333,252.8266667,247.6777778,261.7,252.8266667,247.6777778,261.7,4,4,4,4,4,4,974,893,1149,24.4,20,35,0,0,0,45.2,34,53,0,0,0,0,0,0,0,0,0,0,0,0,0,0,0,,,,,,,,,
0.01,Expected,FPP-Branch-Benders-Combinatorial,FPP-Branch-Benders-Combinatorial,,Combinatorial,false,true,5,Optimal:5,pass:5,105.446,97.12,110.94,105.4107203,97.12,110.94,0.001,0.001,0.001,10.29992034,6.06130124,17.19549583,105.446,97.12,110.94,247.96,238.4,259.7,247.96,238.4,259.7,108.346,105.4188889,112.5233333,252.8266667,247.6777778,261.7,252.8266667,247.6777778,261.7,4,4,4,4,4,4,118.2,90,150,13.2,10,16,0,0,0,0,0,0,118.2,90,150,764.6,520,969,100,100,100,7723.2,4380,13713,4.352164758,1.54987336,7.9477384,,,,,,,,,
0.01,Expected,FPP-SAA,FPP-SAA,fpp_base,None,false,false,5,Optimal:5,pass:5,105.446,97.12,110.94,105.446,97.12,110.94,0.001,0.001,0.001,2.603938968,1.67501518,3.79104554,105.446,97.12,110.94,247.96,238.4,259.7,247.96,238.4,259.7,108.346,105.4188889,112.5233333,252.8266667,247.6777778,261.7,252.8266667,247.6777778,261.7,4,4,4,4,4,4,0,0,0,0,0,0,0,0,0,0,0,0,0,0,0,0,0,0,0,0,0,0,0,0,0,0,0,,,,,,,,,
0.01,Expected,FPP-SAA,FPP-SAA,fpp_cut,None,false,false,5,Optimal:5,pass:5,105.462,97.12,111.02,105.4075,97.07,110.9175,0.001,0.001,0.001,8.105611694,4.56338078,15.65482474,105.462,97.12,111.02,244.96,238.4,255.2,244.96,238.4,255.2,108.4917778,106.1477778,112.5233333,252.4866667,246.5555556,261.7,252.4866667,246.5555556,261.7,4,4,4,4,4,4,0,0,0,0,0,0,0,0,0,0,0,0,0,0,0,0,0,0,0,0,0,0,0,0,0,0,0,,,,,,,,,
0.01,MeanCVaR,FPP-Branch-Benders,FPP-Branch-Benders-MeanCVaR,,None,false,false,5,Optimal:5,pass:5,166.888,157.565,174.72,166.7353035,157.4165367,174.5768533,0.001,0.001,0.001,8.262740432,3.68281727,19.82124414,108.216,100.83,117.57,225.56,214.3,238.1,225.56,214.3,238.1,111.9693333,110.3222222,115.8411111,253.8266667,246.4888889,265.1888889,253.8266667,246.4888889,265.1888889,4,4,4,4,4,4,1045.4,838,1379,26,18,42,0,0,0,0,0,0,0,0,0,0,0,0,0,0,0,0,0,0,0,0,0,,,,,,,,,
0.01,MeanCVaR,FPP-Branch-Benders,FPP-Branch-Benders-MeanCVaR-CoverageLLBI,,CoverageLLBI,false,false,5,Feasible:3;Optimal:2,pass:5,166.975,157.565,174.72,163.925913,157.0981882,170.0010494,0.001,0.001,0.001,256.2660571,130.4509704,300.9860138,108.19,100.83,117.57,225.76,214.3,238.1,225.76,214.3,238.1,111.8491111,110.3222222,115.8411111,254.1844444,246.4888889,265.1888889,254.1844444,246.4888889,265.1888889,4,4,4,4,4,4,27.4,8,69,11.8,6,18,0,0,0,0,0,0,0,0,0,0,0,0,0,0,0,0,0,0,0,0,0,,,,,,,,,
0.01,MeanCVaR,FPP-Branch-Benders,FPP-Branch-Benders-MeanCVaR-CoverageLLBI-PathLLBI,,CoverageLLBI+PathLLBI,false,false,5,Feasible:5,pass:5,193.88,158.68,243.82,-4e+74,-1e+75,166.3054844,0.001,0.001,0.001,301.7701206,300.9412933,302.945244,124.08,100.36,156.64,263.68,217,331,263.68,217,331,122.8084444,110.5477778,136.9688889,277.8444444,249.1,310.9888889,277.8444444,249.1,310.9888889,4,4,4,4,4,4,0,0,0,3,1,5,0,0,0,0,0,0,0,0,0,0,0,0,0,0,0,0,0,0,0,0,0,,,,,,,,,
0.01,MeanCVaR,FPP-Branch-Benders,FPP-Branch-Benders-MeanCVaR-CoverageLLBI-PathLLBI-RootCuts,,CoverageLLBI+PathLLBI,true,false,5,Feasible:5,pass:5,167.94,158.68,174.72,158.5475932,149.9356088,165.1179245,0.001,0.001,0.001,301.3425679,300.9829,302.2676115,109.38,100.36,118.72,226.5,217,238.1,226.5,217,238.1,112.7424444,110.3222222,117.5955556,255.4733333,249.1,271.9333333,255.4733333,249.1,271.9333333,4,4,4,4,4,4,0,0,0,4.4,4,5,0,0,0,0,0,0,0,0,0,0,0,0,0,0,0,0,0,0,0,0,0,,,,,,,,,
0.01,MeanCVaR,FPP-Branch-Benders,FPP-Branch-Benders-MeanCVaR-CoverageLLBI-RootCuts,,CoverageLLBI,true,false,5,Feasible:4;Optimal:1,pass:5,167.331,157.825,174.72,162.2389882,152.6947868,171.7424913,0.001,0.001,0.001,264.3006116,118.7092426,300.9351863,108.682,99.55,117.57,225.98,216.1,238.1,225.98,216.1,238.1,113.1695556,110.3222222,116.8811111,256.1,247.9444444,265.1888889,256.1,247.9444444,265.1888889,4,4,4,4,4,4,17,3,38,10.4,6,13,0,0,0,20.6,16,24,0,0,0,0,0,0,0,0,0,0,0,0,0,0,0,,,,,,,,,
0.01,MeanCVaR,FPP-Branch-Benders,FPP-Branch-Benders-MeanCVaR-LLBI,,LLBI,false,false,5,Optimal:5,pass:5,166.888,157.565,174.72,166.7256755,157.4126822,174.5559865,0.001,0.001,0.001,7.956343294,2.75330455,17.36006339,108.216,100.83,117.57,225.56,214.3,238.1,225.56,214.3,238.1,111.9693333,110.3222222,115.8411111,253.8266667,246.4888889,265.1888889,253.8266667,246.4888889,265.1888889,4,4,4,4,4,4,283.2,115,517,21.8,14,30,0.122021326,0.08054401,0.18472695,0,0,0,0,0,0,0,0,0,0,0,0,0,0,0,0,0,0,,,,,,,,,
0.01,MeanCVaR,FPP-Branch-Benders,FPP-Branch-Benders-MeanCVaR-LLBI-CoverageLLBI-PathLLBI,,LLBI+CoverageLLBI+PathLLBI,false,false,5,Feasible:5,pass:5,178.102,158.68,221.4,158.5670084,148.2476657,165.2514221,0.001,0.001,0.001,301.6650906,301.1924092,303.0362169,113.964,100.36,141.7,242.24,217,301.1,242.24,217,301.1,116.5422222,110.3222222,131.4311111,263.2511111,249.1,300.9444444,263.2511111,249.1,300.9444444,3.4,1,4,4,4,4,0,0,0,4.2,2,6,0.122818482,0.09196496,0.24040485,0,0,0,0,0,0,0,0,0,0,0,0,0,0,0,0,0,0,,,,,,,,,
0.01,MeanCVaR,FPP-Branch-Benders,FPP-Branch-Benders-MeanCVaR-LLBI-CoverageLLBI-PathLLBI-RootCuts,,LLBI+CoverageLLBI+PathLLBI,true,false,5,Feasible:5,pass:5,168.439,158.68,174.72,158.9973932,147.2265201,166.4304949,0.001,0.001,0.001,302.0659634,301.2684177,302.8612429,108.918,100.36,117.57,227.96,217,238.1,227.96,217,238.1,113.3773333,110.3222222,115.8411111,255.6333333,249.1,265.1888889,255.6333333,249.1,265.1888889,4,4,4,4,4,4,0,0,0,4.4,3,6,0.142494078,0.09444401,0.19615795,0,0,0,0,0,0,0,0,0,0,0,0,0,0,0,0,0,0,,,,,,,,,
0.01,MeanCVaR,FPP-Branch-Benders,FPP-Branch-Benders-MeanCVaR-LLBI-RootCuts,,LLBI,true,false,5,Optimal:5,pass:5,166.888,157.565,174.72,166.7314334,157.4146999,174.5566957,0.001,0.001,0.001,7.916094674,3.49464447,15.95023608,108.216,100.83,117.57,225.56,214.3,238.1,225.56,214.3,238.1,111.9693333,110.3222222,115.8411111,253.8266667,246.4888889,265.1888889,253.8266667,246.4888889,265.1888889,4,4,4,4,4,4,196.2,66,422,18.8,10,35,0.157420374,0.08378589,0.18185129,37,30,48,0,0,0,0,0,0,0,0,0,0,0,0,0,0,0,,,,,,,,,
0.01,MeanCVaR,FPP-Branch-Benders,FPP-Branch-Benders-MeanCVaR-PathLLBI,,PathLLBI,false,false,5,Feasible:1;Optimal:4,pass:5,166.888,157.565,174.72,165.6513524,157.4108677,174.5750676,0.001,0.001,0.001,207.6386536,109.8416138,301.6894321,108.216,100.83,117.57,225.56,214.3,238.1,225.56,214.3,238.1,111.9693333,110.3222222,115.8411111,253.8266667,246.4888889,265.1888889,253.8266667,246.4888889,265.1888889,4,4,4,4,4,4,0,0,0,5.6,4,8,0,0,0,0,0,0,0,0,0,0,0,0,0,0,0,0,0,0,0,0,0,,,,,,,,,
0.01,MeanCVaR,FPP-Branch-Benders,FPP-Branch-Benders-MeanCVaR-PathLLBI-RootCuts,,PathLLBI,true,false,5,Feasible:2;Optimal:3,pass:5,166.888,157.565,174.72,165.6608963,157.4108677,172.8620131,0.001,0.001,0.001,216.9773866,91.27756171,301.0419701,108.216,100.83,117.57,225.56,214.3,238.1,225.56,214.3,238.1,111.9693333,110.3222222,115.8411111,253.8266667,246.4888889,265.1888889,253.8266667,246.4888889,265.1888889,4,4,4,4,4,4,0,0,0,5.6,4,8,0,0,0,0,0,0,0,0,0,0,0,0,0,0,0,0,0,0,0,0,0,,,,,,,,,
0.01,MeanCVaR,FPP-Branch-Benders,FPP-Branch-Benders-MeanCVaR-RootCuts,,None,true,false,5,Optimal:5,pass:5,166.888,157.565,174.72,166.7260482,157.4175285,174.5457818,0.001,0.001,0.001,8.527013598,3.63836338,18.53157473,108.216,100.83,117.57,225.56,214.3,238.1,225.56,214.3,238.1,111.9693333,110.3222222,115.8411111,253.8266667,246.4888889,265.1888889,253.8266667,246.4888889,265.1888889,4,4,4,4,4,4,1040.8,883,1308,29,19,44,0,0,0,35.6,27,46,0,0,0,0,0,0,0,0,0,0,0,0,0,0,0,,,,,,,,,
0.01,MeanCVaR,FPP-Branch-Benders-Combinatorial,FPP-Branch-Benders-Combinatorial-MeanCVaR,,Combinatorial,false,true,5,Optimal:5,pass:5,166.888,157.565,174.72,166.7657727,157.4087613,174.5823184,0.001,0.001,0.001,60.87604085,38.57795552,77.17450881,108.216,100.83,117.57,225.56,214.3,238.1,225.56,214.3,238.1,111.9693333,110.3222222,115.8411111,253.8266667,246.4888889,265.1888889,253.8266667,246.4888889,265.1888889,4,4,4,4,4,4,110.6,76,156,16.4,13,21,0,0,0,0,0,0,110.6,76,156,2269,1331,3318,100,100,100,109057.8,43055,171234,48.91862313,27.90225885,62.98515439,,,,,,,,,
0.01,MeanCVaR,FPP-SAA,FPP-SAA-MeanCVaR,fpp_base,None,false,false,5,Optimal:5,pass:5,166.888,157.565,174.72,166.7321145,157.4129262,174.569225,0.001,0.001,0.001,140.1536647,94.27746717,205.5215169,108.216,100.83,117.57,225.56,214.3,238.1,225.56,214.3,238.1,111.9693333,110.3222222,115.8411111,253.8266667,246.4888889,265.1888889,253.8266667,246.4888889,265.1888889,4,4,4,4,4,4,0,0,0,0,0,0,0,0,0,0,0,0,0,0,0,0,0,0,0,0,0,0,0,0,0,0,0,,,,,,,,,
0.01,MeanCVaR,FPP-SAA,FPP-SAA-MeanCVaR,fpp_cut,None,false,false,5,Feasible:4;Optimal:1,pass:5,166.94,157.825,174.72,163.9189202,152.6811986,171.6385215,0.001,0.001,0.001,278.9845878,194.8079989,300.0448805,107.96,99.55,117.57,225.92,216.1,238.1,225.92,216.1,238.1,112.1644444,110.3222222,115.8411111,254.9111111,247.9444444,265.1888889,254.9111111,247.9444444,265.1888889,4,4,4,4,4,4,0,0,0,0,0,0,0,0,0,0,0,0,0,0,0,0,0,0,0,0,0,0,0,0,0,0,0,,,,,,,,,
0.02,CVaR,FPP-Branch-Benders,FPP-Branch-Benders-CVaR,,None,false,false,5,Feasible:5,pass:5,167.96,155.3,180.3,151.6658055,144.4870437,156.2846217,0.001,0.001,0.001,300.4571657,300.278106,300.7482496,87.482,81.27,92.86,167.96,155.3,180.3,167.96,155.3,180.3,94.57088889,92.31,97.08555556,217.1511111,213.9888889,221.0444444,217.1511111,213.9888889,221.0444444,8,8,8,8,8,8,2830,1986,3495,123.8,73,147,0,0,0,0,0,0,0,0,0,0,0,0,0,0,0,0,0,0,0,0,0,,,,,,,,,
0.02,CVaR,FPP-Branch-Benders,FPP-Branch-Benders-CVaR-CoverageLLBI,,CoverageLLBI,false,false,5,Feasible:5,pass:5,168.96,154.9,181.9,141.6682909,133.0084052,147.9721416,0.001,0.001,0.001,301.1512587,300.8629705,301.4781198,89.112,80.76,95.29,168.96,154.9,181.9,168.96,154.9,181.9,94.64977778,92.47666667,98.13888889,215.2777778,212.7555556,217.6222222,215.2777778,212.7555556,217.6222222,8,8,8,8,8,8,15.2,10,20,11,7,17,0,0,0,0,0,0,0,0,0,0,0,0,0,0,0,0,0,0,0,0,0,,,,,,,,,
0.02,CVaR,FPP-Branch-Benders,FPP-Branch-Benders-CVaR-CoverageLLBI-PathLLBI,,CoverageLLBI+PathLLBI,false,false,5,Feasible:5,pass:5,232.54,168.2,331,-4e+74,-1e+75,147.9507742,0.001,0.001,0.001,301.8969707,300.9852837,303.0953922,112.002,82.5,156.64,232.54,168.2,331,232.54,168.2,331,112.2226667,91.71777778,136.9688889,254.3577778,210.9333333,310.9888889,254.3577778,210.9333333,310.9888889,8,8,8,8,8,8,0,0,0,3.4,1,7,0,0,0,0,0,0,0,0,0,0,0,0,0,0,0,0,0,0,0,0,0,,,,,,,,,
0.02,CVaR,FPP-Branch-Benders,FPP-Branch-Benders-CVaR-CoverageLLBI-PathLLBI-RootCuts,,CoverageLLBI+PathLLBI,true,false,5,Feasible:5,pass:5,213.94,158.8,277.3,139.9586489,131.5338447,146.8535441,0.001,0.001,0.001,301.8549387,301.1632258,302.8462177,103.128,89.19,121.92,213.94,158.8,277.3,213.94,158.8,277.3,106.878,91.71777778,128.3033333,242.2866667,205.5888889,289.2777778,242.2866667,205.5888889,289.2777778,5.6,2,8,8,8,8,0,0,0,4,2,7,0,0,0,0,0,0,0,0,0,0,0,0,0,0,0,0,0,0,0,0,0,,,,,,,,,
0.02,CVaR,FPP-Branch-Benders,FPP-Branch-Benders-CVaR-CoverageLLBI-RootCuts,,CoverageLLBI,true,false,5,Feasible:5,pass:5,170.1,155.9,181.9,141.4940437,132.4240486,148.3566678,0.001,0.001,0.001,301.2257534,300.5657617,301.6195386,90.184,82.61,95.76,170.1,155.9,181.9,170.1,155.9,181.9,96.80111111,94.07333333,98.99,219.2022222,216.1666667,222.3222222,219.2022222,216.1666667,222.3222222,8,8,8,8,8,8,14.4,9,19,11.8,6,16,0,0,0,13.6,12,15,0,0,0,0,0,0,0,0,0,0,0,0,0,0,0,,,,,,,,,
0.02,CVaR,FPP-Branch-Benders,FPP-Branch-Benders-CVaR-LLBI,,LLBI,false,false,5,Feasible:5,pass:5,165.86,154.6,175.7,153.3326062,144.2860285,160.8045206,0.001,0.001,0.001,300.7860679,300.4213172,300.9100821,89.182,81.25,96.43,165.86,154.6,175.7,165.86,154.6,175.7,95.29044444,93.22111111,98.76444444,216.5444444,210.2,224.2111111,216.5444444,210.2,224.2111111,8,8,8,8,8,8,1081.6,864,1454,76.2,57,115,0.165991052,0.09965803,0.18858649,0,0,0,0,0,0,0,0,0,0,0,0,0,0,0,0,0,0,,,,,,,,,
0.02,CVaR,FPP-Branch-Benders,FPP-Branch-Benders-CVaR-LLBI-CoverageLLBI-PathLLBI,,LLBI+CoverageLLBI+PathLLBI,false,false,5,Feasible:5,pass:5,190.1,159.3,269.5,140.7654276,131.4476418,147.5043512,0.001,0.001,0.001,302.2406924,301.4542248,303.5086867,96.212,81.32,119.19,190.1,159.3,269.5,190.1,159.3,269.5,100.6657778,93.14333333,120.9733333,229.4644444,214.3222222,275.2222222,229.4644444,214.3222222,275.2222222,6.8,2,8,8,8,8,0,0,0,4,3,5,0.12805828,0.08889044,0.18724972,0,0,0,0,0,0,0,0,0,0,0,0,0,0,0,0,0,0,,,,,,,,,
0.02,CVaR,FPP-Branch-Benders,FPP-Branch-Benders-CVaR-LLBI-CoverageLLBI-PathLLBI-RootCuts,,LLBI+CoverageLLBI+PathLLBI,true,false,5,Feasible:5,pass:5,170.08,159.3,181.9,141.6110993,134.1235219,148.3599824,0.001,0.001,0.001,301.6076283,301.2513324,302.2382319,89.908,81.64,95.68,170.08,159.3,181.9,170.08,159.3,181.9,96.60066667,93.14333333,99.67888889,218.7444444,214.3222222,222.5666667,218.7444444,214.3222222,222.5666667,8,8,8,8,8,8,0,0,0,4.6,3,6,0.126846684,0.09546571,0.16256661,0,0,0,0,0,0,0,0,0,0,0,0,0,0,0,0,0,0,,,,,,,,,
0.02,CVaR,FPP-Branch-Benders,FPP-Branch-Benders-CVaR-LLBI-RootCuts,,LLBI,true,false,5,Feasible:5,pass:5,165.62,154.9,175.3,155.8227193,145.7686133,162.9980708,0.001,0.001,0.001,300.5422067,300.3675532,300.7048804,88.856,80.76,97.51,165.62,154.9,175.3,165.62,154.9,175.3,94.85177778,93.33444444,96.43666667,217.9133333,210.2,221.4888889,217.9133333,210.2,221.4888889,8,8,8,8,8,8,814.6,575,1594,60.2,38,111,0.106240566,0.0796672,0.16190613,50,42,57,0,0,0,0,0,0,0,0,0,0,0,0,0,0,0,,,,,,,,,
0.02,CVaR,FPP-Branch-Benders,FPP-Branch-Benders-CVaR-PathLLBI,,PathLLBI,false,false,5,Feasible:5,pass:5,171.32,159.1,184.7,141.8589641,131.6107848,149.4447859,0.001,0.001,0.001,301.0911923,300.8263223,301.3872584,87.91,81.47,92.99,171.32,159.1,184.7,171.32,159.1,184.7,95.26177778,91.65111111,99.67888889,214.7377778,210.9333333,220.4,214.7377778,210.9333333,220.4,8,8,8,8,8,8,0,0,0,5,4,7,0,0,0,0,0,0,0,0,0,0,0,0,0,0,0,0,0,0,0,0,0,,,,,,,,,
0.02,CVaR,FPP-Branch-Benders,FPP-Branch-Benders-CVaR-PathLLBI-RootCuts,,PathLLBI,true,false,5,Feasible:5,pass:5,171.54,160.2,184.7,141.8584051,131.6089245,149.4447859,0.001,0.001,0.001,301.4482663,300.8005449,301.8669555,87.934,81.47,92.99,171.54,160.2,184.7,171.54,160.2,184.7,94.72666667,91.65111111,99.67888889,215.0333333,210.9333333,220.4,215.0333333,210.9333333,220.4,8,8,8,8,8,8,0,0,0,4.8,3,7,0,0,0,0,0,0,0,0,0,0,0,0,0,0,0,0,0,0,0,0,0,,,,,,,,,
0.02,CVaR,FPP-Branch-Benders,FPP-Branch-Benders-CVaR-RootCuts,,None,true,false,5,Feasible:5,pass:5,169.3,156,180.9,151.8642248,142.2161,157.467765,0.001,0.001,0.001,300.4747744,300.2701429,300.9076857,89.324,80.9,95.13,169.3,156,180.9,169.3,156,180.9,96.60311111,94.00222222,98.70888889,218.2711111,212.5333333,224.1888889,218.2711111,212.5333333,224.1888889,8,8,8,8,8,8,2428,1785,2867,105,72,126,0,0,0,49,45,53,0,0,0,0,0,0,0,0,0,0,0,0,0,0,0,,,,,,,,,
0.02,CVaR,FPP-Branch-Benders-Combinatorial,FPP-Branch-Benders-Combinatorial-CVaR,,Combinatorial,false,true,5,Feasible:5,pass:5,174.82,158.7,192.4,145.3656099,138.6301883,151.2983171,0.001,0.001,0.001,315.7938986,302.7385819,359.0695493,89.374,81.42,98.72,174.82,158.7,192.4,174.82,158.7,192.4,95.88311111,91.74555556,97.80333333,217.5222222,210.1555556,228.2333333,217.5222222,210.1555556,228.2333333,8,8,8,8,8,8,121,84,152,18.8,10,27,0,0,0,0,0,0,121,84,152,16267.8,12669,23611,100,100,100,495799,266708,1120125,163.0158903,106.0066291,349.995706,,,,,,,,,
0.02,CVaR,FPP-SAA,FPP-SAA-CVaR,fpp_base,None,false,false,5,Feasible:5,warn:5,173.3,158.7,187.7,146.0440557,135.9173444,155.3874869,0.001,0.001,0.001,300.0241655,300.0089134,300.0438601,88.976,79.28,96.13,173.16,158.7,187.7,173.16,158.7,187.7,95.70488889,92.44111111,97.70888889,217.3288889,208.5666667,225.5777778,217.3288889,208.5666667,225.5777778,8,8,8,8,8,8,0,0,0,0,0,0,0,0,0,0,0,0,0,0,0,0,0,0,0,0,0,0,0,0,0,0,0,,,,,,,,,
0.02,CVaR,FPP-SAA,FPP-SAA-CVaR,fpp_cut,None,false,false,5,Feasible:5,warn:5,169.88,156.2,181.9,142.7699119,133.5998755,150.9794532,0.001,0.001,0.001,300.0369685,300.0106573,300.0679795,89.432,83.42,95.29,169.88,156.2,181.9,169.88,156.2,181.9,95.25155556,93.14333333,96.98333333,216.2311111,210.2,222.5666667,216.2311111,210.2,222.5666667,8,8,8,8,8,8,0,0,0,0,0,0,0,0,0,0,0,0,0,0,0,0,0,0,0,0,0,0,0,0,0,0,0,,,,,,,,,
0.02,Expected,FPP-Branch-Benders,FPP-Branch-Benders,,None,false,false,5,Feasible:1;Optimal:4,pass:5,82.784,77.55,87.36,82.41213118,77.47247233,85.8267746,0.001,0.001,0.001,189.2452862,47.19169841,300.3209597,82.784,77.55,87.36,190.62,174.6,201.7,190.62,174.6,201.7,92.72755555,90.73888889,94.91888889,213.5333333,208.6444444,218.5444444,213.5333333,208.6444444,218.5444444,8,8,8,8,8,8,4397.2,3060,5999,115.2,73,152,0,0,0,0,0,0,0,0,0,0,0,0,0,0,0,0,0,0,0,0,0,,,,,,,,,
0.02,Expected,FPP-Branch-Benders,FPP-Branch-Benders-CoverageLLBI,,CoverageLLBI,false,false,5,Optimal:5,pass:5,82.756,77.55,87.22,82.69490054,77.47407422,87.1725,0.001,0.001,0.001,72.25274017,55.3384266,108.5343011,82.756,77.55,87.22,191.26,174.6,204.9,191.26,174.6,204.9,92.81022222,90.97444444,94.91888889,214.3044444,209.1888889,218.5444444,214.3044444,209.1888889,218.5444444,8,8,8,8,8,8,61.6,42,80,14.6,11,19,0,0,0,0,0,0,0,0,0,0,0,0,0,0,0,0,0,0,0,0,0,,,,,,,,,
0.02,Expected,FPP-Branch-Benders,FPP-Branch-Benders-CoverageLLBI-PathLLBI,,CoverageLLBI+PathLLBI,false,false,5,Feasible:3;Optimal:2,pass:5,86.97,77.55,102.72,81.79734156,77.55,85.46840893,0.001,0.001,0.001,283.1490695,252.2626056,303.0221342,86.97,77.55,102.72,200.04,174.6,247.7,200.04,174.6,247.7,95.67133333,90.73888889,109.5711111,220.0511111,208.6444444,247.6777778,220.0511111,208.6444444,247.6777778,7.2,4,8,8,8,8,0,0,0,4.4,2,6,0,0,0,0,0,0,0,0,0,0,0,0,0,0,0,0,0,0,0,0,0,,,,,,,,,
0.02,Expected,FPP-Branch-Benders,FPP-Branch-Benders-CoverageLLBI-PathLLBI-RootCuts,,CoverageLLBI+PathLLBI,true,false,5,Feasible:2;Optimal:3,pass:5,87.736,77.55,102.72,81.96047772,77.55,85.2,0.001,0.001,0.001,266.5401531,226.6976656,302.8062259,87.736,77.55,102.72,202.5,174.6,247.7,202.5,174.6,247.7,95.98288889,90.97444444,109.5711111,222.3688889,209.1888889,247.6777778,222.3688889,209.1888889,247.6777778,7.2,4,8,8,8,8,0,0,0,4,2,6,0,0,0,0,0,0,0,0,0,0,0,0,0,0,0,0,0,0,0,0,0,,,,,,,,,
0.02,Expected,FPP-Branch-Benders,FPP-Branch-Benders-CoverageLLBI-RootCuts,,CoverageLLBI,true,false,5,Optimal:5,pass:5,82.756,77.55,87.22,82.72250433,77.55,87.19615385,0.001,0.001,0.001,86.06294606,56.2463875,142.5427138,82.756,77.55,87.22,191.26,174.6,204.9,191.26,174.6,204.9,92.81022222,90.97444444,94.91888889,214.3044444,209.1888889,218.5444444,214.3044444,209.1888889,218.5444444,8,8,8,8,8,8,36.2,22,58,13.2,7,19,0,0,0,24.6,14,35,0,0,0,0,0,0,0,0,0,0,0,0,0,0,0,,,,,,,,,
0.02,Expected,FPP-Branch-Benders,FPP-Branch-Benders-LLBI,,LLBI,false,false,5,Optimal:5,pass:5,82.756,77.55,87.22,82.6735178,77.47245469,87.13284355,0.001,0.001,0.001,110.7950623,21.19303668,203.6021364,82.756,77.55,87.22,191.26,174.6,204.9,191.26,174.6,204.9,92.81022222,90.97444444,94.91888889,214.3044444,209.1888889,218.5444444,214.3044444,209.1888889,218.5444444,8,8,8,8,8,8,2769.8,1388,4279,94.4,50,145,0.111554314,0.08060531,0.20190331,0,0,0,0,0,0,0,0,0,0,0,0,0,0,0,0,0,0,,,,,,,,,
0.02,Expected,FPP-Branch-Benders,FPP-Branch-Benders-LLBI-CoverageLLBI-PathLLBI,,LLBI+CoverageLLBI+PathLLBI,false,false,5,Feasible:5,pass:5,98.432,77.55,119.19,81.48712959,76.90167816,85.1556229,0.001,0.001,0.001,302.3439639,301.1364519,303.4855375,98.432,77.55,119.19,227.18,174.6,273,227.18,174.6,273,105.3557778,92.15333333,118.3533333,242.7555556,209.1888889,275.1777778,242.7555556,209.1888889,275.1777778,5.4,3,8,8,8,8,0,0,0,2.8,2,4,0.176831138,0.0901765,0.24278792,0,0,0,0,0,0,0,0,0,0,0,0,0,0,0,0,0,0,,,,,,,,,
0.02,Expected,FPP-Branch-Benders,FPP-Branch-Benders-LLBI-CoverageLLBI-PathLLBI-RootCuts,,LLBI+CoverageLLBI+PathLLBI,true,false,5,Feasible:4;Optimal:1,pass:5,93.336,77.55,119.19,81.88096052,77.25222222,85.16330381,0.001,0.001,0.001,299.2892289,287.4706085,303.2138612,93.336,77.55,119.19,214.3,174.6,273,214.3,174.6,273,101.1942222,90.97444444,118.3533333,233.3577778,209.1888889,275.1777778,233.3577778,209.1888889,275.1777778,6.2,3,8,8,8,8,0,0,0,3.4,2,5,0.190453904,0.09322724,0.2694141,0,0,0,0,0,0,0,0,0,0,0,0,0,0,0,0,0,0,,,,,,,,,
0.02,Expected,FPP-Branch-Benders,FPP-Branch-Benders-LLBI-RootCuts,,LLBI,true,false,5,Optimal:5,pass:5,82.756,77.55,87.22,82.6735664,77.47255322,87.13284384,0.001,0.001,0.001,75.00774005,14.70678194,169.843596,82.756,77.55,87.22,191.26,174.6,204.9,191.26,174.6,204.9,92.81022222,90.97444444,94.91888889,214.3044444,209.1888889,218.5444444,214.3044444,209.1888889,218.5444444,8,8,8,8,8,8,1950,926,3605,67.8,33,109,0.110559454,0.07949196,0.21695503,66,55,76,0,0,0,0,0,0,0,0,0,0,0,0,0,0,0,,,,,,,,,
0.02,Expected,FPP-Branch-Benders,FPP-Branch-Benders-PathLLBI,,PathLLBI,false,false,5,Optimal:5,pass:5,82.756,77.55,87.22,82.73968677,77.50569872,87.22,0.001,0.001,0.001,72.5478005,36.2220814,144.3418665,82.756,77.55,87.22,191.26,174.6,204.9,191.26,174.6,204.9,92.81022222,90.97444444,94.91888889,214.3044444,209.1888889,218.5444444,214.3044444,209.1888889,218.5444444,8,8,8,8,8,8,0,0,0,5.6,4,7,0,0,0,0,0,0,0,0,0,0,0,0,0,0,0,0,0,0,0,0,0,,,,,,,,,
0.02,Expected,FPP-Branch-Benders,FPP-Branch-Benders-PathLLBI-RootCuts,,PathLLBI,true,false,5,Optimal:5,pass:5,82.756,77.55,87.22,82.73968677,77.50569872,87.22,0.001,0.001,0.001,74.36883137,40.16647464,141.3634029,82.756,77.55,87.22,191.26,174.6,204.9,191.26,174.6,204.9,92.81022222,90.97444444,94.91888889,214.3044444,209.1888889,218.5444444,214.3044444,209.1888889,218.5444444,8,8,8,8,8,8,0,0,0,5.6,4,7,0,0,0,0,0,0,0,0,0,0,0,0,0,0,0,0,0,0,0,0,0,,,,,,,,,
0.02,Expected,FPP-Branch-Benders,FPP-Branch-Benders-RootCuts,,None,true,false,5,Feasible:1;Optimal:4,pass:5,82.76,77.55,87.24,82.45496316,77.47245891,86.04055854,0.001,0.001,0.001,135.0043842,65.80498858,300.2785609,82.76,77.55,87.24,189.34,174.6,200.6,189.34,174.6,200.6,92.79088889,90.97444444,94.91888889,213.9555556,209.1888889,218.5444444,213.9555556,209.1888889,218.5444444,8,8,8,8,8,8,3621.2,2777,4846,97.2,64,143,0,0,0,65,52,73,0,0,0,0,0,0,0,0,0,0,0,0,0,0,0,,,,,,,,,
0.02,Expected,FPP-Branch-Benders-Combinatorial,FPP-Branch-Benders-Combinatorial,,Combinatorial,false,true,5,Optimal:5,pass:5,82.756,77.55,87.22,82.73864935,77.55,87.22,0.001,0.001,0.001,50.70310243,38.12779789,67.979271,82.756,77.55,87.22,191.26,174.6,204.9,191.26,174.6,204.9,92.81022222,90.97444444,94.91888889,214.3044444,209.1888889,218.5444444,214.3044444,209.1888889,218.5444444,8,8,8,8,8,8,176.6,130,246,21,15,33,0,0,0,0,0,0,176.6,130,246,15583.8,9647,20888,100,100,100,100747.2,77137,128045,25.94851447,20.05812763,32.58715568,,,,,,,,,
0.02,Expected,FPP-SAA,FPP-SAA,fpp_base,None,false,false,5,Optimal:5,pass:5,82.756,77.55,87.22,82.72554167,77.47770833,87.22,0.001,0.001,0.001,20.30335699,13.75056749,28.74740778,82.756,77.55,87.22,191.26,174.6,204.9,191.26,174.6,204.9,92.81022222,90.97444444,94.91888889,214.3044444,209.1888889,218.5444444,214.3044444,209.1888889,218.5444444,8,8,8,8,8,8,0,0,0,0,0,0,0,0,0,0,0,0,0,0,0,0,0,0,0,0,0,0,0,0,0,0,0,,,,,,,,,
0.02,Expected,FPP-SAA,FPP-SAA,fpp_cut,None,false,false,5,Optimal:5,pass:5,82.756,77.55,87.22,82.747,77.55,87.22,0.001,0.001,0.001,47.17109504,19.85317723,84.75039078,82.756,77.55,87.22,191.26,174.6,204.9,191.26,174.6,204.9,92.81022222,90.97444444,94.91888889,214.3044444,209.1888889,218.5444444,214.3044444,209.1888889,218.5444444,8,8,8,8,8,8,0,0,0,0,0,0,0,0,0,0,0,0,0,0,0,0,0,0,0,0,0,0,0,0,0,0,0,,,,,,,,,
0.02,MeanCVaR,FPP-Branch-Benders,FPP-Branch-Benders-MeanCVaR,,None,false,false,5,Feasible:5,pass:5,129.599,118.405,138.175,118.9391826,112.7100861,128.2622348,0.001,0.001,0.001,300.4490119,300.3635911,300.6012723,88.238,80.41,91.26,170.96,156.4,185.6,170.96,156.4,185.6,95.00311111,92.52111111,96.44222222,216.5488889,215.1333333,218.9222222,216.5488889,215.1333333,218.9222222,8,8,8,8,8,8,5151.8,3826,6481,127.2,92,165,0,0,0,0,0,0,0,0,0,0,0,0,0,0,0,0,0,0,0,0,0,,,,,,,,,
0.02,MeanCVaR,FPP-Branch-Benders,FPP-Branch-Benders-MeanCVaR-CoverageLLBI,,CoverageLLBI,false,false,5,Feasible:5,pass:5,127.689,118.09,136.435,116.962759,110.7236863,123.042304,0.001,0.001,0.001,300.5527082,300.4188596,300.7013326,87.038,80.78,92.28,168.34,155.4,182.7,168.34,155.4,182.7,94.34555556,92.21666667,95.77666667,215.3488889,210.2,220.5777778,215.3488889,210.2,220.5777778,8,8,8,8,8,8,45.8,30,56,12.6,9,16,0,0,0,0,0,0,0,0,0,0,0,0,0,0,0,0,0,0,0,0,0,,,,,,,,,
0.02,MeanCVaR,FPP-Branch-Benders,FPP-Branch-Benders-MeanCVaR-CoverageLLBI-PathLLBI,,CoverageLLBI+PathLLBI,false,false,5,Feasible:5,pass:5,129.383,121.61,141.3,115.1301342,107.2503409,122.0030156,0.001,0.001,0.001,300.936993,300.8744888,301.0115611,86.746,80.52,89.98,172.02,157.3,192.8,172.02,157.3,192.8,93.34444445,90.91,95.32888889,212.4111111,209.5333333,215.5222222,212.4111111,209.5333333,215.5222222,8,8,8,8,8,8,0,0,0,3.8,3,4,0,0,0,0,0,0,0,0,0,0,0,0,0,0,0,0,0,0,0,0,0,,,,,,,,,
0.02,MeanCVaR,FPP-Branch-Benders,FPP-Branch-Benders-MeanCVaR-CoverageLLBI-PathLLBI-RootCuts,,CoverageLLBI+PathLLBI,true,false,5,Feasible:5,pass:5,129.383,121.61,141.3,114.9683171,107.2503409,122.0030156,0.001,0.001,0.001,301.272585,300.9665018,301.5837859,86.746,80.52,89.98,172.02,157.3,192.8,172.02,157.3,192.8,93.34444445,90.91,95.32888889,212.4111111,209.5333333,215.5222222,212.4111111,209.5333333,215.5222222,8,8,8,8,8,8,0,0,0,3.8,3,4,0,0,0,0,0,0,0,0,0,0,0,0,0,0,0,0,0,0,0,0,0,,,,,,,,,
0.02,MeanCVaR,FPP-Branch-Benders,FPP-Branch-Benders-MeanCVaR-CoverageLLBI-RootCuts,,CoverageLLBI,true,false,5,Feasible:5,pass:5,127.703,119.37,136.19,117.1762115,110.4881104,122.6748792,0.001,0.001,0.001,300.6414699,300.4465821,300.8270442,87.186,79.24,92.28,168.22,157.3,181.4,168.22,157.3,181.4,93.43777778,92.21666667,94.76333333,212.0222222,210.2,213.9222222,212.0222222,210.2,213.9222222,8,8,8,8,8,8,29.6,27,37,12.2,7,15,0,0,0,29.8,26,35,0,0,0,0,0,0,0,0,0,0,0,0,0,0,0,,,,,,,,,
0.02,MeanCVaR,FPP-Branch-Benders,FPP-Branch-Benders-MeanCVaR-LLBI,,LLBI,false,false,5,Feasible:5,pass:5,127.074,117.83,134.1,120.4773468,113.9272329,127.5845395,0.001,0.001,0.001,300.381594,300.2975263,300.4944231,87.628,80.76,92.62,166.52,154.9,176.2,166.52,154.9,176.2,93.33777778,91.82444444,96.06,214.7311111,210.2,219.8777778,214.7311111,210.2,219.8777778,8,8,8,8,8,8,2590.2,1444,4317,77.4,45,114,0.086349804,0.06710591,0.10767899,0,0,0,0,0,0,0,0,0,0,0,0,0,0,0,0,0,0,,,,,,,,,
0.02,MeanCVaR,FPP-Branch-Benders,FPP-Branch-Benders-MeanCVaR-LLBI-CoverageLLBI-PathLLBI,,LLBI+CoverageLLBI+PathLLBI,false,false,5,Feasible:5,pass:5,129.014,121.61,136.77,115.2499978,107.2511927,120.4053828,0.001,0.001,0.001,301.1700297,300.9607257,301.8333299,88.028,80.52,93.94,170,157.3,179.6,170,157.3,179.6,94.52711111,92.52111111,98.41888889,215.8777778,209.3777778,226.4555556,215.8777778,209.3777778,226.4555556,8,8,8,8,8,8,0,0,0,4.2,3,5,0.088125224,0.07510512,0.13112105,0,0,0,0,0,0,0,0,0,0,0,0,0,0,0,0,0,0,,,,,,,,,
0.02,MeanCVaR,FPP-Branch-Benders,FPP-Branch-Benders-MeanCVaR-LLBI-CoverageLLBI-PathLLBI-RootCuts,,LLBI+CoverageLLBI+PathLLBI,true,false,5,Feasible:5,pass:5,129.014,121.61,136.77,115.4073729,105.9018491,122.0030826,0.001,0.001,0.001,301.3048613,300.8667719,301.7058934,88.028,80.52,93.94,170,157.3,179.6,170,157.3,179.6,94.52711111,92.52111111,98.41888889,215.8777778,209.3777778,226.4555556,215.8777778,209.3777778,226.4555556,8,8,8,8,8,8,0,0,0,4.2,3,5,0.099826682,0.06836465,0.12421504,0,0,0,0,0,0,0,0,0,0,0,0,0,0,0,0,0,0,,,,,,,,,
0.02,MeanCVaR,FPP-Branch-Benders,FPP-Branch-Benders-MeanCVaR-LLBI-RootCuts,,LLBI,true,false,5,Feasible:5,pass:5,126.897,117.83,134.1,121.8278442,114.7707004,127.9323776,0.001,0.001,0.001,300.4526025,300.2987847,300.5514424,87.754,80.76,92.62,166.04,154.9,176.2,166.04,154.9,176.2,93.92933333,91.82444444,96.06,216.1733333,210.2,221.0444444,216.1733333,210.2,221.0444444,8,8,8,8,8,8,2511.6,1305,4044,82.6,51,117,0.102939868,0.06737263,0.12214546,64.2,57,69,0,0,0,0,0,0,0,0,0,0,0,0,0,0,0,,,,,,,,,
0.02,MeanCVaR,FPP-Branch-Benders,FPP-Branch-Benders-MeanCVaR-PathLLBI,,PathLLBI,false,false,5,Feasible:5,pass:5,127.756,121.61,134.215,117.1020942,109.1246556,123.7037343,0.001,0.001,0.001,300.7864167,300.5982877,301.0425873,87.612,80.52,92.28,167.9,157.3,176.6,167.9,157.3,176.6,93.60311111,92.21666667,95.32888889,213.8133333,210.2,219.7333333,213.8133333,210.2,219.7333333,8,8,8,8,8,8,0,0,0,4.2,3,5,0,0,0,0,0,0,0,0,0,0,0,0,0,0,0,0,0,0,0,0,0,,,,,,,,,
0.02,MeanCVaR,FPP-Branch-Benders,FPP-Branch-Benders-MeanCVaR-PathLLBI-RootCuts,,PathLLBI,true,false,5,Feasible:5,pass:5,127.756,121.61,134.215,117.1645161,108.9652757,123.7037343,0.001,0.001,0.001,300.9187315,300.7196032,301.0777459,87.612,80.52,92.28,167.9,157.3,176.6,167.9,157.3,176.6,93.60311111,92.21666667,95.32888889,213.8133333,210.2,219.7333333,213.8133333,210.2,219.7333333,8,8,8,8,8,8,0,0,0,4.2,3,5,0,0,0,0,0,0,0,0,0,0,0,0,0,0,0,0,0,0,0,0,0,,,,,,,,,
0.02,MeanCVaR,FPP-Branch-Benders,FPP-Branch-Benders-MeanCVaR-RootCuts,,None,true,false,5,Feasible:5,pass:5,127.889,119.425,135.83,121.2824842,113.0387666,129.2749925,0.001,0.001,0.001,300.3382872,300.2353854,300.381462,86.898,80.65,92.28,168.88,158.2,180.8,168.88,158.2,180.8,94.226,92.21666667,97.38888889,217.0044444,210.2,225.4555556,217.0044444,210.2,225.4555556,8,8,8,8,8,8,4023.8,2246,5802,95.6,49,132,0,0,0,60.2,51,69,0,0,0,0,0,0,0,0,0,0,0,0,0,0,0,,,,,,,,,
0.02,MeanCVaR,FPP-Branch-Benders-Combinatorial,FPP-Branch-Benders-Combinatorial-MeanCVaR,,Combinatorial,false,true,5,Feasible:5,pass:5,130.217,121.61,139.525,117.8690019,110.6280595,124.3416685,0.001,0.001,0.001,303.6547139,302.3864648,306.3631167,87.214,80.52,94.13,173.22,160,193.1,173.22,160,193.1,93.97533333,91.71777778,96.45333333,216.2066667,211.4666667,223.3555556,216.2066667,211.4666667,223.3555556,8,8,8,8,8,8,212.6,156,294,25.8,20,35,0,0,0,0,0,0,212.6,156,294,21425.2,19662,23510,100,100,100,382283,265860,506654,95.57729717,86.40964924,105.4402563,,,,,,,,,
0.02,MeanCVaR,FPP-SAA,FPP-SAA-MeanCVaR,fpp_base,None,false,false,5,Feasible:5,pass:5,129.382,120.48,138.015,118.6100005,110.3677045,124.4067206,0.001,0.001,0.001,300.0202216,300.010929,300.0233021,87.664,79.56,92.88,171.1,158,183.5,171.1,158,183.5,95.73488889,92.00111111,99.29777778,216.4933333,211.8555556,222.5555556,216.4933333,211.8555556,222.5555556,8,8,8,8,8,8,0,0,0,0,0,0,0,0,0,0,0,0,0,0,0,0,0,0,0,0,0,0,0,0,0,0,0,,,,,,,,,
0.02,MeanCVaR,FPP-SAA,FPP-SAA-MeanCVaR,fpp_cut,None,false,false,5,Feasible:5,pass:5,127.708,121.37,134.215,115.9826991,107.1184959,122.9722259,0.001,0.001,0.001,300.045372,300.0251716,300.0699526,87.576,80.34,92.28,167.84,157.3,176.6,167.84,157.3,176.6,93.79666667,92.21666667,96.29666667,213.9733333,210.2,219.7333333,213.9733333,210.2,219.7333333,8,8,8,8,8,8,0,0,0,0,0,0,0,0,0,0,0,0,0,0,0,0,0,0,0,0,0,0,0,0,0,0,0,,,,,,,,,
