objective_family,method_family,method,fpp_mode,lb_config,use_root_cuts,is_combinatorial,completed_rows,status_counts,fpp_saa_validation_status_counts,avg_objective_in_sample,min_objective_in_sample,max_objective_in_sample,avg_best_bound,min_best_bound,max_best_bound,avg_mip_gap,min_mip_gap,max_mip_gap,avg_runtime_seconds,min_runtime_seconds,max_runtime_seconds,avg_train_expected_burned_area,min_train_expected_burned_area,max_train_expected_burned_area,avg_train_worst_10pct_burned_area,min_train_worst_10pct_burned_area,max_train_worst_10pct_burned_area,avg_train_cvar_burned_area,min_train_cvar_burned_area,max_train_cvar_burned_area,avg_test_expected_burned_area,min_test_expected_burned_area,max_test_expected_burned_area,avg_test_worst_10pct_burned_area,min_test_worst_10pct_burned_area,max_test_worst_10pct_burned_area,avg_test_cvar_burned_area,min_test_cvar_burned_area,max_test_cvar_burned_area,avg_selected_firebreak_count,min_selected_firebreak_count,max_selected_firebreak_count,avg_budget,min_budget,max_budget,avg_branch_benders_lazy_cuts_added,min_branch_benders_lazy_cuts_added,max_branch_benders_lazy_cuts_added,avg_branch_benders_candidate_incumbents_checked,min_branch_benders_candidate_incumbents_checked,max_branch_benders_candidate_incumbents_checked,avg_benders_lifted_lower_bound_precompute_time_sec,min_benders_lifted_lower_bound_precompute_time_sec,max_benders_lifted_lower_bound_precompute_time_sec,avg_branch_benders_root_user_cuts_added,min_branch_benders_root_user_cuts_added,max_branch_benders_root_user_cuts_added,avg_combinatorial_benders_integer_cuts_added,min_combinatorial_benders_integer_cuts_added,max_combinatorial_benders_integer_cuts_added,avg_combinatorial_benders_fractional_cuts_added,min_combinatorial_benders_fractional_cuts_added,max_combinatorial_benders_fractional_cuts_added,avg_combinatorial_benders_initial_cuts_added,min_combinatorial_benders_initial_cuts_added,max_combinatorial_benders_initial_cuts_added,avg_combinatorial_benders_scenarios_checked,min_combinatorial_benders_scenarios_checked,max_combinatorial_benders_scenarios_checked,avg_combinatorial_benders_separation_time_sec,min_combinatorial_benders_separation_time_sec,max_combinatorial_benders_separation_time_sec,avg_subproblem_total_solve_time_sec,min_subproblem_total_solve_time_sec,max_subproblem_total_solve_time_sec,avg_subproblem_avg_solve_time_sec,min_subproblem_avg_solve_time_sec,max_subproblem_avg_solve_time_sec,avg_subproblem_max_solve_time_sec,min_subproblem_max_solve_time_sec,max_subproblem_max_solve_time_sec
CVaR,FPP-Branch-Benders,FPP-Branch-Benders-CVaR,,None,false,false,10,Feasible:5;Optimal:5,pass:10,195.92,155.3,234.3,187.6671038,144.4870437,234.0700991,0.001,0.001,0.001,153.4733784,3.34752274,300.7482496,99.498,81.27,118.66,195.92,155.3,234.3,195.92,155.3,234.3,104.0507778,92.31,116.59,237.0266667,213.9888889,265.1888889,237.0266667,213.9888889,265.1888889,6,4,8,6,4,8,1899.6,817,3495,76.6,18,147,0,0,0,0,0,0,0,0,0,0,0,0,0,0,0,0,0,0,0,0,0,,,,,,,,,
CVaR,FPP-Branch-Benders,FPP-Branch-Benders-CVaR-CoverageLLBI,,CoverageLLBI,false,false,10,Feasible:9;Optimal:1,pass:10,197.28,154.9,237,177.3201229,133.0084052,225.7789304,0.001,0.001,0.001,291.9064846,208.61356,301.4871203,99.955,80.76,117.57,197.28,154.9,237,197.28,154.9,237,104.2531111,92.47666667,116.59,236.24,212.7555556,265.1888889,236.24,212.7555556,265.1888889,6,4,8,6,4,8,12.9,2,20,10.6,7,17,0,0,0,0,0,0,0,0,0,0,0,0,0,0,0,0,0,0,0,0,0,,,,,,,,,
CVaR,FPP-Branch-Benders,FPP-Branch-Benders-CVaR-CoverageLLBI-PathLLBI,,CoverageLLBI+PathLLBI,false,false,10,Feasible:10,pass:10,256.79,168.2,331,-5e+74,-1e+75,209.3504777,0.001,0.001,0.001,302.2486442,300.9852837,303.2011475,120.206,82.5,156.64,256.79,168.2,331,256.79,168.2,331,119.2241111,91.71777778,137.4222222,269.9588889,210.9333333,310.9888889,269.9588889,210.9333333,310.9888889,6.4,4,8,6,4,8,0,0,0,2.7,1,7,0,0,0,0,0,0,0,0,0,0,0,0,0,0,0,0,0,0,0,0,0,,,,,,,,,
CVaR,FPP-Branch-Benders,FPP-Branch-Benders-CVaR-CoverageLLBI-PathLLBI-RootCuts,,CoverageLLBI+PathLLBI,true,false,10,Feasible:10,pass:10,220.44,158.8,277.3,172.4977203,131.5338447,213.4299601,0.001,0.001,0.001,301.8344187,301.0778949,302.8462177,106.552,89.19,121.92,220.44,158.8,277.3,220.44,158.8,277.3,109.3623333,91.71777778,128.3033333,248.9155556,205.5888889,289.2777778,248.9155556,205.5888889,289.2777778,4.8,2,8,6,4,8,0,0,0,4,2,7,0,0,0,0,0,0,0,0,0,0,0,0,0,0,0,0,0,0,0,0,0,,,,,,,,,
CVaR,FPP-Branch-Benders,FPP-Branch-Benders-CVaR-CoverageLLBI-RootCuts,,CoverageLLBI,true,false,10,Feasible:9;Optimal:1,pass:10,197.74,155.9,237.6,176.6321094,132.4240486,228.291488,0.001,0.001,0.001,297.465743,264.0102424,301.6195386,99.976,82.61,117.57,197.74,155.9,237.6,197.74,155.9,237.6,104.3914444,94.07333333,115.8411111,236.4466667,216.1666667,265.1888889,236.4466667,216.1666667,265.1888889,6,4,8,6,4,8,10.2,0,19,10.1,4,16,0,0,0,11.3,6,15,0,0,0,0,0,0,0,0,0,0,0,0,0,0,0,,,,,,,,,
CVaR,FPP-Branch-Benders,FPP-Branch-Benders-CVaR-LLBI,,LLBI,false,false,10,Feasible:5;Optimal:5,pass:10,194.87,154.6,234.3,188.5032884,144.2860285,234.0748651,0.001,0.001,0.001,155.3908004,5.10602225,300.9100821,100.348,81.25,118.66,194.87,154.6,234.3,194.87,154.6,234.3,104.4105556,93.22111111,116.59,236.7233333,210.2,265.1888889,236.7233333,210.2,265.1888889,6,4,8,6,4,8,609.9,88,1454,50,21,115,0.156647179,0.08396765,0.19242283,0,0,0,0,0,0,0,0,0,0,0,0,0,0,0,0,0,0,,,,,,,,,
CVaR,FPP-Branch-Benders,FPP-Branch-Benders-CVaR-LLBI-CoverageLLBI-PathLLBI,,LLBI+CoverageLLBI+PathLLBI,false,false,10,Feasible:10,pass:10,208.27,159.3,269.5,174.5502867,131.4476418,216.2005394,0.001,0.001,0.001,301.9246856,301.0490253,303.5086867,103.551,81.32,119.19,208.27,159.3,269.5,208.27,159.3,269.5,107.1978889,93.14333333,120.9733333,243.5044444,214.3222222,275.2222222,243.5044444,214.3222222,275.2222222,5.4,2,8,6,4,8,0,0,0,4.1,3,5,0.117562503,0.08398195,0.18769861,0,0,0,0,0,0,0,0,0,0,0,0,0,0,0,0,0,0,,,,,,,,,
CVaR,FPP-Branch-Benders,FPP-Branch-Benders-CVaR-LLBI-CoverageLLBI-PathLLBI-RootCuts,,LLBI+CoverageLLBI+PathLLBI,true,false,10,Feasible:10,pass:10,207.78,159.3,313.4,174.4775707,134.1235219,216.7263751,0.001,0.001,0.001,301.6270764,301.0086066,302.4357953,103.365,81.64,140.53,207.78,159.3,313.4,207.78,159.3,313.4,107.3401111,93.14333333,136.9688889,242.9944444,214.3222222,310.9888889,242.9944444,214.3222222,310.9888889,6.222222222,4,8,6,4,8,0,0,0,4.1,2,6,0.133136623,0.0794809,0.19739682,0,0,0,0,0,0,0,0,0,0,0,0,0,0,0,0,0,0,,,,,,,,,
CVaR,FPP-Branch-Benders,FPP-Branch-Benders-CVaR-LLBI-RootCuts,,LLBI,true,false,10,Feasible:5;Optimal:5,pass:10,194.75,154.9,234.3,189.7456466,145.7686133,234.0791416,0.001,0.001,0.001,155.1798313,5.89227749,300.7048804,100.185,80.76,118.66,194.75,154.9,234.3,194.75,154.9,234.3,104.1912222,93.33444444,116.59,237.4077778,210.2,265.1888889,237.4077778,210.2,265.1888889,6,4,8,6,4,8,467.2,71,1594,41.6,19,111,0.116572529,0.0796672,0.18673476,40.5,28,57,0,0,0,0,0,0,0,0,0,0,0,0,0,0,0,,,,,,,,,
CVaR,FPP-Branch-Benders,FPP-Branch-Benders-CVaR-PathLLBI,,PathLLBI,false,false,10,Feasible:9;Optimal:1,pass:10,198.53,159.1,237.6,177.6547369,131.6107848,222.8472661,0.001,0.001,0.001,287.4522025,163.0096311,302.3291009,99.069,81.47,117.57,198.53,159.1,237.6,198.53,159.1,237.6,103.3453333,91.65111111,115.8411111,234.24,210.9333333,265.1888889,234.24,210.9333333,265.1888889,6,4,8,6,4,8,0,0,0,4.6,3,7,0,0,0,0,0,0,0,0,0,0,0,0,0,0,0,0,0,0,0,0,0,,,,,,,,,
CVaR,FPP-Branch-Benders,FPP-Branch-Benders-CVaR-PathLLBI-RootCuts,,PathLLBI,true,false,10,Feasible:9;Optimal:1,pass:10,198.64,160.2,237.6,177.7098809,131.6089245,223.2681959,0.001,0.001,0.001,290.2186807,187.0050604,302.7841472,99.081,81.47,117.57,198.64,160.2,237.6,198.64,160.2,237.6,103.0777778,91.65111111,115.8411111,234.3877778,210.9333333,265.1888889,234.3877778,210.9333333,265.1888889,6,4,8,6,4,8,0,0,0,4.5,3,7,0,0,0,0,0,0,0,0,0,0,0,0,0,0,0,0,0,0,0,0,0,,,,,,,,,
CVaR,FPP-Branch-Benders,FPP-Branch-Benders-CVaR-RootCuts,,None,true,false,10,Feasible:5;Optimal:5,pass:10,196.59,156,234.3,187.7649628,142.2161,234.0663179,0.001,0.001,0.001,154.4238709,3.40183045,300.9076857,100.419,80.9,118.66,196.59,156,234.3,196.59,156,234.3,105.0668889,94.00222222,116.59,237.5866667,212.5333333,265.1888889,237.5866667,212.5333333,265.1888889,6,4,8,6,4,8,1689.5,813,2867,65.9,19,126,0,0,0,39,21,53,0,0,0,0,0,0,0,0,0,0,0,0,0,0,0,,,,,,,,,
CVaR,FPP-Branch-Benders-Combinatorial,FPP-Branch-Benders-Combinatorial-CVaR,,Combinatorial,false,true,10,Feasible:5;Optimal:5,pass:10,199.35,158.7,234.3,184.5217564,138.6301883,234.0748605,0.001,0.001,0.001,224.1947025,89.59241544,359.0695493,100.444,81.42,118.66,199.35,158.7,234.3,199.35,158.7,234.3,104.7068889,91.74555556,116.59,237.2122222,210.1555556,265.1888889,237.2122222,210.1555556,265.1888889,6,4,8,6,4,8,103,66,152,17.4,10,27,0,0,0,0,0,0,103,66,152,9479.7,1796,23611,100,100,100,359663.8,146673,1120125,135.8154377,75.1789707,349.995706,,,,,,,,,
CVaR,FPP-SAA,FPP-SAA-CVaR,fpp_base,None,false,false,10,Feasible:6;Optimal:4,warn:10,198.69,158.7,235.3,183.7597991,135.9173444,228.2742867,0.001,0.001,0.001,246.9729461,115.0540063,300.0438601,100.361,79.28,119.82,198.62,158.7,235.3,198.62,158.7,235.3,104.5977778,92.44111111,116.59,236.9755556,208.5666667,265.1888889,236.9755556,208.5666667,265.1888889,6,4,8,6,4,8,0,0,0,0,0,0,0,0,0,0,0,0,0,0,0,0,0,0,0,0,0,0,0,0,0,0,0,,,,,,,,,
CVaR,FPP-SAA,FPP-SAA-CVaR,fpp_cut,None,false,false,10,Feasible:10,warn:10,197.43,156.2,234.3,176.5998788,133.5998755,219.2471721,0.001,0.001,0.001,300.037542,300.0106573,300.0679795,99.735,83.42,118.66,197.43,156.2,234.3,197.43,156.2,234.3,104.1026667,93.14333333,115.8411111,235.2888889,210.2,265.1888889,235.2888889,210.2,265.1888889,6,4,8,6,4,8,0,0,0,0,0,0,0,0,0,0,0,0,0,0,0,0,0,0,0,0,0,0,0,0,0,0,0,,,,,,,,,
Expected,FPP-Branch-Benders,FPP-Branch-Benders,,None,false,false,10,Feasible:1;Optimal:9,pass:10,94.115,77.55,110.94,93.89160856,77.47247233,110.8337901,0.001,0.001,0.001,98.39290621,2.91945617,300.3209597,94.115,77.55,110.94,219.29,174.6,259.7,219.29,174.6,259.7,100.5367778,90.73888889,112.5233333,233.18,208.6444444,261.7,233.18,208.6444444,261.7,6,4,8,6,4,8,2724.9,935,5999,71.5,21,152,0,0,0,0,0,0,0,0,0,0,0,0,0,0,0,0,0,0,0,0,0,,,,,,,,,
Expected,FPP-Branch-Benders,FPP-Branch-Benders-CoverageLLBI,,CoverageLLBI,false,false,10,Optimal:10,pass:10,94.101,77.55,110.94,94.04035116,77.47407422,110.8656716,0.001,0.001,0.001,49.0313821,17.16541394,108.5343011,94.101,77.55,110.94,219.61,174.6,259.7,219.61,174.6,259.7,100.5781111,90.97444444,112.5233333,233.5655556,209.1888889,261.7,233.5655556,209.1888889,261.7,6,4,8,6,4,8,52.3,24,80,14,9,20,0,0,0,0,0,0,0,0,0,0,0,0,0,0,0,0,0,0,0,0,0,,,,,,,,,
Expected,FPP-Branch-Benders,FPP-Branch-Benders-CoverageLLBI-PathLLBI,,CoverageLLBI+PathLLBI,false,false,10,Feasible:4;Optimal:6,pass:10,96.245,77.55,110.95,93.50415974,77.55,110.8705562,0.001,0.001,0.001,227.6909878,89.46233179,303.0221342,96.245,77.55,110.95,224.64,174.6,263.3,224.64,174.6,263.3,102.3352222,90.73888889,112.5233333,237.5133333,208.6444444,261.7,237.5133333,208.6444444,261.7,5.6,4,8,6,4,8,0,0,0,4,2,6,0,0,0,0,0,0,0,0,0,0,0,0,0,0,0,0,0,0,0,0,0,,,,,,,,,
Expected,FPP-Branch-Benders,FPP-Branch-Benders-CoverageLLBI-PathLLBI-RootCuts,,CoverageLLBI+PathLLBI,true,false,10,Feasible:3;Optimal:7,pass:10,97.412,77.55,119,93.66745004,77.55,110.8705562,0.001,0.001,0.001,228.566095,86.20056123,302.8062259,97.412,77.55,119,225.77,174.6,263.3,225.77,174.6,263.3,103.1284444,90.97444444,114.8377778,239.2466667,209.1888889,262.5333333,239.2466667,209.1888889,262.5333333,5.5,3,8,6,4,8,0,0,0,3.9,2,6,0,0,0,0,0,0,0,0,0,0,0,0,0,0,0,0,0,0,0,0,0,,,,,,,,,
Expected,FPP-Branch-Benders,FPP-Branch-Benders-CoverageLLBI-RootCuts,,CoverageLLBI,true,false,10,Optimal:10,pass:10,94.101,77.55,110.94,94.06784268,77.55,110.94,0.001,0.001,0.001,57.5201396,11.91473268,142.5427138,94.101,77.55,110.94,219.61,174.6,259.7,219.61,174.6,259.7,100.5781111,90.97444444,112.5233333,233.5655556,209.1888889,261.7,233.5655556,209.1888889,261.7,6,4,8,6,4,8,30,7,58,12.3,4,22,0,0,0,19.8,10,35,0,0,0,0,0,0,0,0,0,0,0,0,0,0,0,,,,,,,,,
Expected,FPP-Branch-Benders,FPP-Branch-Benders-LLBI,,LLBI,false,false,10,Optimal:10,pass:10,94.101,77.55,110.94,94.02509515,77.47245469,110.8372014,0.001,0.001,0.001,58.53319186,3.184856,203.6021364,94.101,77.55,110.94,219.61,174.6,259.7,219.61,174.6,259.7,100.5781111,90.97444444,112.5233333,233.5655556,209.1888889,261.7,233.5655556,209.1888889,261.7,6,4,8,6,4,8,1517.3,203,4279,57,12,145,0.154956876,0.08060531,0.23305951,0,0,0,0,0,0,0,0,0,0,0,0,0,0,0,0,0,0,,,,,,,,,
Expected,FPP-Branch-Benders,FPP-Branch-Benders-LLBI-CoverageLLBI-PathLLBI,,LLBI+CoverageLLBI+PathLLBI,false,false,10,Feasible:5;Optimal:5,pass:10,101.94,77.55,119.19,93.44688841,76.90167816,110.8711788,0.001,0.001,0.001,232.7493825,80.10257955,303.4855375,101.94,77.55,119.19,237.93,174.6,273,237.93,174.6,273,107.0848889,92.15333333,118.3533333,248.5011111,209.1888889,275.1777778,248.5011111,209.1888889,275.1777778,4.7,3,8,6,4,8,0,0,0,3.4,2,5,0.174816556,0.0901765,0.24278792,0,0,0,0,0,0,0,0,0,0,0,0,0,0,0,0,0,0,,,,,,,,,
Expected,FPP-Branch-Benders,FPP-Branch-Benders-LLBI-CoverageLLBI-PathLLBI-RootCuts,,LLBI+CoverageLLBI+PathLLBI,true,false,10,Feasible:4;Optimal:6,pass:10,99.392,77.55,119.19,93.64380388,77.25222222,110.8711788,0.001,0.001,0.001,209.6001997,73.70093746,303.2138612,99.392,77.55,119.19,231.49,174.6,273,231.49,174.6,273,105.0041111,90.97444444,118.3533333,243.8022222,209.1888889,275.1777778,243.8022222,209.1888889,275.1777778,5.1,3,8,6,4,8,0,0,0,3.7,2,5,0.15566662,0.0842854,0.2694141,0,0,0,0,0,0,0,0,0,0,0,0,0,0,0,0,0,0,,,,,,,,,
Expected,FPP-Branch-Benders,FPP-Branch-Benders-LLBI-RootCuts,,LLBI,true,false,10,Optimal:10,pass:10,94.101,77.55,110.94,94.02024703,77.47255322,110.8540219,0.001,0.001,0.001,39.93685758,1.94720214,169.843596,94.101,77.55,110.94,219.61,174.6,259.7,219.61,174.6,259.7,100.5781111,90.97444444,112.5233333,233.5655556,209.1888889,261.7,233.5655556,209.1888889,261.7,6,4,8,6,4,8,1070.2,126,3605,42.2,11,109,0.134188179,0.07949196,0.25220498,53.8,38,76,0,0,0,0,0,0,0,0,0,0,0,0,0,0,0,,,,,,,,,
Expected,FPP-Branch-Benders,FPP-Branch-Benders-PathLLBI,,PathLLBI,false,false,10,Optimal:10,pass:10,94.106,77.55,110.95,94.07879172,77.50569872,110.87,0.001,0.001,0.001,61.83464322,24.49212363,144.3418665,94.106,77.55,110.95,219.34,174.6,263.3,219.34,174.6,263.3,101.1426667,90.97444444,112.5233333,234.2544444,209.1888889,261.7,234.2544444,209.1888889,261.7,6,4,8,6,4,8,0,0,0,5.2,3,7,0,0,0,0,0,0,0,0,0,0,0,0,0,0,0,0,0,0,0,0,0,,,,,,,,,
Expected,FPP-Branch-Benders,FPP-Branch-Benders-PathLLBI-RootCuts,,PathLLBI,true,false,10,Optimal:10,pass:10,94.106,77.55,110.95,94.07879172,77.50569872,110.87,0.001,0.001,0.001,55.94566396,27.89694927,141.3634029,94.106,77.55,110.95,219.34,174.6,263.3,219.34,174.6,263.3,101.1426667,90.97444444,112.5233333,234.2544444,209.1888889,261.7,234.2544444,209.1888889,261.7,6,4,8,6,4,8,0,0,0,5.2,3,7,0,0,0,0,0,0,0,0,0,0,0,0,0,0,0,0,0,0,0,0,0,,,,,,,,,
Expected,FPP-Branch-Benders,FPP-Branch-Benders-RootCuts,,None,true,false,10,Feasible:1;Optimal:9,pass:10,94.103,77.55,110.94,93.90775447,77.47245891,110.8685965,0.001,0.001,0.001,71.41754672,6.24609664,300.2785609,94.103,77.55,110.94,218.65,174.6,259.7,218.65,174.6,259.7,100.5684444,90.97444444,112.5233333,233.3911111,209.1888889,261.7,233.3911111,209.1888889,261.7,6,4,8,6,4,8,2297.6,893,4846,60.8,20,143,0,0,0,55.1,34,73,0,0,0,0,0,0,0,0,0,0,0,0,0,0,0,,,,,,,,,
Expected,FPP-Branch-Benders-Combinatorial,FPP-Branch-Benders-Combinatorial,,Combinatorial,false,true,10,Optimal:10,pass:10,94.101,77.55,110.94,94.07468481,77.55,110.94,0.001,0.001,0.001,30.50151139,6.06130124,67.979271,94.101,77.55,110.94,219.61,174.6,259.7,219.61,174.6,259.7,100.5781111,90.97444444,112.5233333,233.5655556,209.1888889,261.7,233.5655556,209.1888889,261.7,6,4,8,6,4,8,147.4,90,246,17.1,10,33,0,0,0,0,0,0,147.4,90,246,8174.2,520,20888,100,100,100,54235.2,4380,128045,15.15033962,1.54987336,32.58715568,,,,,,,,,
Expected,FPP-SAA,FPP-SAA,fpp_base,None,false,false,10,Optimal:10,pass:10,94.101,77.55,110.94,94.08577083,77.47770833,110.94,0.001,0.001,0.001,11.45364798,1.67501518,28.74740778,94.101,77.55,110.94,219.61,174.6,259.7,219.61,174.6,259.7,100.5781111,90.97444444,112.5233333,233.5655556,209.1888889,261.7,233.5655556,209.1888889,261.7,6,4,8,6,4,8,0,0,0,0,0,0,0,0,0,0,0,0,0,0,0,0,0,0,0,0,0,0,0,0,0,0,0,,,,,,,,,
Expected,FPP-SAA,FPP-SAA,fpp_cut,None,false,false,10,Optimal:10,pass:10,94.109,77.55,111.02,94.07725,77.55,110.9175,0.001,0.001,0.001,27.63835337,4.56338078,84.75039078,94.109,77.55,111.02,218.11,174.6,255.2,218.11,174.6,255.2,100.651,90.97444444,112.5233333,233.3955556,209.1888889,261.7,233.3955556,209.1888889,261.7,6,4,8,6,4,8,0,0,0,0,0,0,0,0,0,0,0,0,0,0,0,0,0,0,0,0,0,0,0,0,0,0,0,,,,,,,,,
MeanCVaR,FPP-Branch-Benders,FPP-Branch-Benders-MeanCVaR,,None,false,false,10,Feasible:5;Optimal:5,pass:10,148.2435,118.405,174.72,142.837243,112.7100861,174.5768533,0.001,0.001,0.001,154.3558762,3.68281727,300.6012723,98.227,80.41,117.57,198.26,156.4,238.1,198.26,156.4,238.1,103.4862222,92.52111111,115.8411111,235.1877778,215.1333333,265.1888889,235.1877778,215.1333333,265.1888889,6,4,8,6,4,8,3098.6,838,6481,76.6,18,165,0,0,0,0,0,0,0,0,0,0,0,0,0,0,0,0,0,0,0,0,0,,,,,,,,,
MeanCVaR,FPP-Branch-Benders,FPP-Branch-Benders-MeanCVaR-CoverageLLBI,,CoverageLLBI,false,false,10,Feasible:8;Optimal:2,pass:10,147.332,118.09,174.72,140.444336,110.7236863,170.0010494,0.001,0.001,0.001,278.4093826,130.4509704,300.9860138,97.614,80.78,117.57,197.05,155.4,238.1,197.05,155.4,238.1,103.0973333,92.21666667,115.8411111,234.7666667,210.2,265.1888889,234.7666667,210.2,265.1888889,6,4,8,6,4,8,36.6,8,69,12.2,6,18,0,0,0,0,0,0,0,0,0,0,0,0,0,0,0,0,0,0,0,0,0,,,,,,,,,
MeanCVaR,FPP-Branch-Benders,FPP-Branch-Benders-MeanCVaR-CoverageLLBI-PathLLBI,,CoverageLLBI+PathLLBI,false,false,10,Feasible:10,pass:10,161.6315,121.61,243.82,-2e+74,-1e+75,166.3054844,0.001,0.001,0.001,301.3535568,300.8744888,302.945244,105.413,80.52,156.64,217.85,157.3,331,217.85,157.3,331,108.0764444,90.91,136.9688889,245.1277778,209.5333333,310.9888889,245.1277778,209.5333333,310.9888889,6.5,4,8,6,4,8,0,0,0,3.4,1,5,0,0,0,0,0,0,0,0,0,0,0,0,0,0,0,0,0,0,0,0,0,,,,,,,,,
MeanCVaR,FPP-Branch-Benders,FPP-Branch-Benders-MeanCVaR-CoverageLLBI-PathLLBI-RootCuts,,CoverageLLBI+PathLLBI,true,false,10,Feasible:10,pass:10,148.6615,121.61,174.72,136.7579552,107.2503409,165.1179245,0.001,0.001,0.001,301.3075764,300.9665018,302.2676115,98.063,80.52,118.72,199.26,157.3,238.1,199.26,157.3,238.1,103.0434444,90.91,117.5955556,233.9422222,209.5333333,271.9333333,233.9422222,209.5333333,271.9333333,6,4,8,6,4,8,0,0,0,4.1,3,5,0,0,0,0,0,0,0,0,0,0,0,0,0,0,0,0,0,0,0,0,0,,,,,,,,,
MeanCVaR,FPP-Branch-Benders,FPP-Branch-Benders-MeanCVaR-CoverageLLBI-RootCuts,,CoverageLLBI,true,false,10,Feasible:9;Optimal:1,pass:10,147.517,119.37,174.72,139.7075999,110.4881104,171.7424913,0.001,0.001,0.001,282.4710407,118.7092426,300.9351863,97.934,79.24,117.57,197.1,157.3,238.1,197.1,157.3,238.1,103.3036667,92.21666667,116.8811111,234.0611111,210.2,265.1888889,234.0611111,210.2,265.1888889,6,4,8,6,4,8,23.3,3,38,11.3,6,15,0,0,0,25.2,16,35,0,0,0,0,0,0,0,0,0,0,0,0,0,0,0,,,,,,,,,
MeanCVaR,FPP-Branch-Benders,FPP-Branch-Benders-MeanCVaR-LLBI,,LLBI,false,false,10,Feasible:5;Optimal:5,pass:10,146.981,117.83,174.72,143.6015111,113.9272329,174.5559865,0.001,0.001,0.001,154.1689686,2.75330455,300.4944231,97.922,80.76,117.57,196.04,154.9,238.1,196.04,154.9,238.1,102.6535556,91.82444444,115.8411111,234.2788889,210.2,265.1888889,234.2788889,210.2,265.1888889,6,4,8,6,4,8,1436.7,115,4317,49.6,14,114,0.104185565,0.06710591,0.18472695,0,0,0,0,0,0,0,0,0,0,0,0,0,0,0,0,0,0,,,,,,,,,
MeanCVaR,FPP-Branch-Benders,FPP-Branch-Benders-MeanCVaR-LLBI-CoverageLLBI-PathLLBI,,LLBI+CoverageLLBI+PathLLBI,false,false,10,Feasible:10,pass:10,153.558,121.61,221.4,136.9085031,107.2511927,165.2514221,0.001,0.001,0.001,301.4175601,300.9607257,303.0362169,100.996,80.52,141.7,206.12,157.3,301.1,206.12,157.3,301.1,105.5346667,92.52111111,131.4311111,239.5644444,209.3777778,300.9444444,239.5644444,209.3777778,300.9444444,5.7,1,8,6,4,8,0,0,0,4.2,2,6,0.105471853,0.07510512,0.24040485,0,0,0,0,0,0,0,0,0,0,0,0,0,0,0,0,0,0,,,,,,,,,
MeanCVaR,FPP-Branch-Benders,FPP-Branch-Benders-MeanCVaR-LLBI-CoverageLLBI-PathLLBI-RootCuts,,LLBI+CoverageLLBI+PathLLBI,true,false,10,Feasible:10,pass:10,148.7265,121.61,174.72,137.202383,105.9018491,166.4304949,0.001,0.001,0.001,301.6854123,300.8667719,302.8612429,98.473,80.52,117.57,198.98,157.3,238.1,198.98,157.3,238.1,103.9522222,92.52111111,115.8411111,235.7555556,209.3777778,265.1888889,235.7555556,209.3777778,265.1888889,6,4,8,6,4,8,0,0,0,4.3,3,6,0.12116038,0.06836465,0.19615795,0,0,0,0,0,0,0,0,0,0,0,0,0,0,0,0,0,0,,,,,,,,,
MeanCVaR,FPP-Branch-Benders,FPP-Branch-Benders-MeanCVaR-LLBI-RootCuts,,LLBI,true,false,10,Feasible:5;Optimal:5,pass:10,146.8925,117.83,174.72,144.2796388,114.7707004,174.5566957,0.001,0.001,0.001,154.1843486,3.49464447,300.5514424,97.985,80.76,117.57,195.8,154.9,238.1,195.8,154.9,238.1,102.9493333,91.82444444,115.8411111,235,210.2,265.1888889,235,210.2,265.1888889,6,4,8,6,4,8,1353.9,66,4044,50.7,10,117,0.130180121,0.06737263,0.18185129,50.6,30,69,0,0,0,0,0,0,0,0,0,0,0,0,0,0,0,,,,,,,,,
MeanCVaR,FPP-Branch-Benders,FPP-Branch-Benders-MeanCVaR-PathLLBI,,PathLLBI,false,false,10,Feasible:6;Optimal:4,pass:10,147.322,121.61,174.72,141.3767233,109.1246556,174.5750676,0.001,0.001,0.001,254.2125351,109.8416138,301.6894321,97.914,80.52,117.57,196.73,157.3,238.1,196.73,157.3,238.1,102.7862222,92.21666667,115.8411111,233.82,210.2,265.1888889,233.82,210.2,265.1888889,6,4,8,6,4,8,0,0,0,4.9,3,8,0,0,0,0,0,0,0,0,0,0,0,0,0,0,0,0,0,0,0,0,0,,,,,,,,,
MeanCVaR,FPP-Branch-Benders,FPP-Branch-Benders-MeanCVaR-PathLLBI-RootCuts,,PathLLBI,true,false,10,Feasible:7;Optimal:3,pass:10,147.322,121.61,174.72,141.4127062,108.9652757,172.8620131,0.001,0.001,0.001,258.9480591,91.27756171,301.0777459,97.914,80.52,117.57,196.73,157.3,238.1,196.73,157.3,238.1,102.7862222,92.21666667,115.8411111,233.82,210.2,265.1888889,233.82,210.2,265.1888889,6,4,8,6,4,8,0,0,0,4.9,3,8,0,0,0,0,0,0,0,0,0,0,0,0,0,0,0,0,0,0,0,0,0,,,,,,,,,
MeanCVaR,FPP-Branch-Benders,FPP-Branch-Benders-MeanCVaR-RootCuts,,None,true,false,10,Feasible:5;Optimal:5,pass:10,147.3885,119.425,174.72,144.0042662,113.0387666,174.5457818,0.001,0.001,0.001,154.4326504,3.63836338,300.381462,97.557,80.65,117.57,197.22,158.2,238.1,197.22,158.2,238.1,103.0976667,92.21666667,115.8411111,235.4155556,210.2,265.1888889,235.4155556,210.2,265.1888889,6,4,8,6,4,8,2532.3,883,5802,62.3,19,132,0,0,0,47.9,27,69,0,0,0,0,0,0,0,0,0,0,0,0,0,0,0,,,,,,,,,
MeanCVaR,FPP-Branch-Benders-Combinatorial,FPP-Branch-Benders-Combinatorial-MeanCVaR,,Combinatorial,false,true,10,Feasible:5;Optimal:5,pass:10,148.5525,121.61,174.72,142.3173873,110.6280595,174.5823184,0.001,0.001,0.001,182.2653774,38.57795552,306.3631167,97.715,80.52,117.57,199.39,160,238.1,199.39,160,238.1,102.9723333,91.71777778,115.8411111,235.0166667,211.4666667,265.1888889,235.0166667,211.4666667,265.1888889,6,4,8,6,4,8,161.6,76,294,21.1,13,35,0,0,0,0,0,0,161.6,76,294,11847.1,1331,23510,100,100,100,245670.4,43055,506654,72.24796015,27.90225885,105.4402563,,,,,,,,,
MeanCVaR,FPP-SAA,FPP-SAA-MeanCVaR,fpp_base,None,false,false,10,Feasible:5;Optimal:5,pass:10,148.135,120.48,174.72,142.6710575,110.3677045,174.569225,0.001,0.001,0.001,220.0869432,94.27746717,300.0233021,97.94,79.56,117.57,198.33,158,238.1,198.33,158,238.1,103.8521111,92.00111111,115.8411111,235.16,211.8555556,265.1888889,235.16,211.8555556,265.1888889,6,4,8,6,4,8,0,0,0,0,0,0,0,0,0,0,0,0,0,0,0,0,0,0,0,0,0,0,0,0,0,0,0,,,,,,,,,
MeanCVaR,FPP-SAA,FPP-SAA-MeanCVaR,fpp_cut,None,false,false,10,Feasible:9;Optimal:1,pass:10,147.324,121.37,174.72,139.9508096,107.1184959,171.6385215,0.001,0.001,0.001,289.5149799,194.8079989,300.0699526,97.768,80.34,117.57,196.88,157.3,238.1,196.88,157.3,238.1,102.9805556,92.21666667,115.8411111,234.4422222,210.2,265.1888889,234.4422222,210.2,265.1888889,6,4,8,6,4,8,0,0,0,0,0,0,0,0,0,0,0,0,0,0,0,0,0,0,0,0,0,0,0,0,0,0,0,,,,,,,,,
