objective_family,landscape,case_id,alpha,seed,method_label,objective_in_sample,best_bound,configured_mip_gap_column,computed_relative_gap,computed_relative_gap_percent,status
Expected,Sub20,case00,0.01,20260601,FPP-SAA base,102.72000000,102.72000000,0.001,0,0,Optimal
Expected,Sub20,case00,0.01,20260601,FPP-SAA cut,102.72000000,102.67000000,0.001,0.000486760124611,0.0486760124611,Optimal
Expected,Sub20,case00,0.01,20260601,FPP-Branch-and-Benders,102.72000000,102.62000000,0.001,0.000973520249221,0.0973520249221,Optimal
Expected,Sub20,case00,0.01,20260601,FPP-Branch-and-Benders-LLBI,102.72000000,102.65969362,0.001,0.000587094820872,0.0587094820872,Optimal
Expected,Sub20,case00,0.01,20260601,FPP-Branch-and-Benders-LLBI-RootCuts,102.72000000,102.62206423,0.001,0.000953424552181,0.0953424552181,Optimal
Expected,Sub20,case00,0.01,20260601,FPP-Branch-Benders-Combinatorial,102.72000000,102.63354847,0.001,0.000841623150312,0.0841623150312,Optimal
Expected,Sub20,case00,0.02,20260601,FPP-SAA base,81.79000000,81.71000000,0.001,0.000978114683947,0.0978114683947,Optimal
Expected,Sub20,case00,0.02,20260601,FPP-SAA cut,81.79000000,81.79000000,0.001,0,0,Optimal
Expected,Sub20,case00,0.02,20260601,FPP-Branch-and-Benders,81.79000000,81.70843979,0.001,0.000997190487835,0.0997190487835,Optimal
Expected,Sub20,case00,0.02,20260601,FPP-Branch-and-Benders-LLBI,81.79000000,81.70822425,0.001,0.000999825773322,0.0999825773322,Optimal
Expected,Sub20,case00,0.02,20260601,FPP-Branch-and-Benders-LLBI-RootCuts,81.79000000,81.70829768,0.001,0.000998927986306,0.0998927986306,Optimal
Expected,Sub20,case00,0.02,20260601,FPP-Branch-Benders-Combinatorial,81.79000000,81.76181818,0.001,0.000344563149529,0.0344563149529,Optimal
Expected,Sub20,case01,0.01,20260602,FPP-SAA base,110.80000000,110.80000000,0.001,0,0,Optimal
Expected,Sub20,case01,0.01,20260602,FPP-SAA cut,110.80000000,110.80000000,0.001,0,0,Optimal
Expected,Sub20,case01,0.01,20260602,FPP-Branch-and-Benders,110.80000000,110.80000000,0.001,0,0,Optimal
Expected,Sub20,case01,0.01,20260602,FPP-Branch-and-Benders-LLBI,110.80000000,110.80000000,0.001,0,0,Optimal
Expected,Sub20,case01,0.01,20260602,FPP-Branch-and-Benders-LLBI-RootCuts,110.80000000,110.70339131,0.001,0.000871919584838,0.0871919584838,Optimal
Expected,Sub20,case01,0.01,20260602,FPP-Branch-Benders-Combinatorial,110.80000000,110.79148148,0.001,7.68819494584e-05,0.00768819494584,Optimal
Expected,Sub20,case01,0.02,20260602,FPP-SAA base,85.20000000,85.20000000,0.001,0,0,Optimal
Expected,Sub20,case01,0.02,20260602,FPP-SAA cut,85.20000000,85.15500000,0.001,0.000528169014085,0.0528169014085,Optimal
Expected,Sub20,case01,0.02,20260602,FPP-Branch-and-Benders,85.20000000,85.11493490,0.001,0.000998416666667,0.0998416666667,Optimal
Expected,Sub20,case01,0.02,20260602,FPP-Branch-and-Benders-LLBI,85.20000000,85.11597458,0.001,0.000986213849765,0.0986213849765,Optimal
Expected,Sub20,case01,0.02,20260602,FPP-Branch-and-Benders-LLBI-RootCuts,85.20000000,85.11598188,0.001,0.000986128169014,0.0986128169014,Optimal
Expected,Sub20,case01,0.02,20260602,FPP-Branch-Benders-Combinatorial,85.20000000,85.14142857,0.001,0.000687458098592,0.0687458098592,Optimal
Expected,Sub20,case02,0.01,20260603,FPP-SAA base,110.94000000,110.94000000,0.001,0,0,Optimal
Expected,Sub20,case02,0.01,20260603,FPP-SAA cut,111.02000000,110.91750000,0.001,0.000923257070798,0.0923257070798,Optimal
Expected,Sub20,case02,0.01,20260603,FPP-Branch-and-Benders,110.94000000,110.83379012,0.001,0.000957363259419,0.0957363259419,Optimal
Expected,Sub20,case02,0.01,20260603,FPP-Branch-and-Benders-LLBI,110.94000000,110.83720143,0.001,0.000926614115738,0.0926614115738,Optimal
Expected,Sub20,case02,0.01,20260603,FPP-Branch-and-Benders-LLBI-RootCuts,110.94000000,110.85402186,0.001,0.000774996755003,0.0774996755003,Optimal
Expected,Sub20,case02,0.01,20260603,FPP-Branch-Benders-Combinatorial,110.94000000,110.94000000,0.001,0,0,Optimal
Expected,Sub20,case02,0.02,20260603,FPP-SAA base,87.22000000,87.22000000,0.001,0,0,Optimal
Expected,Sub20,case02,0.02,20260603,FPP-SAA cut,87.22000000,87.22000000,0.001,0,0,Optimal
Expected,Sub20,case02,0.02,20260603,FPP-Branch-and-Benders,87.36000000,85.82677460,0.001,0.0175506570513,1.75506570513,Feasible
Expected,Sub20,case02,0.02,20260603,FPP-Branch-and-Benders-LLBI,87.22000000,87.13284355,0.001,0.00099927138271,0.099927138271,Optimal
Expected,Sub20,case02,0.02,20260603,FPP-Branch-and-Benders-LLBI-RootCuts,87.22000000,87.13284384,0.001,0.000999268057785,0.0999268057785,Optimal
Expected,Sub20,case02,0.02,20260603,FPP-Branch-Benders-Combinatorial,87.22000000,87.22000000,0.001,0,0,Optimal
Expected,Sub20,case03,0.01,20260604,FPP-SAA base,97.12000000,97.12000000,0.001,0,0,Optimal
Expected,Sub20,case03,0.01,20260604,FPP-SAA cut,97.12000000,97.07000000,0.001,0.000514827018122,0.0514827018122,Optimal
Expected,Sub20,case03,0.01,20260604,FPP-Branch-and-Benders,97.12000000,97.04880573,0.001,0.000733054674629,0.0733054674629,Optimal
Expected,Sub20,case03,0.01,20260604,FPP-Branch-and-Benders-LLBI,97.12000000,97.02646747,0.001,0.000963061470346,0.0963061470346,Optimal
Expected,Sub20,case03,0.01,20260604,FPP-Branch-and-Benders-LLBI-RootCuts,97.12000000,97.11000000,0.001,0.000102965403624,0.0102965403624,Optimal
Expected,Sub20,case03,0.01,20260604,FPP-Branch-Benders-Combinatorial,97.12000000,97.12000000,0.001,0,0,Optimal
Expected,Sub20,case03,0.02,20260604,FPP-SAA base,77.55000000,77.47770833,0.001,0.000932194326241,0.0932194326241,Optimal
Expected,Sub20,case03,0.02,20260604,FPP-SAA cut,77.55000000,77.55000000,0.001,0,0,Optimal
Expected,Sub20,case03,0.02,20260604,FPP-Branch-and-Benders,77.55000000,77.47247233,0.001,0.000999712056738,0.0999712056738,Optimal
Expected,Sub20,case03,0.02,20260604,FPP-Branch-and-Benders-LLBI,77.55000000,77.47245469,0.001,0.000999939522888,0.0999939522888,Optimal
Expected,Sub20,case03,0.02,20260604,FPP-Branch-and-Benders-LLBI-RootCuts,77.55000000,77.47255322,0.001,0.00099866898775,0.099866898775,Optimal
Expected,Sub20,case03,0.02,20260604,FPP-Branch-Benders-Combinatorial,77.55000000,77.55000000,0.001,0,0,Optimal
Expected,Sub20,case04,0.01,20260605,FPP-SAA base,105.65000000,105.65000000,0.001,0,0,Optimal
Expected,Sub20,case04,0.01,20260605,FPP-SAA cut,105.65000000,105.58000000,0.001,0.000662565073355,0.0662565073355,Optimal
Expected,Sub20,case04,0.01,20260605,FPP-Branch-and-Benders,105.65000000,105.55283381,0.001,0.0009196989115,0.09196989115,Optimal
Expected,Sub20,case04,0.01,20260605,FPP-Branch-and-Benders-LLBI,105.65000000,105.56000000,0.001,0.000851869380028,0.0851869380028,Optimal
Expected,Sub20,case04,0.01,20260605,FPP-Branch-and-Benders-LLBI-RootCuts,105.65000000,105.54516093,0.001,0.00099232437293,0.099232437293,Optimal
Expected,Sub20,case04,0.01,20260605,FPP-Branch-Benders-Combinatorial,105.65000000,105.56857143,0.001,0.000770738949361,0.0770738949361,Optimal
Expected,Sub20,case04,0.02,20260605,FPP-SAA base,82.02000000,82.02000000,0.001,0,0,Optimal
Expected,Sub20,case04,0.02,20260605,FPP-SAA cut,82.02000000,82.02000000,0.001,0,0,Optimal
Expected,Sub20,case04,0.02,20260605,FPP-Branch-and-Benders,82.02000000,81.93803429,0.001,0.000999338088271,0.0999338088271,Optimal
Expected,Sub20,case04,0.02,20260605,FPP-Branch-and-Benders-LLBI,82.02000000,81.93809191,0.001,0.000998635576689,0.0998635576689,Optimal
Expected,Sub20,case04,0.02,20260605,FPP-Branch-and-Benders-LLBI-RootCuts,82.02000000,81.93815538,0.001,0.000997861741039,0.0997861741039,Optimal
Expected,Sub20,case04,0.02,20260605,FPP-Branch-Benders-Combinatorial,82.02000000,82.02000000,0.001,0,0,Optimal
CVaR,Sub20,case00,0.01,20260601,FPP-SAA base,226.00000000,225.79110451,0.001,0.000924316327434,0.0924316327434,Optimal
CVaR,Sub20,case00,0.01,20260601,FPP-SAA cut,227.90000000,215.76648341,0.001,0.0532405291356,5.32405291356,Feasible
CVaR,Sub20,case00,0.01,20260601,FPP-Branch-and-Benders,226.00000000,225.78380961,0.001,0.000956594646018,0.0956594646018,Optimal
CVaR,Sub20,case00,0.01,20260601,FPP-Branch-and-Benders-LLBI,226.00000000,225.77764562,0.001,0.000983868938053,0.0983868938053,Optimal
CVaR,Sub20,case00,0.01,20260601,FPP-Branch-and-Benders-LLBI-RootCuts,226.00000000,225.78975799,0.001,0.000930274380531,0.0930274380531,Optimal
CVaR,Sub20,case00,0.01,20260601,FPP-Branch-Benders-Combinatorial,226.00000000,225.83480441,0.001,0.000730953938053,0.0730953938053,Optimal
CVaR,Sub20,case00,0.02,20260601,FPP-SAA base,169.50000000,155.38748693,0.001,0.0832596641298,8.32596641298,Feasible
CVaR,Sub20,case00,0.02,20260601,FPP-SAA cut,167.90000000,150.97945320,0.001,0.100777527099,10.0777527099,Feasible
CVaR,Sub20,case00,0.02,20260601,FPP-Branch-and-Benders,169.30000000,154.62929427,0.001,0.086655084052,8.6655084052,Feasible
CVaR,Sub20,case00,0.02,20260601,FPP-Branch-and-Benders-LLBI,167.90000000,156.58279791,0.001,0.0674044198332,6.74044198332,Feasible
CVaR,Sub20,case00,0.02,20260601,FPP-Branch-and-Benders-LLBI-RootCuts,167.90000000,157.77277910,0.001,0.0603169797499,6.03169797499,Feasible
CVaR,Sub20,case00,0.02,20260601,FPP-Branch-Benders-Combinatorial,192.40000000,146.61852626,0.001,0.237949447713,23.7949447713,Feasible
CVaR,Sub20,case01,0.01,20260602,FPP-SAA base,235.30000000,223.12263765,0.001,0.0517524961751,5.17524961751,Feasible
CVaR,Sub20,case01,0.01,20260602,FPP-SAA cut,234.30000000,209.69248676,0.001,0.105025664703,10.5025664703,Feasible
CVaR,Sub20,case01,0.01,20260602,FPP-Branch-and-Benders,234.30000000,234.07009911,0.001,0.000981224455826,0.0981224455826,Optimal
CVaR,Sub20,case01,0.01,20260602,FPP-Branch-and-Benders-LLBI,234.30000000,234.07486514,0.001,0.00096088288519,0.096088288519,Optimal
CVaR,Sub20,case01,0.01,20260602,FPP-Branch-and-Benders-LLBI-RootCuts,234.30000000,234.07914160,0.001,0.000942630815194,0.0942630815194,Optimal
CVaR,Sub20,case01,0.01,20260602,FPP-Branch-Benders-Combinatorial,234.30000000,234.07486048,0.001,0.000960902774221,0.0960902774221,Optimal
CVaR,Sub20,case01,0.02,20260602,FPP-SAA base,185.10000000,145.48559061,0.001,0.214016258185,21.4016258185,Feasible
CVaR,Sub20,case01,0.02,20260602,FPP-SAA cut,181.90000000,142.39808412,0.001,0.217162814074,21.7162814074,Feasible
CVaR,Sub20,case01,0.02,20260602,FPP-Branch-and-Benders,179.00000000,156.28462168,0.001,0.12690155486,12.690155486,Feasible
CVaR,Sub20,case01,0.02,20260602,FPP-Branch-and-Benders-LLBI,175.60000000,160.36704843,0.001,0.0867480157745,8.67480157745,Feasible
CVaR,Sub20,case01,0.02,20260602,FPP-Branch-and-Benders-LLBI-RootCuts,175.30000000,161.20310322,0.001,0.0804158401597,8.04158401597,Feasible
CVaR,Sub20,case01,0.02,20260602,FPP-Branch-Benders-Combinatorial,180.40000000,149.33915096,0.001,0.172177655432,17.2177655432,Feasible
CVaR,Sub20,case02,0.01,20260603,FPP-SAA base,228.50000000,228.27428671,0.001,0.000987804332604,0.0987804332604,Optimal
CVaR,Sub20,case02,0.01,20260603,FPP-SAA cut,228.50000000,219.24717206,0.001,0.0404937765427,4.04937765427,Feasible
CVaR,Sub20,case02,0.01,20260603,FPP-Branch-and-Benders,228.50000000,228.30628144,0.001,0.000847783632385,0.0847783632385,Optimal
CVaR,Sub20,case02,0.01,20260603,FPP-Branch-and-Benders-LLBI,228.50000000,228.32994568,0.001,0.000744220218818,0.0744220218818,Optimal
CVaR,Sub20,case02,0.01,20260603,FPP-Branch-and-Benders-LLBI-RootCuts,228.50000000,228.28165563,0.001,0.000955555229759,0.0955555229759,Optimal
CVaR,Sub20,case02,0.01,20260603,FPP-Branch-Benders-Combinatorial,228.50000000,228.28429967,0.001,0.000943983938731,0.0943983938731,Optimal
CVaR,Sub20,case02,0.02,20260603,FPP-SAA base,187.70000000,151.25216161,0.001,0.194181344646,19.4181344646,Feasible
CVaR,Sub20,case02,0.02,20260603,FPP-SAA cut,180.00000000,147.90105743,0.001,0.178327458722,17.8327458722,Feasible
CVaR,Sub20,case02,0.02,20260603,FPP-Branch-and-Benders,180.30000000,156.17032433,0.001,0.133830702551,13.3830702551,Feasible
CVaR,Sub20,case02,0.02,20260603,FPP-Branch-and-Benders-LLBI,175.70000000,160.80452059,0.001,0.0847779135458,8.47779135458,Feasible
CVaR,Sub20,case02,0.02,20260603,FPP-Branch-and-Benders-LLBI-RootCuts,174.10000000,162.99807083,0.001,0.0637675426192,6.37675426192,Feasible
CVaR,Sub20,case02,0.02,20260603,FPP-Branch-Benders-Combinatorial,179.90000000,151.29831706,0.001,0.158986564425,15.8986564425,Feasible
CVaR,Sub20,case03,0.01,20260604,FPP-SAA base,214.30000000,214.10507867,0.001,0.000909572235184,0.0909572235184,Optimal
CVaR,Sub20,case03,0.01,20260604,FPP-SAA cut,217.00000000,199.24264434,0.001,0.0818311320737,8.18311320737,Feasible
CVaR,Sub20,case03,0.01,20260604,FPP-Branch-and-Benders,214.30000000,214.09014509,0.001,0.000979257629491,0.0979257629491,Optimal
CVaR,Sub20,case03,0.01,20260604,FPP-Branch-and-Benders-LLBI,214.30000000,214.08893818,0.001,0.0009848895007,0.09848895007,Optimal
CVaR,Sub20,case03,0.01,20260604,FPP-Branch-and-Benders-LLBI-RootCuts,214.30000000,214.10088509,0.001,0.000929140970602,0.0929140970602,Optimal
CVaR,Sub20,case03,0.01,20260604,FPP-Branch-Benders-Combinatorial,214.30000000,214.10714329,0.001,0.000899937984134,0.0899937984134,Optimal
CVaR,Sub20,case03,0.02,20260604,FPP-SAA base,165.50000000,135.91734441,0.001,0.178747163686,17.8747163686,Feasible
CVaR,Sub20,case03,0.02,20260604,FPP-SAA cut,163.40000000,133.59987545,0.001,0.182375303244,18.2375303244,Feasible
CVaR,Sub20,case03,0.02,20260604,FPP-Branch-and-Benders,155.30000000,146.75774347,0.001,0.0550048714102,5.50048714102,Feasible
CVaR,Sub20,case03,0.02,20260604,FPP-Branch-and-Benders-LLBI,154.60000000,144.28602855,0.001,0.0667139162354,6.67139162354,Feasible
CVaR,Sub20,case03,0.02,20260604,FPP-Branch-and-Benders-LLBI-RootCuts,154.90000000,151.37102976,0.001,0.0227822481601,2.27822481601,Feasible
CVaR,Sub20,case03,0.02,20260604,FPP-Branch-Benders-Combinatorial,162.70000000,138.63018833,0.001,0.147939838168,14.7939838168,Feasible
CVaR,Sub20,case04,0.01,20260605,FPP-SAA base,216.30000000,216.08460505,0.001,0.000995815765141,0.0995815765141,Optimal
CVaR,Sub20,case04,0.01,20260605,FPP-SAA cut,217.20000000,208.20044240,0.001,0.041434427256,4.1434427256,Feasible
CVaR,Sub20,case04,0.01,20260605,FPP-Branch-and-Benders,216.30000000,216.09167580,0.001,0.000963126213592,0.0963126213592,Optimal
CVaR,Sub20,case04,0.01,20260605,FPP-Branch-and-Benders-LLBI,216.30000000,216.09845902,0.001,0.000931765973185,0.0931765973185,Optimal
CVaR,Sub20,case04,0.01,20260605,FPP-Branch-and-Benders-LLBI-RootCuts,216.30000000,216.09142969,0.001,0.000964264031438,0.0964264031438,Optimal
CVaR,Sub20,case04,0.01,20260605,FPP-Branch-Benders-Combinatorial,216.30000000,216.08840616,0.001,0.000978242441054,0.0978242441054,Optimal
CVaR,Sub20,case04,0.02,20260605,FPP-SAA base,158.70000000,142.17769504,0.001,0.104110302205,10.4110302205,Feasible
CVaR,Sub20,case04,0.02,20260605,FPP-SAA cut,156.20000000,138.97108921,0.001,0.11030032516,11.030032516,Feasible
CVaR,Sub20,case04,0.02,20260605,FPP-Branch-and-Benders,155.90000000,144.48704366,0.001,0.0732069040411,7.32069040411,Feasible
CVaR,Sub20,case04,0.02,20260605,FPP-Branch-and-Benders-LLBI,155.50000000,144.62263530,0.001,0.0699508983923,6.99508983923,Feasible
CVaR,Sub20,case04,0.02,20260605,FPP-Branch-and-Benders-LLBI-RootCuts,155.90000000,145.76861334,0.001,0.0649864442591,6.49864442591,Feasible
CVaR,Sub20,case04,0.02,20260605,FPP-Branch-Benders-Combinatorial,158.70000000,140.94186695,0.001,0.11189749874,11.189749874,Feasible
MeanCVaR,Sub20,case00,0.01,20260601,FPP-SAA base,165.82000000,165.65553314,0.001,0.000991839705705,0.0991839705705,Optimal
MeanCVaR,Sub20,case00,0.01,20260601,FPP-SAA cut,165.82000000,165.65490283,0.001,0.000995640875648,0.0995640875648,Optimal
MeanCVaR,Sub20,case00,0.01,20260601,FPP-Branch-and-Benders,165.82000000,165.65731025,0.001,0.000981122602822,0.0981122602822,Optimal
MeanCVaR,Sub20,case00,0.01,20260601,FPP-Branch-and-Benders-LLBI,165.82000000,165.65829984,0.001,0.00097515474611,0.097515474611,Optimal
MeanCVaR,Sub20,case00,0.01,20260601,FPP-Branch-and-Benders-LLBI-RootCuts,165.82000000,165.67129768,0.001,0.000896769509106,0.0896769509106,Optimal
MeanCVaR,Sub20,case00,0.01,20260601,FPP-Branch-Benders-Combinatorial,165.82000000,165.82000000,0.001,0,0,Optimal
MeanCVaR,Sub20,case00,0.02,20260601,FPP-SAA base,128.60000000,122.07897517,0.001,0.0507078136081,5.07078136081,Feasible
MeanCVaR,Sub20,case00,0.02,20260601,FPP-SAA cut,126.84500000,118.57500294,0.001,0.0651976590327,6.51976590327,Feasible
MeanCVaR,Sub20,case00,0.02,20260601,FPP-Branch-and-Benders,130.60500000,118.78688818,0.001,0.0904874378469,9.04874378469,Feasible
MeanCVaR,Sub20,case00,0.02,20260601,FPP-Branch-and-Benders-LLBI,126.84500000,122.32531240,0.001,0.0356315786984,3.56315786984,Feasible
MeanCVaR,Sub20,case00,0.02,20260601,FPP-Branch-and-Benders-LLBI-RootCuts,126.84500000,122.86573713,0.001,0.0313710660255,3.13710660255,Feasible
MeanCVaR,Sub20,case00,0.02,20260601,FPP-Branch-Benders-Combinatorial,128.68500000,120.49287125,0.001,0.0636603236585,6.36603236585,Feasible
MeanCVaR,Sub20,case01,0.01,20260602,FPP-SAA base,174.72000000,174.56922499,0.001,0.000862952209249,0.0862952209249,Optimal
MeanCVaR,Sub20,case01,0.01,20260602,FPP-SAA cut,174.72000000,171.63852152,0.001,0.0176366671245,1.76366671245,Feasible
MeanCVaR,Sub20,case01,0.01,20260602,FPP-Branch-and-Benders,174.72000000,174.57685335,0.001,0.000819291723901,0.0819291723901,Optimal
MeanCVaR,Sub20,case01,0.01,20260602,FPP-Branch-and-Benders-LLBI,174.72000000,174.55598650,0.001,0.000938721955128,0.0938721955128,Optimal
MeanCVaR,Sub20,case01,0.01,20260602,FPP-Branch-and-Benders-LLBI-RootCuts,174.72000000,174.55669571,0.001,0.00093466283196,0.093466283196,Optimal
MeanCVaR,Sub20,case01,0.01,20260602,FPP-Branch-Benders-Combinatorial,174.72000000,174.58231841,0.001,0.000788012763278,0.0788012763278,Optimal
MeanCVaR,Sub20,case01,0.02,20260602,FPP-SAA base,138.01500000,120.97281967,0.001,0.123480638554,12.3480638554,Feasible
MeanCVaR,Sub20,case01,0.02,20260602,FPP-SAA cut,134.21500000,119.29012986,0.001,0.111201208062,11.1201208062,Feasible
MeanCVaR,Sub20,case01,0.02,20260602,FPP-Branch-and-Benders,138.17500000,121.81323139,0.001,0.118413378759,11.8413378759,Feasible
MeanCVaR,Sub20,case01,0.02,20260602,FPP-Branch-and-Benders-LLBI,133.96000000,123.89411395,0.001,0.075140982756,7.5140982756,Feasible
MeanCVaR,Sub20,case01,0.02,20260602,FPP-Branch-and-Benders-LLBI-RootCuts,133.96000000,126.54179056,0.001,0.0553763021798,5.53763021798,Feasible
MeanCVaR,Sub20,case01,0.02,20260602,FPP-Branch-Benders-Combinatorial,139.52500000,119.45191038,0.001,0.143867332879,14.3867332879,Feasible
MeanCVaR,Sub20,case02,0.01,20260603,FPP-SAA base,173.03500000,172.87449461,0.001,0.000927589158263,0.0927589158263,Optimal
MeanCVaR,Sub20,case02,0.01,20260603,FPP-SAA cut,173.03500000,170.01758683,0.001,0.0174381666715,1.74381666715,Feasible
MeanCVaR,Sub20,case02,0.01,20260603,FPP-Branch-and-Benders,173.03500000,172.87271225,0.001,0.000937889733291,0.0937889733291,Optimal
MeanCVaR,Sub20,case02,0.01,20260603,FPP-Branch-and-Benders-LLBI,173.03500000,172.86466892,0.001,0.000984373566041,0.0984373566041,Optimal
MeanCVaR,Sub20,case02,0.01,20260603,FPP-Branch-and-Benders-LLBI-RootCuts,173.03500000,172.86464792,0.001,0.000984494928772,0.0984494928772,Optimal
MeanCVaR,Sub20,case02,0.01,20260603,FPP-Branch-Benders-Combinatorial,173.03500000,172.87529221,0.001,0.000922979686191,0.0922979686191,Optimal
MeanCVaR,Sub20,case02,0.02,20260603,FPP-SAA base,137.39000000,124.40672061,0.001,0.0944994496688,9.44994496688,Feasible
MeanCVaR,Sub20,case02,0.02,20260603,FPP-SAA cut,133.64000000,122.97222593,0.001,0.079824708695,7.9824708695,Feasible
MeanCVaR,Sub20,case02,0.02,20260603,FPP-Branch-and-Benders,134.83000000,128.26223482,0.001,0.0487114527924,4.87114527924,Feasible
MeanCVaR,Sub20,case02,0.02,20260603,FPP-Branch-and-Benders-LLBI,134.10000000,127.58453953,0.001,0.0485865806861,4.85865806861,Feasible
MeanCVaR,Sub20,case02,0.02,20260603,FPP-Branch-and-Benders-LLBI-RootCuts,134.10000000,127.93237759,0.001,0.0459927099925,4.59927099925,Feasible
MeanCVaR,Sub20,case02,0.02,20260603,FPP-Branch-Benders-Combinatorial,136.86500000,124.34166846,0.001,0.0915013446827,9.15013446827,Feasible
MeanCVaR,Sub20,case03,0.01,20260604,FPP-SAA base,157.56500000,157.41292623,0.001,0.000965149430394,0.0965149430394,Optimal
MeanCVaR,Sub20,case03,0.01,20260604,FPP-SAA cut,157.82500000,152.68119859,0.001,0.0325918036433,3.25918036433,Feasible
MeanCVaR,Sub20,case03,0.01,20260604,FPP-Branch-and-Benders,157.56500000,157.41653671,0.001,0.000942235204519,0.0942235204519,Optimal
MeanCVaR,Sub20,case03,0.01,20260604,FPP-Branch-and-Benders-LLBI,157.56500000,157.41268224,0.001,0.000966697934186,0.0966697934186,Optimal
MeanCVaR,Sub20,case03,0.01,20260604,FPP-Branch-and-Benders-LLBI-RootCuts,157.56500000,157.41469988,0.001,0.000953892806143,0.0953892806143,Optimal
MeanCVaR,Sub20,case03,0.01,20260604,FPP-Branch-Benders-Combinatorial,157.56500000,157.40876130,0.001,0.000991582521499,0.0991582521499,Optimal
MeanCVaR,Sub20,case03,0.02,20260604,FPP-SAA base,120.48000000,110.36770451,0.001,0.0839333955013,8.39333955013,Feasible
MeanCVaR,Sub20,case03,0.02,20260604,FPP-SAA cut,121.37000000,107.11849589,0.001,0.117421966796,11.7421966796,Feasible
MeanCVaR,Sub20,case03,0.02,20260604,FPP-Branch-and-Benders,118.40500000,112.71008609,0.001,0.0480969039314,4.80969039314,Feasible
MeanCVaR,Sub20,case03,0.02,20260604,FPP-Branch-and-Benders-LLBI,117.83000000,113.92723288,0.001,0.0331220157855,3.31220157855,Feasible
MeanCVaR,Sub20,case03,0.02,20260604,FPP-Branch-and-Benders-LLBI-RootCuts,117.83000000,117.02861523,0.001,0.00680119468726,0.680119468726,Feasible
MeanCVaR,Sub20,case03,0.02,20260604,FPP-Branch-Benders-Combinatorial,121.61000000,110.62805953,0.001,0.0903045840803,9.03045840803,Feasible
MeanCVaR,Sub20,case04,0.01,20260605,FPP-SAA base,163.30000000,163.14839359,0.001,0.000928391977955,0.0928391977955,Optimal
MeanCVaR,Sub20,case04,0.01,20260605,FPP-SAA cut,163.30000000,159.60239116,0.001,0.0226430424985,2.26430424985,Feasible
MeanCVaR,Sub20,case04,0.01,20260605,FPP-Branch-and-Benders,163.30000000,163.15310479,0.001,0.000899542008573,0.0899542008573,Optimal
MeanCVaR,Sub20,case04,0.01,20260605,FPP-Branch-and-Benders-LLBI,163.30000000,163.13673979,0.001,0.000999756338028,0.0999756338028,Optimal
MeanCVaR,Sub20,case04,0.01,20260605,FPP-Branch-and-Benders-LLBI-RootCuts,163.30000000,163.14982601,0.001,0.000919620269443,0.0919620269443,Optimal
MeanCVaR,Sub20,case04,0.01,20260605,FPP-Branch-Benders-Combinatorial,163.30000000,163.14249178,0.001,0.000964532884262,0.0964532884262,Optimal
MeanCVaR,Sub20,case04,0.02,20260605,FPP-SAA base,122.42500000,115.22378251,0.001,0.058821462038,5.8821462038,Feasible
MeanCVaR,Sub20,case04,0.02,20260605,FPP-SAA cut,122.47000000,111.95764086,0.001,0.0858361977627,8.58361977627,Feasible
MeanCVaR,Sub20,case04,0.02,20260605,FPP-Branch-and-Benders,125.98000000,113.12347230,0.001,0.102052132878,10.2052132878,Feasible
MeanCVaR,Sub20,case04,0.02,20260605,FPP-Branch-and-Benders-LLBI,122.63500000,114.65553523,0.001,0.0650667816692,6.50667816692,Feasible
MeanCVaR,Sub20,case04,0.02,20260605,FPP-Branch-and-Benders-LLBI-RootCuts,121.75000000,114.77070036,0.001,0.057324843039,5.7324843039,Feasible
MeanCVaR,Sub20,case04,0.02,20260605,FPP-Branch-Benders-Combinatorial,124.40000000,114.43050006,0.001,0.0801406747588,8.01406747588,Feasible
