objective,version,rows,status,avg_obj,avg_gap_pct,avg_runtime_s,avg_test_exp,avg_test_tail,avg_nodes,avg_vars,avg_cons
CVaR,FPP-Branch-Benders,10,Feasible:5;Optimal:5,195.92000000000002,0.1,153.473378392,104.050777778,237.02666666800002,41476.1,561.0,2000.6
CVaR,FPP-Branch-Benders-Combinatorial,10,Feasible:5;Optimal:5,199.35,0.1,224.194702486,104.70688888800001,237.21222222299997,770.9,561.0,9783.7
CVaR,FPP-Branch-Benders-CoverageLLBI,10,Feasible:9;Optimal:1,197.28,0.1,291.906484579,104.253111111,236.240000001,276.9,14602.8,14255.7
CVaR,FPP-Branch-Benders-CoverageLLBI-PathLLBI,10,Feasible:10,256.79,0.1,302.248644234,119.22411111199999,269.958888889,19.1,28744.6,29093.0
CVaR,FPP-Branch-Benders-CoverageLLBI-PathLLBI-RootCuts,10,Feasible:10,220.44,0.1,301.834418697,109.362333334,248.915555555,24.1,28744.6,29093.0
CVaR,FPP-Branch-Benders-CoverageLLBI-RootCuts,10,Feasible:9;Optimal:1,197.74,0.1,297.465742982,104.39144444399999,236.446666666,259.9,14602.8,14264.3
CVaR,FPP-Branch-Benders-LLBI,10,Feasible:5;Optimal:5,194.87,0.1,155.390800394,104.410555555,236.72333333400002,47173.8,561.0,810.9
CVaR,FPP-Branch-Benders-LLBI-CoverageLLBI-PathLLBI,10,Feasible:10,208.26999999999998,0.1,301.92468562700003,107.19788889000002,243.504444444,36.2,28744.6,29193.0
CVaR,FPP-Branch-Benders-LLBI-CoverageLLBI-PathLLBI-RootCuts,10,Feasible:10,207.78000000000003,0.1,301.627076356,107.34011111299999,242.994444444,35.4,28744.6,29193.0
CVaR,FPP-Branch-Benders-LLBI-RootCuts,10,Feasible:5;Optimal:5,194.75,0.1,155.179831277,104.191222222,237.40777777899999,52398.1,561.0,708.7
CVaR,FPP-Branch-Benders-PathLLBI,10,Feasible:9;Optimal:1,198.53,0.1,287.452202521,103.345333334,234.24,321.8,14702.8,14951.2
CVaR,FPP-Branch-Benders-PathLLBI-RootCuts,10,Feasible:9;Optimal:1,198.64000000000001,0.1,290.218680657,103.077777779,234.38777777800001,315.6,14702.8,14951.2
CVaR,FPP-Branch-Benders-ProjectedCoverageLLBI-exp,10,Feasible:4;Optimal:6,194.85,1.9138340999999999,142.098135769,104.289333332,236.823333334,47763.5,561.0,625.7
CVaR,FPP-Branch-Benders-ProjectedCoverageLLBI-exp-RootCuts,10,Feasible:4;Optimal:6,194.68,1.5998378,135.445137941,104.225555555,236.631111112,46538.4,561.0,569.4
CVaR,FPP-Branch-Benders-ProjectedCoverageLLBI-poly,10,Feasible:5;Optimal:5,194.78,2.9101338999999995,153.487800015,104.34488888799999,236.60777777899997,77129.8,561.0,845.0
CVaR,FPP-Branch-Benders-ProjectedCoverageLLBI-poly-RootCuts,10,Feasible:4;Optimal:6,194.68,2.2939326,146.489867689,104.14655555499999,236.537777779,77136.9,561.0,736.0
CVaR,FPP-Branch-Benders-ProjectedPathLLBI-exp,10,Feasible:3;Optimal:7,194.81,1.3593417,123.140866061,104.376111111,236.52111111200003,49361.8,561.0,546.8
CVaR,FPP-Branch-Benders-ProjectedPathLLBI-exp-RootCuts,10,Feasible:3;Optimal:7,194.72,1.3120210999999997,127.19851264100001,104.760555555,236.51888889000003,46986.8,561.0,567.5
CVaR,FPP-Branch-Benders-ProjectedPathLLBI-poly,10,Feasible:4;Optimal:6,194.85999999999999,2.7215041,149.598097327,104.62133333300001,237.252222223,77684.1,561.0,823.0
CVaR,FPP-Branch-Benders-ProjectedPathLLBI-poly-RootCuts,10,Feasible:4;Optimal:6,194.97,2.4498544,146.027277086,104.33755555600001,236.35000000099998,68819.2,561.0,768.2
CVaR,FPP-Branch-Benders-RootCuts,10,Feasible:5;Optimal:5,196.59,0.1,154.423870879,105.066888888,237.586666668,36990.4,561.0,1829.5
CVaR,FPP-SAA-fpp_base,10,Feasible:6;Optimal:4,198.69,0.1,246.97294614100002,104.597777778,236.975555558,894.9,36461.0,14363.4
CVaR,FPP-SAA-fpp_cut,10,Feasible:10,197.43,0.1,300.037542023,104.102666667,235.28888888900002,192.7,28744.6,42547.0
Expected,FPP-Branch-Benders,10,Feasible:1;Optimal:9,94.115,0.1,98.392906208,100.536777777,233.18,9150.6,460.0,2725.9
Expected,FPP-Branch-Benders-Combinatorial,10,Optimal:10,94.101,0.1,30.501511387,100.57811111,233.565555556,34.4,460.0,8422.6
Expected,FPP-Branch-Benders-CoverageLLBI,10,Optimal:10,94.101,0.1,49.031382097,100.57811111,233.565555556,48.5,14501.8,14195.1
Expected,FPP-Branch-Benders-CoverageLLBI-PathLLBI,10,Feasible:4;Optimal:6,96.245,0.1,227.690987807,102.33522222100001,237.513333333,9.7,28643.6,28993.0
Expected,FPP-Branch-Benders-CoverageLLBI-PathLLBI-RootCuts,10,Feasible:3;Optimal:7,97.412,0.1,228.56609503800001,103.128444444,239.246666667,10.8,28643.6,28993.0
Expected,FPP-Branch-Benders-CoverageLLBI-RootCuts,10,Optimal:10,94.101,0.1,57.52013960000001,100.57811111,233.565555556,36.9,14501.8,14192.6
Expected,FPP-Branch-Benders-LLBI,10,Optimal:10,94.101,0.1,58.533191857999995,100.57811111,233.565555556,9487.1,460.0,1618.3
Expected,FPP-Branch-Benders-LLBI-CoverageLLBI-PathLLBI,10,Feasible:5;Optimal:5,101.94,0.1,232.749382521,107.084888888,248.501111112,6.9,28643.6,29093.0
Expected,FPP-Branch-Benders-LLBI-CoverageLLBI-PathLLBI-RootCuts,10,Feasible:4;Optimal:6,99.392,0.1,209.60019965400002,105.00411111000001,243.802222223,10.2,28643.6,29093.0
Expected,FPP-Branch-Benders-LLBI-RootCuts,10,Optimal:10,94.101,0.1,39.936857582,100.57811111,233.565555556,6371.6,460.0,1225.0
Expected,FPP-Branch-Benders-PathLLBI,10,Optimal:10,94.106,0.1,61.834643218,101.14266666500001,234.254444444,22.8,14601.8,14851.2
Expected,FPP-Branch-Benders-PathLLBI-RootCuts,10,Optimal:10,94.106,0.1,55.945663958,101.14266666500001,234.254444444,22.8,14601.8,14851.2
Expected,FPP-Branch-Benders-ProjectedCoverageLLBI-exp,10,Optimal:10,94.101,0.08448839999999999,5.865239466,100.57811111,233.565555556,496.3,460.0,545.9
Expected,FPP-Branch-Benders-ProjectedCoverageLLBI-exp-RootCuts,10,Optimal:10,94.101,0.0832385,5.626700189,100.57811111,233.565555556,441.4,460.0,529.1
Expected,FPP-Branch-Benders-ProjectedCoverageLLBI-poly,10,Optimal:10,94.101,0.0831252,72.133451068,100.57811111,233.565555556,9487.1,460.0,1618.3
Expected,FPP-Branch-Benders-ProjectedCoverageLLBI-poly-RootCuts,10,Optimal:10,94.101,0.0867649,29.71533949,100.57811111,233.565555556,6371.6,460.0,1225.0
Expected,FPP-Branch-Benders-ProjectedPathLLBI-exp,10,Optimal:10,94.101,0.0700982,3.442542747,100.57811111,233.565555556,221.0,460.0,461.6
Expected,FPP-Branch-Benders-ProjectedPathLLBI-exp-RootCuts,10,Optimal:10,94.101,0.0704801,3.361842555,100.57811111,233.565555556,211.8,460.0,466.3
Expected,FPP-Branch-Benders-ProjectedPathLLBI-poly,10,Optimal:10,94.101,0.0713669,32.23032352,100.57811111,233.565555556,7961.6,460.0,1549.6
Expected,FPP-Branch-Benders-ProjectedPathLLBI-poly-RootCuts,10,Optimal:10,94.102,0.0851123,22.358799438,100.81211111,234.27555555600003,5919.6,460.0,1198.4
Expected,FPP-Branch-Benders-RootCuts,10,Feasible:1;Optimal:9,94.103,0.1,71.41754672100001,100.568444444,233.391111112,8001.9,460.0,2353.7
Expected,FPP-SAA-fpp_base,10,Optimal:10,94.101,0.1,11.453647978,100.57811111,233.565555556,18.7,36360.0,14263.4
Expected,FPP-SAA-fpp_cut,10,Optimal:10,94.10900000000001,0.1,27.638353367,100.65099999899999,233.395555556,28.0,28643.6,42447.0
MeanCVaR,FPP-Branch-Benders,10,Feasible:5;Optimal:5,148.24349999999998,0.1,154.35587615900002,103.486222221,235.187777777,28806.9,561.0,3199.6
MeanCVaR,FPP-Branch-Benders-Combinatorial,10,Feasible:5;Optimal:5,148.5525,0.1,182.26537736,102.97233333199999,235.01666666699998,513.4,561.0,12209.7
MeanCVaR,FPP-Branch-Benders-CoverageLLBI,10,Feasible:8;Optimal:2,147.332,0.1,278.409382647,103.09733333300001,234.76666666699998,451.2,14602.8,14279.4
MeanCVaR,FPP-Branch-Benders-CoverageLLBI-PathLLBI,10,Feasible:10,161.63150000000002,0.1,301.353556816,108.07644444600001,245.12777777699998,62.8,28744.6,29093.0
MeanCVaR,FPP-Branch-Benders-CoverageLLBI-PathLLBI-RootCuts,10,Feasible:10,148.6615,0.1,301.307576423,103.043444446,233.94222222099998,40.1,28744.6,29093.0
MeanCVaR,FPP-Branch-Benders-CoverageLLBI-RootCuts,10,Feasible:9;Optimal:1,147.517,0.1,282.471040727,103.303666666,234.061111111,326.2,14602.8,14291.3
MeanCVaR,FPP-Branch-Benders-LLBI,10,Feasible:5;Optimal:5,146.981,0.1,154.168968623,102.653555554,234.27888888899997,44019.5,561.0,1637.7
MeanCVaR,FPP-Branch-Benders-LLBI-CoverageLLBI-PathLLBI,10,Feasible:10,153.558,0.1,301.417560138,105.53466666599999,239.564444445,40.3,28744.6,29193.0
MeanCVaR,FPP-Branch-Benders-LLBI-CoverageLLBI-PathLLBI-RootCuts,10,Feasible:10,148.72650000000002,0.1,301.685412349,103.952222222,235.75555555699998,37.8,28744.6,29193.0
MeanCVaR,FPP-Branch-Benders-LLBI-RootCuts,10,Feasible:5;Optimal:5,146.89249999999998,0.1,154.184348579,102.949333332,235.0,43959.9,561.0,1605.5
MeanCVaR,FPP-Branch-Benders-PathLLBI,10,Feasible:6;Optimal:4,147.322,0.1,254.21253514,102.78622222199999,233.82,384.3,14702.8,14951.2
MeanCVaR,FPP-Branch-Benders-PathLLBI-RootCuts,10,Feasible:7;Optimal:3,147.322,0.1,258.948059095,102.78622222199999,233.82,404.7,14702.8,14951.2
MeanCVaR,FPP-Branch-Benders-ProjectedCoverageLLBI-exp,10,Feasible:3;Optimal:7,146.8465,0.7662321,130.3879854,102.98855555499999,234.806666667,36961.2,561.0,864.1
MeanCVaR,FPP-Branch-Benders-ProjectedCoverageLLBI-exp-RootCuts,10,Feasible:4;Optimal:6,146.8465,0.7522411,138.747577944,102.98855555499999,234.806666667,44079.6,561.0,908.5
MeanCVaR,FPP-Branch-Benders-ProjectedCoverageLLBI-poly,10,Feasible:5;Optimal:5,147.00650000000002,2.6101099,152.89535451700002,102.67855555399998,234.264444444,45286.0,561.0,1654.7
MeanCVaR,FPP-Branch-Benders-ProjectedCoverageLLBI-poly-RootCuts,10,Feasible:5;Optimal:5,146.89249999999998,1.8683196,153.75935297799998,102.949333332,235.0,50431.3,561.0,1611.4
MeanCVaR,FPP-Branch-Benders-ProjectedPathLLBI-exp,10,Feasible:2;Optimal:8,146.8465,0.4745461,107.801832394,102.98855555499999,234.806666667,37229.9,561.0,781.5
MeanCVaR,FPP-Branch-Benders-ProjectedPathLLBI-exp-RootCuts,10,Feasible:2;Optimal:8,146.874,0.4111906,96.00426958300001,103.404222222,234.71777777799997,37497.1,561.0,755.4
MeanCVaR,FPP-Branch-Benders-ProjectedPathLLBI-poly,10,Feasible:5;Optimal:5,146.935,2.0633842,153.42317011699998,102.69277777699999,234.085555556,50738.6,561.0,1473.9
MeanCVaR,FPP-Branch-Benders-ProjectedPathLLBI-poly-RootCuts,10,Feasible:5;Optimal:5,146.9765,1.7098759999999997,152.959401146,103.29244444399998,235.044444445,54109.1,561.0,1466.7
MeanCVaR,FPP-Branch-Benders-RootCuts,10,Feasible:5;Optimal:5,147.3885,0.1,154.43265040400001,103.097666667,235.415555556,46119.8,561.0,2681.2
MeanCVaR,FPP-SAA-fpp_base,10,Feasible:5;Optimal:5,148.135,0.1,220.08694317600003,103.85211110999998,235.160000001,691.0,36461.0,14363.4
MeanCVaR,FPP-SAA-fpp_cut,10,Feasible:9;Optimal:1,147.324,0.1,289.514979866,102.98055555599998,234.442222222,265.7,28744.6,42547.0
