alpha,objective_family,projected_variant,projected_llbi_strategy,use_root_cuts,method,completed_rows,status_counts,avg_objective_metric,min_objective_metric,max_objective_metric,avg_best_bound,min_best_bound,max_best_bound,avg_gap_metric,min_gap_metric,max_gap_metric,avg_runtime_metric,min_runtime_metric,max_runtime_metric,avg_explored_nodes,min_explored_nodes,max_explored_nodes,avg_train_expected_burned_area,min_train_expected_burned_area,max_train_expected_burned_area,avg_train_worst10_metric,min_train_worst10_metric,max_train_worst10_metric,avg_test_expected_burned_area,min_test_expected_burned_area,max_test_expected_burned_area,avg_test_worst10_metric,min_test_worst10_metric,max_test_worst10_metric,avg_branch_benders_lazy_cuts_added,min_branch_benders_lazy_cuts_added,max_branch_benders_lazy_cuts_added,avg_branch_benders_candidate_incumbents_checked,min_branch_benders_candidate_incumbents_checked,max_branch_benders_candidate_incumbents_checked,avg_projected_llbi_cuts_added,min_projected_llbi_cuts_added,max_projected_llbi_cuts_added,avg_projected_llbi_total_nonzeros,min_projected_llbi_total_nonzeros,max_projected_llbi_total_nonzeros,avg_projected_llbi_avg_nonzeros_per_cut,min_projected_llbi_avg_nonzeros_per_cut,max_projected_llbi_avg_nonzeros_per_cut,avg_projected_llbi_max_nonzeros_per_cut,min_projected_llbi_max_nonzeros_per_cut,max_projected_llbi_max_nonzeros_per_cut,avg_projected_llbi_separation_time_sec,min_projected_llbi_separation_time_sec,max_projected_llbi_separation_time_sec,avg_projected_llbi_total_time_sec,min_projected_llbi_total_time_sec,max_projected_llbi_total_time_sec,avg_projected_llbi_root_bound_improvement_abs,min_projected_llbi_root_bound_improvement_abs,max_projected_llbi_root_bound_improvement_abs,avg_projected_llbi_root_bound_improvement_pct,min_projected_llbi_root_bound_improvement_pct,max_projected_llbi_root_bound_improvement_pct,avg_num_variables,min_num_variables,max_num_variables,avg_num_constraints,min_num_constraints,max_num_constraints,avg_num_nonzeros,min_num_nonzeros,max_num_nonzeros,avg_coverage_llbi_num_zeta_vars,min_coverage_llbi_num_zeta_vars,max_coverage_llbi_num_zeta_vars,avg_path_llbi_num_b_vars,min_path_llbi_num_b_vars,max_path_llbi_num_b_vars
0.01,CVaR,ProjectedCoverageLLBI-exp,exp,false,FPP-Branch-Benders-CVaR-ProjectedCoverageLLBI-exp,5,Optimal:5,223.88,214.3,234.3,223.6690253,214.0886381,234.0988649,0.0009432226767,0.0008584512591,0.0009961301327,8.245294632,4.89383706,13.04775579,1949.4,1245,2765,111.514,100.83,118.66,223.88,214.3,234.3,113.5306667,111.2244444,116.59,256.9022222,246.4888889,265.1888889,73.2,35,124,23,11,32,150.4,136,168,25938.4,22562,29825,172.3046115,160.7857143,180.2420382,345.2,327,353,1.481929212,1.18606594,2.08716213,1.558463272,1.25363866,2.17115035,200.3793813,191.3851373,207.705692,20037.93813,19138.51373,20770.5692,561,561,561,324.6,272,382,,,,0,0,0,0,0,0
0.01,CVaR,ProjectedCoverageLLBI-exp,exp,true,FPP-Branch-Benders-CVaR-ProjectedCoverageLLBI-exp-RootCuts,5,Optimal:5,223.88,214.3,234.3,223.6822556,214.1074038,234.0951115,0.0008839243435,0.000704994469,0.0009816577681,6.808923122,4.4789783,8.85402653,1943.8,1231,2678,111.514,100.83,118.66,223.88,214.3,234.3,113.5306667,111.2244444,116.59,256.9022222,246.4888889,265.1888889,58.6,42,77,18.4,14,22,150.4,136,168,25938.4,22562,29825,172.3046115,160.7857143,180.2420382,345.2,327,353,1.372460638,1.15482966,1.7931761,1.455344092,1.21882534,1.91748617,200.3793813,191.3851373,207.705692,20037.93813,19138.51373,20770.5692,561,561,561,326.8,295,338,,,,0,0,0,0,0,0
0.01,CVaR,ProjectedCoverageLLBI-poly,poly,false,FPP-Branch-Benders-CVaR-ProjectedCoverageLLBI-poly,5,Optimal:5,223.88,214.3,234.3,223.6739707,214.0889382,234.0748651,0.0009211255032,0.0007442202188,0.0009848895007,6.480697782,4.48672452,8.20435193,2365,1333,3183,111.514,100.83,118.66,223.88,214.3,234.3,113.5306667,111.2244444,116.59,256.9022222,246.4888889,265.1888889,138.2,88,191,23.8,21,28,100,100,100,14041.8,12534,15564,140.418,125.34,155.64,345.2,327,353,0,0,0,0,0,0,0,0,0,0,0,0,561,561,561,339.2,289,392,,,,0,0,0,0,0,0
0.01,CVaR,ProjectedCoverageLLBI-poly,poly,true,FPP-Branch-Benders-CVaR-ProjectedCoverageLLBI-poly-RootCuts,5,Optimal:5,223.88,214.3,234.3,223.668574,214.1008851,234.0791416,0.0009443730855,0.0009291409706,0.0009642640314,6.288929624,5.01606659,8.76544301,2541.8,1774,3301,111.514,100.83,118.66,223.88,214.3,234.3,113.5306667,111.2244444,116.59,256.9022222,246.4888889,265.1888889,119.8,71,155,23,19,28,100,100,100,14041.8,12534,15564,140.418,125.34,155.64,345.2,327,353,0,0,0,0,0,0,0,0,0,0,0,0,561,561,561,351.8,300,390,,,,0,0,0,0,0,0
0.01,CVaR,ProjectedPathLLBI-exp,exp,false,FPP-Branch-Benders-CVaR-ProjectedPathLLBI-exp,5,Optimal:5,223.88,214.3,234.3,223.6897222,214.1204039,234.083922,0.0008502275599,0.0006306874779,0.0009727600555,5.133058392,2.82984306,7.52625299,1710.2,856,2994,111.514,100.83,118.66,223.88,214.3,234.3,113.5306667,111.2244444,116.59,256.9022222,246.4888889,265.1888889,45,17,93,16,12,24,160.4,146,193,27935.2,23318,35397,173.463048,156.4966443,183.4041451,345.2,327,353,0.514559044,0.37867328,0.7790038,0.614722626,0.45018263,0.90575981,201.2116521,192.6615159,208.0886612,20121.16521,19266.15159,20808.86612,561,561,561,306.4,264,360,,,,0,0,0,0,0,0
0.01,CVaR,ProjectedPathLLBI-exp,exp,true,FPP-Branch-Benders-CVaR-ProjectedPathLLBI-exp-RootCuts,5,Optimal:5,223.88,214.3,234.3,223.6891032,214.1038214,234.083922,0.0008532323405,0.0006306874779,0.0009222279983,5.394475024,3.27983573,8.34083789,1789.6,856,2994,111.514,100.83,118.66,223.88,214.3,234.3,113.5306667,111.2244444,116.59,256.9022222,246.4888889,265.1888889,47,17,93,16.4,12,24,160.4,146,193,27935.2,23318,35397,173.463048,156.4966443,183.4041451,345.2,327,353,0.438404182,0.29515328,0.51315305,0.52679114,0.35112718,0.60024275,201.2116521,192.6615159,208.0886612,20121.16521,19266.15159,20808.86612,561,561,561,310,264,360,,,,0,0,0,0,0,0
0.01,CVaR,ProjectedPathLLBI-poly,poly,false,FPP-Branch-Benders-CVaR-ProjectedPathLLBI-poly,5,Optimal:5,223.88,214.3,234.3,223.6694593,214.0881987,234.0704256,0.0009403160436,0.0008314916372,0.0009883401307,5.66927272,4.87979561,6.81008337,2180.4,1048,3528,111.514,100.83,118.66,223.88,214.3,234.3,113.5306667,111.2244444,116.59,256.9022222,246.4888889,265.1888889,113,95,125,22.8,20,26,100,100,100,14041.8,12534,15564,140.418,125.34,155.64,345.2,327,353,0,0,0,0,0,0,0,0,0,0,0,0,561,561,561,314,296,326,,,,0,0,0,0,0,0
0.01,CVaR,ProjectedPathLLBI-poly,poly,true,FPP-Branch-Benders-CVaR-ProjectedPathLLBI-poly-RootCuts,5,Optimal:5,223.88,214.3,234.3,223.6632895,214.0933333,234.0718749,0.0009678610363,0.0009464928228,0.0009965623009,5.695836728,4.58330367,7.99876426,2047.6,1401,2278,111.514,100.83,118.66,223.88,214.3,234.3,113.5306667,111.2244444,116.59,256.9022222,246.4888889,265.1888889,81.4,41,136,18.4,14,23,100,100,100,14041.8,12534,15564,140.418,125.34,155.64,345.2,327,353,0,0,0,0,0,0,0,0,0,0,0,0,561,561,561,308.8,262,368,,,,0,0,0,0,0,0
0.01,Expected,ProjectedCoverageLLBI-exp,exp,false,FPP-Branch-Benders-ProjectedCoverageLLBI-exp,5,Optimal:5,105.446,97.12,110.94,105.3694443,97.03285714,110.8536252,0.0007295133086,0.0005164209386,0.0008972699753,3.437443002,2.35372578,4.75694703,43,3,178,105.446,97.12,110.94,247.96,238.4,259.7,108.346,105.4188889,112.5233333,252.8266667,247.6777778,261.7,69.4,25,179,12.4,8,24,255,219,273,41667.6,33743,47548,162.9347675,154.0776256,175.4538745,345.2,327,353,1.589473442,1.15070597,1.92456015,1.66443208,1.20855855,2.00870157,104.598,96.62666667,110.3066667,10459.8,9662.666667,11030.66667,460,460,460,325.4,260,453,,,,0,0,0,0,0,0
0.01,Expected,ProjectedCoverageLLBI-exp,exp,true,FPP-Branch-Benders-ProjectedCoverageLLBI-exp-RootCuts,5,Optimal:5,105.446,97.12,110.94,105.3740015,97.05425714,110.8306072,0.0006844579551,0.000213383213,0.0009860535425,3.402037412,2.62150595,4.81883235,27.6,0,107,105.446,97.12,110.94,247.96,238.4,259.7,108.346,105.4188889,112.5233333,252.8266667,247.6777778,261.7,51.6,9,131,11.8,4,24,255,219,273,41667.6,33743,47548,162.9347675,154.0776256,175.4538745,345.2,327,353,1.544416248,1.12776343,1.84119077,1.628055546,1.18478463,1.96815207,104.598,96.62666667,110.3066667,10459.8,9662.666667,11030.66667,460,460,460,328,273,443,,,,0,0,0,0,0,0
0.01,Expected,ProjectedCoverageLLBI-poly,poly,false,FPP-Branch-Benders-ProjectedCoverageLLBI-poly,5,Optimal:5,105.446,97.12,110.94,105.3766725,97.02646747,110.8372014,0.0006657279574,0,0.0009630614703,2.960101154,0.97866643,4.35664018,82,46,176,105.446,97.12,110.94,247.96,238.4,259.7,108.346,105.4188889,112.5233333,252.8266667,247.6777778,261.7,264.8,203,456,19.6,12,32,100,100,100,14041.8,12534,15564,140.418,125.34,155.64,345.2,327,353,0,0,0,0,0,0,0,0,0,0,0,0,460,460,460,365.8,304,557,,,,0,0,0,0,0,0
0.01,Expected,ProjectedCoverageLLBI-poly,poly,true,FPP-Branch-Benders-ProjectedCoverageLLBI-poly-RootCuts,5,Optimal:5,105.446,97.12,110.94,105.3669277,97.11,110.8540219,0.0007391261337,0.0001029654036,0.0009923243729,2.970601752,2.31390947,4.75148948,47.8,16,118,105.446,97.12,110.94,247.96,238.4,259.7,108.346,105.4188889,112.5233333,252.8266667,247.6777778,261.7,190.4,126,372,16.6,11,28,100,100,100,14041.8,12534,15564,140.418,125.34,155.64,345.2,327,353,0,0,0,0,0,0,0,0,0,0,0,0,460,460,460,333,274,511,,,,0,0,0,0,0,0
0.01,Expected,ProjectedPathLLBI-exp,exp,false,FPP-Branch-Benders-ProjectedPathLLBI-exp,5,Optimal:5,105.446,97.12,110.94,105.3906674,97.0550839,110.83,0.0005254992954,0,0.0009915269515,1.800885718,1.2361964,2.94957411,14.4,0,49,105.446,97.12,110.94,247.96,238.4,259.7,108.346,105.4188889,112.5233333,252.8266667,247.6777778,261.7,14.6,1,61,7.6,4,15,259.4,202,295,42875.6,30469,51853,164.1081678,150.8366337,175.7728814,345.2,327,353,0.482072422,0.33168335,0.65682376,0.565577408,0.38961581,0.78314423,105.0610667,96.79666667,110.6966667,10506.10667,9679.666667,11069.66667,460,460,460,275,210,351,,,,0,0,0,0,0,0
0.01,Expected,ProjectedPathLLBI-exp,exp,true,FPP-Branch-Benders-ProjectedPathLLBI-exp-RootCuts,5,Optimal:5,105.446,97.12,110.94,105.3906674,97.0550839,110.83,0.0005254992954,0,0.0009915269515,2.2948313,1.33178902,3.24460884,14.4,0,49,105.446,97.12,110.94,247.96,238.4,259.7,108.346,105.4188889,112.5233333,252.8266667,247.6777778,261.7,14.6,1,61,7.6,4,15,259.4,202,295,42875.6,30469,51853,164.1081678,150.8366337,175.7728814,345.2,327,353,0.525534924,0.40663523,0.66885939,0.618105802,0.48279377,0.79645144,105.0610667,96.79666667,110.6966667,10506.10667,9679.666667,11069.66667,460,460,460,275,210,351,,,,0,0,0,0,0,0
0.01,Expected,ProjectedPathLLBI-poly,poly,false,FPP-Branch-Benders-ProjectedPathLLBI-poly,5,Optimal:5,105.446,97.12,110.94,105.4016961,97.09590771,110.94,0.0004283308564,0,0.0009959278751,3.202466572,2.61032548,5.05687851,72.4,31,156,105.446,97.12,110.94,247.96,238.4,259.7,108.346,105.4188889,112.5233333,252.8266667,247.6777778,261.7,271.4,196,420,22.8,17,36,100,100,100,14041.8,12534,15564,140.418,125.34,155.64,345.2,327,353,0,0,0,0,0,0,0,0,0,0,0,0,460,460,460,372.4,297,521,,,,0,0,0,0,0,0
0.01,Expected,ProjectedPathLLBI-poly,poly,true,FPP-Branch-Benders-ProjectedPathLLBI-poly-RootCuts,5,Optimal:5,105.448,97.12,110.95,105.3737477,97.03393628,110.8395847,0.0007087471793,0.0002246331227,0.0009951805318,2.985768252,2.19653416,4.33693425,37,14,95,105.448,97.12,110.95,248.68,238.4,263.3,108.814,106.6788889,112.5233333,254.2466667,247.6777778,261.7,144,100,279,16.6,13,29,100,100,100,14041.8,12534,15564,140.418,125.34,155.64,345.2,327,353,0,0,0,0,0,0,0,0,0,0,0,0,460,460,460,284.6,235,427,,,,0,0,0,0,0,0
0.01,MeanCVaR,ProjectedCoverageLLBI-exp,exp,false,FPP-Branch-Benders-MeanCVaR-ProjectedCoverageLLBI-exp,5,Optimal:5,166.888,157.565,174.72,166.7286038,157.4110766,174.5597482,0.0009558857392,0.000917192136,0.0009768883953,5.83591851,4.46933415,7.72969624,1253.8,455,1899,108.216,100.83,117.57,225.56,214.3,238.1,111.9693333,110.3222222,115.8411111,253.8266667,246.4888889,265.1888889,110.6,52,189,17,11,23,164.4,153,179,28708.4,24975,32168,174.4713337,158.0696203,184.124183,345.2,327,353,1.625392008,1.14429436,1.95951434,1.717232774,1.21083585,2.09360904,155.3120526,146.265609,162.1718398,15531.20526,14626.5609,16217.18398,561,561,561,376,306,464,,,,0,0,0,0,0,0
0.01,MeanCVaR,ProjectedCoverageLLBI-exp,exp,true,FPP-Branch-Benders-MeanCVaR-ProjectedCoverageLLBI-exp-RootCuts,5,Optimal:5,166.888,157.565,174.72,166.738714,157.4078751,174.5603984,0.0008950627461,0.0006388547823,0.0009972066766,6.782277898,5.57291626,9.91166713,1449.8,458,1912,108.216,100.83,117.57,225.56,214.3,238.1,111.9693333,110.3222222,115.8411111,253.8266667,246.4888889,265.1888889,98.6,42,165,17.2,10,25,164.4,153,179,28708.4,24975,32168,174.4713337,158.0696203,184.124183,345.2,327,353,1.779756882,1.64530801,1.98875875,1.890768992,1.7758081,2.08997281,155.3120526,146.265609,162.1718398,15531.20526,14626.5609,16217.18398,561,561,561,385.8,320,465,,,,0,0,0,0,0,0
0.01,MeanCVaR,ProjectedCoverageLLBI-poly,poly,false,FPP-Branch-Benders-MeanCVaR-ProjectedCoverageLLBI-poly,5,Optimal:5,166.888,157.565,174.72,166.7256755,157.4126822,174.5559865,0.0009729409079,0.0009387219551,0.000999756338,5.257673228,2.7052876,8.17545965,1841.8,513,2693,108.216,100.83,117.57,225.56,214.3,238.1,111.9693333,110.3222222,115.8411111,253.8266667,246.4888889,265.1888889,283.2,115,517,21.8,14,30,100,100,100,14041.8,12534,15564,140.418,125.34,155.64,345.2,327,353,0,0,0,0,0,0,0,0,0,0,0,0,561,561,561,484.2,316,718,,,,0,0,0,0,0,0
0.01,MeanCVaR,ProjectedCoverageLLBI-poly,poly,true,FPP-Branch-Benders-MeanCVaR-ProjectedCoverageLLBI-poly-RootCuts,5,Optimal:5,166.888,157.565,174.72,166.7314334,157.4146999,174.5566957,0.0009378880691,0.0008967695091,0.0009844949288,6.943079726,3.82955151,12.18248962,1633.2,345,3084,108.216,100.83,117.57,225.56,214.3,238.1,111.9693333,110.3222222,115.8411111,253.8266667,246.4888889,265.1888889,196.2,66,422,18.8,10,35,100,100,100,14041.8,12534,15564,140.418,125.34,155.64,345.2,327,353,0,0,0,0,0,0,0,0,0,0,0,0,561,561,561,434.2,301,659,,,,0,0,0,0,0,0
0.01,MeanCVaR,ProjectedPathLLBI-exp,exp,false,FPP-Branch-Benders-MeanCVaR-ProjectedPathLLBI-exp,5,Optimal:5,166.888,157.565,174.72,166.7346063,157.4223479,174.5520445,0.0009198221124,0.0007879049325,0.0009832921843,4.337713972,2.45086812,6.03956372,1223,599,1615,108.216,100.83,117.57,225.56,214.3,238.1,111.9693333,110.3222222,115.8411111,253.8266667,246.4888889,265.1888889,74,25,111,15.2,7,22,181.2,156,219,32077.4,26258,40274,176.1387109,159.1393939,185.3173077,345.2,327,353,0.52730261,0.422733,0.61843486,0.639409742,0.51685313,0.7727323,155.8585186,146.5082988,162.5845189,15585.85186,14650.82988,16258.45189,561,561,561,356.2,282,431,,,,0,0,0,0,0,0
0.01,MeanCVaR,ProjectedPathLLBI-exp,exp,true,FPP-Branch-Benders-MeanCVaR-ProjectedPathLLBI-exp-RootCuts,5,Optimal:5,166.888,157.565,174.72,166.7346063,157.4223479,174.5520445,0.0009198221124,0.0007879049325,0.0009832921843,3.796081548,2.56550687,4.40520833,1223,599,1615,108.216,100.83,117.57,225.56,214.3,238.1,111.9693333,110.3222222,115.8411111,253.8266667,246.4888889,265.1888889,74,25,111,15.2,7,22,181.2,156,219,32077.4,26258,40274,176.1387109,159.1393939,185.3173077,345.2,327,353,0.514802174,0.31758114,0.63547476,0.62091853,0.37350621,0.75314322,155.8585186,146.5082988,162.5845189,15585.85186,14650.82988,16258.45189,561,561,561,356.2,282,431,,,,0,0,0,0,0,0
0.01,MeanCVaR,ProjectedPathLLBI-poly,poly,false,FPP-Branch-Benders-MeanCVaR-ProjectedPathLLBI-poly,5,Optimal:5,166.888,157.565,174.72,166.7308109,157.4142711,174.5472689,0.0009429481185,0.0007943864536,0.0009886163576,6.295325024,3.37299141,9.87100481,1608,527,2192,108.216,100.83,117.57,225.56,214.3,238.1,111.9693333,110.3222222,115.8411111,253.8266667,246.4888889,265.1888889,213.4,100,281,21.4,18,30,100,100,100,14041.8,12534,15564,140.418,125.34,155.64,345.2,327,353,0,0,0,0,0,0,0,0,0,0,0,0,561,561,561,414.4,301,482,,,,0,0,0,0,0,0
0.01,MeanCVaR,ProjectedPathLLBI-poly,poly,true,FPP-Branch-Benders-MeanCVaR-ProjectedPathLLBI-poly-RootCuts,5,Optimal:5,166.888,157.565,174.72,166.7312291,157.4203739,174.5483184,0.0009390202578,0.0009097437513,0.000982610119,5.377019328,2.71090663,8.52467391,1324.2,435,1781,108.216,100.83,117.57,225.56,214.3,238.1,111.9693333,110.3222222,115.8411111,253.8266667,246.4888889,265.1888889,178.6,87,421,19.4,11,35,100,100,100,14041.8,12534,15564,140.418,125.34,155.64,345.2,327,353,0,0,0,0,0,0,0,0,0,0,0,0,561,561,561,410.8,314,656,,,,0,0,0,0,0,0
0.02,CVaR,ProjectedCoverageLLBI-exp,exp,false,FPP-Branch-Benders-CVaR-ProjectedCoverageLLBI-exp,5,Feasible:4;Optimal:1,165.82,154.6,175.3,159.4208409,152.615295,165.5122491,0.03733346121,0.0009968792367,0.06869741409,275.9509769,170.7456175,302.6633998,93577.6,82737,119041,89.67,81.25,97.51,165.82,154.6,175.3,95.048,93.22111111,97.36444444,216.7444444,210.9888889,221.4888889,443.2,313,579,57.8,42,82,382.6,349,442,68788,58695,75608,179.9348544,168.1805158,189.4916667,345.2,327,353,1.904857756,1.64806399,2.17221595,2.04905451,1.78629235,2.35545076,138.7427051,130.7962741,145.3885673,13874.27051,13079.62741,14538.85673,561,561,561,926.8,808,1048,,,,0,0,0,0,0,0
0.02,CVaR,ProjectedCoverageLLBI-exp,exp,true,FPP-Branch-Benders-CVaR-ProjectedCoverageLLBI-exp-RootCuts,5,Feasible:4;Optimal:1,165.48,154.6,175.3,160.1273614,153.4648393,166.4953496,0.0311128331,0.0009981708926,0.07415132647,264.0813528,110.1884542,303.1193272,91133,58509,122925,89.296,81.25,97.51,165.48,154.6,175.3,94.92044444,93.22111111,97.36444444,216.36,210.2,221.4888889,298.8,210,389,45.4,30,58,382.6,349,442,68788,58695,75608,179.9348544,168.1805158,189.4916667,345.2,327,353,2.092845974,1.5768434,2.59684987,2.256967452,1.6919003,2.79723519,138.7427051,130.7962741,145.3885673,13874.27051,13079.62741,14538.85673,561,561,561,812,710,961,,,,0,0,0,0,0,0
0.02,CVaR,ProjectedCoverageLLBI-poly,poly,false,FPP-Branch-Benders-CVaR-ProjectedCoverageLLBI-poly,5,Feasible:5,165.68,154.6,175.3,156.0165078,147.2438053,161.8963042,0.05728155103,0.01833129897,0.07957426509,300.4949023,300.259853,300.7275049,151894.6,138223,184263,89.104,81.25,97.05,165.68,154.6,175.3,95.15911111,93.22111111,98.42,216.3133333,210.2,222.1888889,1149.8,934,1492,82.6,66,121,100,100,100,14041.8,12534,15564,140.418,125.34,155.64,345.2,327,353,0,0,0,0,0,0,0,0,0,0,0,0,561,561,561,1350.8,1135,1693,,,,0,0,0,0,0,0
0.02,CVaR,ProjectedCoverageLLBI-poly,poly,true,FPP-Branch-Benders-CVaR-ProjectedCoverageLLBI-poly-RootCuts,5,Feasible:4;Optimal:1,165.48,154.6,175.3,157.8969633,147.0277617,164.0495601,0.04493428144,0.0009999593144,0.07078916406,286.6908057,231.9606139,300.5807901,151732,92135,193107,89.196,81.25,97.51,165.48,154.6,175.3,94.76244444,93.22111111,97.36444444,216.1733333,210.2,221.4888889,869.2,671,1590,64.6,42,110,100,100,100,14041.8,12534,15564,140.418,125.34,155.64,345.2,327,353,0,0,0,0,0,0,0,0,0,0,0,0,561,561,561,1120.2,914,1846,,,,0,0,0,0,0,0
0.02,CVaR,ProjectedPathLLBI-exp,exp,false,FPP-Branch-Benders-CVaR-ProjectedPathLLBI-exp,5,Feasible:3;Optimal:2,165.74,154.6,175.6,161.1405215,154.4458911,167.0169432,0.02633660712,0.0009968232859,0.07546727118,241.1486737,98.67061897,301.036944,97013.4,53941,139272,89.306,81.25,97.05,165.74,154.6,175.6,95.22155556,93.22111111,98.42,216.14,210.2,222.1888889,292.8,161,593,44.2,29,75,393.4,339,464,70959.4,57231,79374,180.4870643,168.8230089,189.9722222,345.2,327,353,0.551223454,0.50884135,0.58321173,0.692150134,0.64793057,0.73412614,139.4608557,131.2174778,146.5868233,13946.08557,13121.74778,14658.68233,561,561,561,787.2,601,1054,,,,0,0,0,0,0,0
0.02,CVaR,ProjectedPathLLBI-exp,exp,true,FPP-Branch-Benders-CVaR-ProjectedPathLLBI-exp-RootCuts,5,Feasible:3;Optimal:2,165.56,154.6,175.1,161.1531414,154.4454518,166.4971522,0.02538718982,0.0009986567846,0.05789444413,249.0025502,83.78569393,301.2632909,92184,51924,117325,89.334,81.25,97.05,165.56,154.6,175.1,95.99044444,93.22111111,98.42,216.1355556,210.2,222.1888889,320.8,116,492,46,21,70,393.4,339,464,70959.4,57231,79374,180.4870643,168.8230089,189.9722222,345.2,327,353,0.601904106,0.46230598,0.71430762,0.778529422,0.55991673,0.93441147,139.4608557,131.2174778,146.5868233,13946.08557,13121.74778,14658.68233,561,561,561,825,561,1011,,,,0,0,0,0,0,0
0.02,CVaR,ProjectedPathLLBI-poly,poly,false,FPP-Branch-Benders-CVaR-ProjectedPathLLBI-poly,5,Feasible:4;Optimal:1,165.84,154.6,176.2,156.762451,147.2267436,163.6404473,0.05348976374,0.0009979774256,0.08525520505,293.5269219,265.5672657,300.7301227,153187.8,121705,206866,88.706,81.25,94.49,165.84,154.6,176.2,95.712,93.45555556,98.56111111,217.6022222,210.2,223.5444444,1131,760,1564,81.8,61,111,100,100,100,14041.8,12534,15564,140.418,125.34,155.64,345.2,327,353,0,0,0,0,0,0,0,0,0,0,0,0,561,561,561,1332,961,1765,,,,0,0,0,0,0,0
0.02,CVaR,ProjectedPathLLBI-poly,poly,true,FPP-Branch-Benders-CVaR-ProjectedPathLLBI-poly-RootCuts,5,Feasible:4;Optimal:1,166.06,154.6,175.6,157.9291823,147.4178246,163.8189718,0.04802922935,0.0009989531048,0.07393163001,286.3587174,229.6242756,300.7188404,135590.8,118566,153705,88.874,81.25,94.49,166.06,154.6,175.6,95.14444445,93.45555556,97.36444444,215.7977778,210.2,219.0111111,978.6,538,1208,73.8,53,91,100,100,100,14041.8,12534,15564,140.418,125.34,155.64,345.2,327,353,0,0,0,0,0,0,0,0,0,0,0,0,561,561,561,1227.6,781,1458,,,,0,0,0,0,0,0
0.02,Expected,ProjectedCoverageLLBI-exp,exp,false,FPP-Branch-Benders-ProjectedCoverageLLBI-exp,5,Optimal:5,82.756,77.55,87.22,82.67659376,77.47267943,87.1331649,0.0009602554619,0.0008588043427,0.0009970415216,8.29303593,6.7313992,10.4773914,949.6,249,2262,82.756,77.55,87.22,191.26,174.6,204.9,92.81022222,90.97444444,94.91888889,214.3044444,209.1888889,218.5444444,243.6,129,331,20,12,24,521.8,471,551,81775.8,71022,88697,156.6013685,150.71875,164.2537037,345.2,327,353,2.008391576,1.62103083,2.53997384,2.163233528,1.74734622,2.7197899,80.67459714,75.98582045,84.76667723,8067.459714,7598.582045,8476.667723,460,460,460,766.4,670,835,,,,0,0,0,0,0,0
0.02,Expected,ProjectedCoverageLLBI-exp,exp,true,FPP-Branch-Benders-ProjectedCoverageLLBI-exp-RootCuts,5,Optimal:5,82.756,77.55,87.22,82.67487255,77.47320868,87.13381065,0.0009803175098,0.0009632149407,0.0009902168923,7.851362966,6.20637493,12.23337342,855.2,165,1816,82.756,77.55,87.22,191.26,174.6,204.9,92.81022222,90.97444444,94.91888889,214.3044444,209.1888889,218.5444444,172,119,266,18.2,13,25,521.8,471,551,81775.8,71022,88697,156.6013685,150.71875,164.2537037,345.2,327,353,2.028131568,1.63325018,2.41513343,2.19259642,1.75813512,2.65462974,80.67459714,75.98582045,84.76667723,8067.459714,7598.582045,8476.667723,460,460,460,730.2,658,803,,,,0,0,0,0,0,0
0.02,Expected,ProjectedCoverageLLBI-poly,poly,false,FPP-Branch-Benders-ProjectedCoverageLLBI-poly,5,Optimal:5,82.756,77.55,87.22,82.6735178,77.47245469,87.13284355,0.0009967772211,0.0009862138498,0.0009999395229,141.306801,24.58512313,240.2218419,18892.2,2380,35901,82.756,77.55,87.22,191.26,174.6,204.9,92.81022222,90.97444444,94.91888889,214.3044444,209.1888889,218.5444444,2769.8,1388,4279,94.4,50,145,100,100,100,14041.8,12534,15564,140.418,125.34,155.64,345.2,327,353,0,0,0,0,0,0,0,0,0,0,0,0,460,460,460,2870.8,1489,4380,,,,0,0,0,0,0,0
0.02,Expected,ProjectedCoverageLLBI-poly,poly,true,FPP-Branch-Benders-ProjectedCoverageLLBI-poly-RootCuts,5,Optimal:5,82.756,77.55,87.22,82.6735664,77.47255322,87.13284384,0.0009961709884,0.000986128169,0.0009992680578,56.46007723,20.42504679,97.65178937,12695.4,2370,32097,82.756,77.55,87.22,191.26,174.6,204.9,92.81022222,90.97444444,94.91888889,214.3044444,209.1888889,218.5444444,1950,926,3605,67.8,33,109,100,100,100,14041.8,12534,15564,140.418,125.34,155.64,345.2,327,353,0,0,0,0,0,0,0,0,0,0,0,0,460,460,460,2117,1094,3782,,,,0,0,0,0,0,0
0.02,Expected,ProjectedPathLLBI-exp,exp,false,FPP-Branch-Benders-ProjectedPathLLBI-exp,5,Optimal:5,82.756,77.55,87.22,82.68363635,77.47612561,87.14092953,0.0008764675207,0.0006767224178,0.0009958732119,5.084199776,3.56225946,7.3776145,427.6,88,735,82.756,77.55,87.22,191.26,174.6,204.9,92.81022222,90.97444444,94.91888889,214.3044444,209.1888889,218.5444444,128.6,81,169,17.8,16,21,518.6,458,550,81188.6,69257,86925,156.4479917,151.2161572,161.6826004,345.2,327,353,0.57627808,0.48850175,0.63195422,0.752742264,0.62358875,0.84324559,81.06316542,76.16977786,85.15044981,8106.316542,7616.977786,8515.044981,460,460,460,648.2,584,712,,,,0,0,0,0,0,0
0.02,Expected,ProjectedPathLLBI-exp,exp,true,FPP-Branch-Benders-ProjectedPathLLBI-exp-RootCuts,5,Optimal:5,82.756,77.55,87.22,82.68291051,77.47736842,87.13412009,0.0008841029116,0.0006767224178,0.0009846355194,4.42885381,3.04329976,7.61141528,409.2,88,762,82.756,77.55,87.22,191.26,174.6,204.9,92.81022222,90.97444444,94.91888889,214.3044444,209.1888889,218.5444444,127.6,96,170,17.4,16,19,518.6,458,550,81188.6,69257,86925,156.4479917,151.2161572,161.6826004,345.2,327,353,0.458656966,0.26126617,0.62988275,0.59576975,0.34111474,0.82040709,81.06316542,76.16977786,85.15044981,8106.316542,7616.977786,8515.044981,460,460,460,657.6,591,723,,,,0,0,0,0,0,0
0.02,Expected,ProjectedPathLLBI-poly,poly,false,FPP-Branch-Benders-ProjectedPathLLBI-poly,5,Optimal:5,82.756,77.55,87.22,82.67332659,77.47249063,87.13285054,0.0009990042322,0.0009981653255,0.0009994760799,61.25818047,39.74613615,95.8682449,15850.8,4041,30403,82.756,77.55,87.22,191.26,174.6,204.9,92.81022222,90.97444444,94.91888889,214.3044444,209.1888889,218.5444444,2625.8,1590,3776,88.6,49,129,100,100,100,14041.8,12534,15564,140.418,125.34,155.64,345.2,327,353,0,0,0,0,0,0,0,0,0,0,0,0,460,460,460,2726.8,1691,3877,,,,0,0,0,0,0,0
0.02,Expected,ProjectedPathLLBI-poly,poly,true,FPP-Branch-Benders-ProjectedPathLLBI-poly-RootCuts,5,Optimal:5,82.756,77.55,87.22,82.67379071,77.47248019,87.13305847,0.0009935001759,0.0009832488263,0.0009996107028,41.73183062,26.20974834,64.7993204,11802.2,3301,26090,82.756,77.55,87.22,191.26,174.6,204.9,92.81022222,90.97444444,94.91888889,214.3044444,209.1888889,218.5444444,1947.8,1558,2787,69,52,93,100,100,100,14041.8,12534,15564,140.418,125.34,155.64,345.2,327,353,0,0,0,0,0,0,0,0,0,0,0,0,460,460,460,2112.2,1722,2962,,,,0,0,0,0,0,0
0.02,MeanCVaR,ProjectedCoverageLLBI-exp,exp,false,FPP-Branch-Benders-MeanCVaR-ProjectedCoverageLLBI-exp,5,Feasible:3;Optimal:2,126.805,117.83,133.96,124.9222706,117.7123121,131.8384166,0.01436875372,0.0009983497182,0.04137667595,254.9400523,182.0209091,302.1798388,72668.6,57015,92382,87.81,80.76,92.62,165.8,154.9,175.3,94.00777778,92.21666667,96.06,215.7866667,210.2,221.0444444,829.2,233,1389,48.2,24,66,422,397,463,73005,65619,79902,173.0626041,165.062635,181.1836735,345.2,327,353,1.851766688,1.7007807,2.20430392,2.003400064,1.84006834,2.41071704,112.7907239,105.2872674,118.309023,11279.07239,10528.72674,11830.9023,561,561,561,1352.2,742,1953,,,,0,0,0,0,0,0
0.02,MeanCVaR,ProjectedCoverageLLBI-exp,exp,true,FPP-Branch-Benders-MeanCVaR-ProjectedCoverageLLBI-exp-RootCuts,5,Feasible:4;Optimal:1,126.805,117.83,133.96,124.9719827,117.712818,133.3579843,0.01414976204,0.0009945001273,0.0370652915,270.712878,145.1059916,302.2621381,86709.4,49752,137307,87.81,80.76,92.62,165.8,154.9,175.3,94.00777778,92.21666667,96.06,215.7866667,210.2,221.0444444,872.6,421,1542,52.6,28,78,422,397,463,73005,65619,79902,173.0626041,165.062635,181.1836735,345.2,327,353,1.759906902,1.63507728,1.90754965,1.906671614,1.77009439,2.04171221,112.7907239,105.2872674,118.309023,11279.07239,10528.72674,11830.9023,561,561,561,1431.2,962,2148,,,,0,0,0,0,0,0
0.02,MeanCVaR,ProjectedCoverageLLBI-poly,poly,false,FPP-Branch-Benders-MeanCVaR-ProjectedCoverageLLBI-poly,5,Feasible:5,127.125,117.83,134.215,120.5567485,113.9337561,127.1183839,0.05122925751,0.03241993662,0.07376987915,300.5330358,300.4488908,300.6173041,88730.2,63651,129392,87.47,80.76,92,166.78,154.9,176.6,93.38777778,91.82444444,96.06,214.7022222,210.2,219.7333333,2624.2,1442,4431,78,45,117,100,100,100,14041.8,12534,15564,140.418,125.34,155.64,345.2,327,353,0,0,0,0,0,0,0,0,0,0,0,0,561,561,561,2825.2,1643,4632,,,,0,0,0,0,0,0
0.02,MeanCVaR,ProjectedCoverageLLBI-poly,poly,true,FPP-Branch-Benders-MeanCVaR-ProjectedCoverageLLBI-poly-RootCuts,5,Feasible:5,126.897,117.83,134.1,122.2030729,114.8720281,128.0234325,0.03642850932,0.005745563099,0.05649258209,300.5756262,300.4319378,300.631596,99229.4,46759,151369,87.754,80.76,92.62,166.04,154.9,176.2,93.92933333,91.82444444,96.06,216.1733333,210.2,221.0444444,2523.4,1305,4044,82.8,51,117,100,100,100,14041.8,12534,15564,140.418,125.34,155.64,345.2,327,353,0,0,0,0,0,0,0,0,0,0,0,0,561,561,561,2788.6,1563,4314,,,,0,0,0,0,0,0
0.02,MeanCVaR,ProjectedPathLLBI-exp,exp,false,FPP-Branch-Benders-MeanCVaR-ProjectedPathLLBI-exp,5,Feasible:2;Optimal:3,126.805,117.83,133.96,125.6710181,117.7122897,133.5064258,0.008571102199,0.0009989838751,0.03596977546,211.2659508,96.28650266,300.895663,73236.8,34755,112841,87.81,80.76,92.62,165.8,154.9,175.3,94.00777778,92.21666667,96.06,215.7866667,210.2,221.0444444,683.2,67,1200,42,15,62,422.6,389,452,73195.8,65076,77859,173.2774935,166.7282851,180.1868687,345.2,327,353,0.498215338,0.45092448,0.55099642,0.632345012,0.56124966,0.68023909,113.3144805,105.5612857,118.9958011,11331.44805,10556.12857,11899.58011,561,561,561,1206.8,620,1728,,,,0,0,0,0,0,0
0.02,MeanCVaR,ProjectedPathLLBI-exp,exp,true,FPP-Branch-Benders-MeanCVaR-ProjectedPathLLBI-exp-RootCuts,5,Feasible:2;Optimal:3,126.86,117.83,134.235,125.8876318,117.7122063,133.5064258,0.007303992818,0.0009991431274,0.03223703192,188.2124576,91.94519891,300.7597214,73771.2,30121,112841,88.04,80.76,93.77,165.68,154.9,175,94.83911111,92.21666667,97.49111111,215.6088889,210.2,221.0444444,623.8,74,1090,42,18,56,422.6,389,452,73195.8,65076,77859,173.2774935,166.7282851,180.1868687,345.2,327,353,0.44617764,0.27006195,0.57620542,0.574128874,0.33312203,0.77530931,113.3144805,105.5612857,118.9958011,11331.44805,10556.12857,11899.58011,561,561,561,1154.6,641,1620,,,,0,0,0,0,0,0
0.02,MeanCVaR,ProjectedPathLLBI-poly,poly,false,FPP-Branch-Benders-MeanCVaR-ProjectedPathLLBI-poly,5,Feasible:5,126.982,117.83,133.96,121.8219014,114.8236016,129.2332614,0.04032473399,0.01859844369,0.0636963216,300.5510152,300.4502887,300.7453423,99869.2,45291,121205,87.684,80.76,92.62,166.28,154.9,175.3,93.41622222,92.01444444,96.06,214.3444445,210.2,219.8777778,2332.4,1763,3341,73.8,59,93,100,100,100,14041.8,12534,15564,140.418,125.34,155.64,345.2,327,353,0,0,0,0,0,0,0,0,0,0,0,0,561,561,561,2533.4,1964,3542,,,,0,0,0,0,0,0
0.02,MeanCVaR,ProjectedPathLLBI-poly,poly,true,FPP-Branch-Benders-MeanCVaR-ProjectedPathLLBI-poly-RootCuts,5,Feasible:5,127.065,117.83,133.96,122.8160813,115.6079355,130.6534831,0.03325850125,0.01396413804,0.06048000423,300.541783,300.4179588,300.7008118,106894,60982,144105,87.87,80.76,92.62,166.26,154.9,175.3,94.61555556,92.21666667,98.01111111,216.2622222,210.2,223.4222222,2260.2,1316,4027,76.8,50,116,100,100,100,14041.8,12534,15564,140.418,125.34,155.64,345.2,327,353,0,0,0,0,0,0,0,0,0,0,0,0,561,561,561,2522.6,1572,4293,,,,0,0,0,0,0,0
