alpha,objective_family,projected_variant,projected_llbi_strategy,use_root_cuts,method,completed_rows,status_counts,avg_objective_metric,min_objective_metric,max_objective_metric,avg_best_bound,min_best_bound,max_best_bound,avg_gap_metric,min_gap_metric,max_gap_metric,avg_runtime_metric,min_runtime_metric,max_runtime_metric,avg_explored_nodes,min_explored_nodes,max_explored_nodes,avg_train_expected_burned_area,min_train_expected_burned_area,max_train_expected_burned_area,avg_test_expected_burned_area,min_test_expected_burned_area,max_test_expected_burned_area,avg_train_worst10_metric,min_train_worst10_metric,max_train_worst10_metric,avg_test_worst10_metric,min_test_worst10_metric,max_test_worst10_metric
0.01,CVaR,ProjectedCoverageLLBI-exp,exp,false,FPP-Branch-Benders-CVaR-ProjectedCoverageLLBI-exp,5,Optimal:5,223.88,214.3,234.3,223.6690253,214.0886381,234.0988649,0.0009432226767,0.0008584512591,0.0009961301327,8.245294632,4.89383706,13.04775579,1949.4,1245,2765,111.514,100.83,118.66,113.5306667,111.2244444,116.59,223.88,214.3,234.3,256.9022222,246.4888889,265.1888889
0.01,CVaR,ProjectedCoverageLLBI-exp,exp,true,FPP-Branch-Benders-CVaR-ProjectedCoverageLLBI-exp-RootCuts,5,Optimal:5,223.88,214.3,234.3,223.6822556,214.1074038,234.0951115,0.0008839243435,0.000704994469,0.0009816577681,6.808923122,4.4789783,8.85402653,1943.8,1231,2678,111.514,100.83,118.66,113.5306667,111.2244444,116.59,223.88,214.3,234.3,256.9022222,246.4888889,265.1888889
0.01,CVaR,ProjectedCoverageLLBI-poly,poly,false,FPP-Branch-Benders-CVaR-ProjectedCoverageLLBI-poly,5,Optimal:5,223.88,214.3,234.3,223.6739707,214.0889382,234.0748651,0.0009211255032,0.0007442202188,0.0009848895007,6.480697782,4.48672452,8.20435193,2365,1333,3183,111.514,100.83,118.66,113.5306667,111.2244444,116.59,223.88,214.3,234.3,256.9022222,246.4888889,265.1888889
0.01,CVaR,ProjectedCoverageLLBI-poly,poly,true,FPP-Branch-Benders-CVaR-ProjectedCoverageLLBI-poly-RootCuts,5,Optimal:5,223.88,214.3,234.3,223.668574,214.1008851,234.0791416,0.0009443730855,0.0009291409706,0.0009642640314,6.288929624,5.01606659,8.76544301,2541.8,1774,3301,111.514,100.83,118.66,113.5306667,111.2244444,116.59,223.88,214.3,234.3,256.9022222,246.4888889,265.1888889
0.01,CVaR,ProjectedPathLLBI-exp,exp,false,FPP-Branch-Benders-CVaR-ProjectedPathLLBI-exp,5,Optimal:5,223.88,214.3,234.3,223.6897222,214.1204039,234.083922,0.0008502275599,0.0006306874779,0.0009727600555,5.133058392,2.82984306,7.52625299,1710.2,856,2994,111.514,100.83,118.66,113.5306667,111.2244444,116.59,223.88,214.3,234.3,256.9022222,246.4888889,265.1888889
0.01,CVaR,ProjectedPathLLBI-exp,exp,true,FPP-Branch-Benders-CVaR-ProjectedPathLLBI-exp-RootCuts,5,Optimal:5,223.88,214.3,234.3,223.6891032,214.1038214,234.083922,0.0008532323405,0.0006306874779,0.0009222279983,5.394475024,3.27983573,8.34083789,1789.6,856,2994,111.514,100.83,118.66,113.5306667,111.2244444,116.59,223.88,214.3,234.3,256.9022222,246.4888889,265.1888889
0.01,CVaR,ProjectedPathLLBI-poly,poly,false,FPP-Branch-Benders-CVaR-ProjectedPathLLBI-poly,5,Optimal:5,223.88,214.3,234.3,223.6694593,214.0881987,234.0704256,0.0009403160436,0.0008314916372,0.0009883401307,5.66927272,4.87979561,6.81008337,2180.4,1048,3528,111.514,100.83,118.66,113.5306667,111.2244444,116.59,223.88,214.3,234.3,256.9022222,246.4888889,265.1888889
0.01,CVaR,ProjectedPathLLBI-poly,poly,true,FPP-Branch-Benders-CVaR-ProjectedPathLLBI-poly-RootCuts,5,Optimal:5,223.88,214.3,234.3,223.6632895,214.0933333,234.0718749,0.0009678610363,0.0009464928228,0.0009965623009,5.695836728,4.58330367,7.99876426,2047.6,1401,2278,111.514,100.83,118.66,113.5306667,111.2244444,116.59,223.88,214.3,234.3,256.9022222,246.4888889,265.1888889
0.01,Expected,ProjectedCoverageLLBI-exp,exp,false,FPP-Branch-Benders-ProjectedCoverageLLBI-exp,5,Optimal:5,105.446,97.12,110.94,105.3694443,97.03285714,110.8536252,0.0007295133086,0.0005164209386,0.0008972699753,3.437443002,2.35372578,4.75694703,43,3,178,105.446,97.12,110.94,108.346,105.4188889,112.5233333,247.96,238.4,259.7,252.8266667,247.6777778,261.7
0.01,Expected,ProjectedCoverageLLBI-exp,exp,true,FPP-Branch-Benders-ProjectedCoverageLLBI-exp-RootCuts,5,Optimal:5,105.446,97.12,110.94,105.3740015,97.05425714,110.8306072,0.0006844579551,0.000213383213,0.0009860535425,3.402037412,2.62150595,4.81883235,27.6,0,107,105.446,97.12,110.94,108.346,105.4188889,112.5233333,247.96,238.4,259.7,252.8266667,247.6777778,261.7
0.01,Expected,ProjectedCoverageLLBI-poly,poly,false,FPP-Branch-Benders-ProjectedCoverageLLBI-poly,5,Optimal:5,105.446,97.12,110.94,105.3766725,97.02646747,110.8372014,0.0006657279574,0,0.0009630614703,2.960101154,0.97866643,4.35664018,82,46,176,105.446,97.12,110.94,108.346,105.4188889,112.5233333,247.96,238.4,259.7,252.8266667,247.6777778,261.7
0.01,Expected,ProjectedCoverageLLBI-poly,poly,true,FPP-Branch-Benders-ProjectedCoverageLLBI-poly-RootCuts,5,Optimal:5,105.446,97.12,110.94,105.3669277,97.11,110.8540219,0.0007391261337,0.0001029654036,0.0009923243729,2.970601752,2.31390947,4.75148948,47.8,16,118,105.446,97.12,110.94,108.346,105.4188889,112.5233333,247.96,238.4,259.7,252.8266667,247.6777778,261.7
0.01,Expected,ProjectedPathLLBI-exp,exp,false,FPP-Branch-Benders-ProjectedPathLLBI-exp,5,Optimal:5,105.446,97.12,110.94,105.3906674,97.0550839,110.83,0.0005254992954,0,0.0009915269515,1.800885718,1.2361964,2.94957411,14.4,0,49,105.446,97.12,110.94,108.346,105.4188889,112.5233333,247.96,238.4,259.7,252.8266667,247.6777778,261.7
0.01,Expected,ProjectedPathLLBI-exp,exp,true,FPP-Branch-Benders-ProjectedPathLLBI-exp-RootCuts,5,Optimal:5,105.446,97.12,110.94,105.3906674,97.0550839,110.83,0.0005254992954,0,0.0009915269515,2.2948313,1.33178902,3.24460884,14.4,0,49,105.446,97.12,110.94,108.346,105.4188889,112.5233333,247.96,238.4,259.7,252.8266667,247.6777778,261.7
0.01,Expected,ProjectedPathLLBI-poly,poly,false,FPP-Branch-Benders-ProjectedPathLLBI-poly,5,Optimal:5,105.446,97.12,110.94,105.4016961,97.09590771,110.94,0.0004283308564,0,0.0009959278751,3.202466572,2.61032548,5.05687851,72.4,31,156,105.446,97.12,110.94,108.346,105.4188889,112.5233333,247.96,238.4,259.7,252.8266667,247.6777778,261.7
0.01,Expected,ProjectedPathLLBI-poly,poly,true,FPP-Branch-Benders-ProjectedPathLLBI-poly-RootCuts,5,Optimal:5,105.448,97.12,110.95,105.3737477,97.03393628,110.8395847,0.0007087471793,0.0002246331227,0.0009951805318,2.985768252,2.19653416,4.33693425,37,14,95,105.448,97.12,110.95,108.814,106.6788889,112.5233333,248.68,238.4,263.3,254.2466667,247.6777778,261.7
0.01,MeanCVaR,ProjectedCoverageLLBI-exp,exp,false,FPP-Branch-Benders-MeanCVaR-ProjectedCoverageLLBI-exp,5,Optimal:5,166.888,157.565,174.72,166.7286038,157.4110766,174.5597482,0.0009558857392,0.000917192136,0.0009768883953,5.83591851,4.46933415,7.72969624,1253.8,455,1899,108.216,100.83,117.57,111.9693333,110.3222222,115.8411111,225.56,214.3,238.1,253.8266667,246.4888889,265.1888889
0.01,MeanCVaR,ProjectedCoverageLLBI-exp,exp,true,FPP-Branch-Benders-MeanCVaR-ProjectedCoverageLLBI-exp-RootCuts,5,Optimal:5,166.888,157.565,174.72,166.738714,157.4078751,174.5603984,0.0008950627461,0.0006388547823,0.0009972066766,6.782277898,5.57291626,9.91166713,1449.8,458,1912,108.216,100.83,117.57,111.9693333,110.3222222,115.8411111,225.56,214.3,238.1,253.8266667,246.4888889,265.1888889
0.01,MeanCVaR,ProjectedCoverageLLBI-poly,poly,false,FPP-Branch-Benders-MeanCVaR-ProjectedCoverageLLBI-poly,5,Optimal:5,166.888,157.565,174.72,166.7256755,157.4126822,174.5559865,0.0009729409079,0.0009387219551,0.000999756338,5.257673228,2.7052876,8.17545965,1841.8,513,2693,108.216,100.83,117.57,111.9693333,110.3222222,115.8411111,225.56,214.3,238.1,253.8266667,246.4888889,265.1888889
0.01,MeanCVaR,ProjectedCoverageLLBI-poly,poly,true,FPP-Branch-Benders-MeanCVaR-ProjectedCoverageLLBI-poly-RootCuts,5,Optimal:5,166.888,157.565,174.72,166.7314334,157.4146999,174.5566957,0.0009378880691,0.0008967695091,0.0009844949288,6.943079726,3.82955151,12.18248962,1633.2,345,3084,108.216,100.83,117.57,111.9693333,110.3222222,115.8411111,225.56,214.3,238.1,253.8266667,246.4888889,265.1888889
0.01,MeanCVaR,ProjectedPathLLBI-exp,exp,false,FPP-Branch-Benders-MeanCVaR-ProjectedPathLLBI-exp,5,Optimal:5,166.888,157.565,174.72,166.7346063,157.4223479,174.5520445,0.0009198221124,0.0007879049325,0.0009832921843,4.337713972,2.45086812,6.03956372,1223,599,1615,108.216,100.83,117.57,111.9693333,110.3222222,115.8411111,225.56,214.3,238.1,253.8266667,246.4888889,265.1888889
0.01,MeanCVaR,ProjectedPathLLBI-exp,exp,true,FPP-Branch-Benders-MeanCVaR-ProjectedPathLLBI-exp-RootCuts,5,Optimal:5,166.888,157.565,174.72,166.7346063,157.4223479,174.5520445,0.0009198221124,0.0007879049325,0.0009832921843,3.796081548,2.56550687,4.40520833,1223,599,1615,108.216,100.83,117.57,111.9693333,110.3222222,115.8411111,225.56,214.3,238.1,253.8266667,246.4888889,265.1888889
0.01,MeanCVaR,ProjectedPathLLBI-poly,poly,false,FPP-Branch-Benders-MeanCVaR-ProjectedPathLLBI-poly,5,Optimal:5,166.888,157.565,174.72,166.7308109,157.4142711,174.5472689,0.0009429481185,0.0007943864536,0.0009886163576,6.295325024,3.37299141,9.87100481,1608,527,2192,108.216,100.83,117.57,111.9693333,110.3222222,115.8411111,225.56,214.3,238.1,253.8266667,246.4888889,265.1888889
0.01,MeanCVaR,ProjectedPathLLBI-poly,poly,true,FPP-Branch-Benders-MeanCVaR-ProjectedPathLLBI-poly-RootCuts,5,Optimal:5,166.888,157.565,174.72,166.7312291,157.4203739,174.5483184,0.0009390202578,0.0009097437513,0.000982610119,5.377019328,2.71090663,8.52467391,1324.2,435,1781,108.216,100.83,117.57,111.9693333,110.3222222,115.8411111,225.56,214.3,238.1,253.8266667,246.4888889,265.1888889
0.02,CVaR,ProjectedCoverageLLBI-exp,exp,false,FPP-Branch-Benders-CVaR-ProjectedCoverageLLBI-exp,5,Feasible:4;Optimal:1,165.82,154.6,175.3,159.4208409,152.615295,165.5122491,0.03733346121,0.0009968792367,0.06869741409,275.9509769,170.7456175,302.6633998,93577.6,82737,119041,89.67,81.25,97.51,95.048,93.22111111,97.36444444,165.82,154.6,175.3,216.7444444,210.9888889,221.4888889
0.02,CVaR,ProjectedCoverageLLBI-exp,exp,true,FPP-Branch-Benders-CVaR-ProjectedCoverageLLBI-exp-RootCuts,5,Feasible:4;Optimal:1,165.48,154.6,175.3,160.1273614,153.4648393,166.4953496,0.0311128331,0.0009981708926,0.07415132647,264.0813528,110.1884542,303.1193272,91133,58509,122925,89.296,81.25,97.51,94.92044444,93.22111111,97.36444444,165.48,154.6,175.3,216.36,210.2,221.4888889
0.02,CVaR,ProjectedCoverageLLBI-poly,poly,false,FPP-Branch-Benders-CVaR-ProjectedCoverageLLBI-poly,5,Feasible:5,165.68,154.6,175.3,156.0165078,147.2438053,161.8963042,0.05728155103,0.01833129897,0.07957426509,300.4949023,300.259853,300.7275049,151894.6,138223,184263,89.104,81.25,97.05,95.15911111,93.22111111,98.42,165.68,154.6,175.3,216.3133333,210.2,222.1888889
0.02,CVaR,ProjectedCoverageLLBI-poly,poly,true,FPP-Branch-Benders-CVaR-ProjectedCoverageLLBI-poly-RootCuts,5,Feasible:4;Optimal:1,165.48,154.6,175.3,157.8969633,147.0277617,164.0495601,0.04493428144,0.0009999593144,0.07078916406,286.6908057,231.9606139,300.5807901,151732,92135,193107,89.196,81.25,97.51,94.76244444,93.22111111,97.36444444,165.48,154.6,175.3,216.1733333,210.2,221.4888889
0.02,CVaR,ProjectedPathLLBI-exp,exp,false,FPP-Branch-Benders-CVaR-ProjectedPathLLBI-exp,5,Feasible:3;Optimal:2,165.74,154.6,175.6,161.1405215,154.4458911,167.0169432,0.02633660712,0.0009968232859,0.07546727118,241.1486737,98.67061897,301.036944,97013.4,53941,139272,89.306,81.25,97.05,95.22155556,93.22111111,98.42,165.74,154.6,175.6,216.14,210.2,222.1888889
0.02,CVaR,ProjectedPathLLBI-exp,exp,true,FPP-Branch-Benders-CVaR-ProjectedPathLLBI-exp-RootCuts,5,Feasible:3;Optimal:2,165.56,154.6,175.1,161.1531414,154.4454518,166.4971522,0.02538718982,0.0009986567846,0.05789444413,249.0025502,83.78569393,301.2632909,92184,51924,117325,89.334,81.25,97.05,95.99044444,93.22111111,98.42,165.56,154.6,175.1,216.1355556,210.2,222.1888889
0.02,CVaR,ProjectedPathLLBI-poly,poly,false,FPP-Branch-Benders-CVaR-ProjectedPathLLBI-poly,5,Feasible:4;Optimal:1,165.84,154.6,176.2,156.762451,147.2267436,163.6404473,0.05348976374,0.0009979774256,0.08525520505,293.5269219,265.5672657,300.7301227,153187.8,121705,206866,88.706,81.25,94.49,95.712,93.45555556,98.56111111,165.84,154.6,176.2,217.6022222,210.2,223.5444444
0.02,CVaR,ProjectedPathLLBI-poly,poly,true,FPP-Branch-Benders-CVaR-ProjectedPathLLBI-poly-RootCuts,5,Feasible:4;Optimal:1,166.06,154.6,175.6,157.9291823,147.4178246,163.8189718,0.04802922935,0.0009989531048,0.07393163001,286.3587174,229.6242756,300.7188404,135590.8,118566,153705,88.874,81.25,94.49,95.14444445,93.45555556,97.36444444,166.06,154.6,175.6,215.7977778,210.2,219.0111111
0.02,Expected,ProjectedCoverageLLBI-exp,exp,false,FPP-Branch-Benders-ProjectedCoverageLLBI-exp,5,Optimal:5,82.756,77.55,87.22,82.67659376,77.47267943,87.1331649,0.0009602554619,0.0008588043427,0.0009970415216,8.29303593,6.7313992,10.4773914,949.6,249,2262,82.756,77.55,87.22,92.81022222,90.97444444,94.91888889,191.26,174.6,204.9,214.3044444,209.1888889,218.5444444
0.02,Expected,ProjectedCoverageLLBI-exp,exp,true,FPP-Branch-Benders-ProjectedCoverageLLBI-exp-RootCuts,5,Optimal:5,82.756,77.55,87.22,82.67487255,77.47320868,87.13381065,0.0009803175098,0.0009632149407,0.0009902168923,7.851362966,6.20637493,12.23337342,855.2,165,1816,82.756,77.55,87.22,92.81022222,90.97444444,94.91888889,191.26,174.6,204.9,214.3044444,209.1888889,218.5444444
0.02,Expected,ProjectedCoverageLLBI-poly,poly,false,FPP-Branch-Benders-ProjectedCoverageLLBI-poly,5,Optimal:5,82.756,77.55,87.22,82.6735178,77.47245469,87.13284355,0.0009967772211,0.0009862138498,0.0009999395229,141.306801,24.58512313,240.2218419,18892.2,2380,35901,82.756,77.55,87.22,92.81022222,90.97444444,94.91888889,191.26,174.6,204.9,214.3044444,209.1888889,218.5444444
0.02,Expected,ProjectedCoverageLLBI-poly,poly,true,FPP-Branch-Benders-ProjectedCoverageLLBI-poly-RootCuts,5,Optimal:5,82.756,77.55,87.22,82.6735664,77.47255322,87.13284384,0.0009961709884,0.000986128169,0.0009992680578,56.46007723,20.42504679,97.65178937,12695.4,2370,32097,82.756,77.55,87.22,92.81022222,90.97444444,94.91888889,191.26,174.6,204.9,214.3044444,209.1888889,218.5444444
0.02,Expected,ProjectedPathLLBI-exp,exp,false,FPP-Branch-Benders-ProjectedPathLLBI-exp,5,Optimal:5,82.756,77.55,87.22,82.68363635,77.47612561,87.14092953,0.0008764675207,0.0006767224178,0.0009958732119,5.084199776,3.56225946,7.3776145,427.6,88,735,82.756,77.55,87.22,92.81022222,90.97444444,94.91888889,191.26,174.6,204.9,214.3044444,209.1888889,218.5444444
0.02,Expected,ProjectedPathLLBI-exp,exp,true,FPP-Branch-Benders-ProjectedPathLLBI-exp-RootCuts,5,Optimal:5,82.756,77.55,87.22,82.68291051,77.47736842,87.13412009,0.0008841029116,0.0006767224178,0.0009846355194,4.42885381,3.04329976,7.61141528,409.2,88,762,82.756,77.55,87.22,92.81022222,90.97444444,94.91888889,191.26,174.6,204.9,214.3044444,209.1888889,218.5444444
0.02,Expected,ProjectedPathLLBI-poly,poly,false,FPP-Branch-Benders-ProjectedPathLLBI-poly,5,Optimal:5,82.756,77.55,87.22,82.67332659,77.47249063,87.13285054,0.0009990042322,0.0009981653255,0.0009994760799,61.25818047,39.74613615,95.8682449,15850.8,4041,30403,82.756,77.55,87.22,92.81022222,90.97444444,94.91888889,191.26,174.6,204.9,214.3044444,209.1888889,218.5444444
0.02,Expected,ProjectedPathLLBI-poly,poly,true,FPP-Branch-Benders-ProjectedPathLLBI-poly-RootCuts,5,Optimal:5,82.756,77.55,87.22,82.67379071,77.47248019,87.13305847,0.0009935001759,0.0009832488263,0.0009996107028,41.73183062,26.20974834,64.7993204,11802.2,3301,26090,82.756,77.55,87.22,92.81022222,90.97444444,94.91888889,191.26,174.6,204.9,214.3044444,209.1888889,218.5444444
0.02,MeanCVaR,ProjectedCoverageLLBI-exp,exp,false,FPP-Branch-Benders-MeanCVaR-ProjectedCoverageLLBI-exp,5,Feasible:3;Optimal:2,126.805,117.83,133.96,124.9222706,117.7123121,131.8384166,0.01436875372,0.0009983497182,0.04137667595,254.9400523,182.0209091,302.1798388,72668.6,57015,92382,87.81,80.76,92.62,94.00777778,92.21666667,96.06,165.8,154.9,175.3,215.7866667,210.2,221.0444444
0.02,MeanCVaR,ProjectedCoverageLLBI-exp,exp,true,FPP-Branch-Benders-MeanCVaR-ProjectedCoverageLLBI-exp-RootCuts,5,Feasible:4;Optimal:1,126.805,117.83,133.96,124.9719827,117.712818,133.3579843,0.01414976204,0.0009945001273,0.0370652915,270.712878,145.1059916,302.2621381,86709.4,49752,137307,87.81,80.76,92.62,94.00777778,92.21666667,96.06,165.8,154.9,175.3,215.7866667,210.2,221.0444444
0.02,MeanCVaR,ProjectedCoverageLLBI-poly,poly,false,FPP-Branch-Benders-MeanCVaR-ProjectedCoverageLLBI-poly,5,Feasible:5,127.125,117.83,134.215,120.5567485,113.9337561,127.1183839,0.05122925751,0.03241993662,0.07376987915,300.5330358,300.4488908,300.6173041,88730.2,63651,129392,87.47,80.76,92,93.38777778,91.82444444,96.06,166.78,154.9,176.6,214.7022222,210.2,219.7333333
0.02,MeanCVaR,ProjectedCoverageLLBI-poly,poly,true,FPP-Branch-Benders-MeanCVaR-ProjectedCoverageLLBI-poly-RootCuts,5,Feasible:5,126.897,117.83,134.1,122.2030729,114.8720281,128.0234325,0.03642850932,0.005745563099,0.05649258209,300.5756262,300.4319378,300.631596,99229.4,46759,151369,87.754,80.76,92.62,93.92933333,91.82444444,96.06,166.04,154.9,176.2,216.1733333,210.2,221.0444444
0.02,MeanCVaR,ProjectedPathLLBI-exp,exp,false,FPP-Branch-Benders-MeanCVaR-ProjectedPathLLBI-exp,5,Feasible:2;Optimal:3,126.805,117.83,133.96,125.6710181,117.7122897,133.5064258,0.008571102199,0.0009989838751,0.03596977546,211.2659508,96.28650266,300.895663,73236.8,34755,112841,87.81,80.76,92.62,94.00777778,92.21666667,96.06,165.8,154.9,175.3,215.7866667,210.2,221.0444444
0.02,MeanCVaR,ProjectedPathLLBI-exp,exp,true,FPP-Branch-Benders-MeanCVaR-ProjectedPathLLBI-exp-RootCuts,5,Feasible:2;Optimal:3,126.86,117.83,134.235,125.8876318,117.7122063,133.5064258,0.007303992818,0.0009991431274,0.03223703192,188.2124576,91.94519891,300.7597214,73771.2,30121,112841,88.04,80.76,93.77,94.83911111,92.21666667,97.49111111,165.68,154.9,175,215.6088889,210.2,221.0444444
0.02,MeanCVaR,ProjectedPathLLBI-poly,poly,false,FPP-Branch-Benders-MeanCVaR-ProjectedPathLLBI-poly,5,Feasible:5,126.982,117.83,133.96,121.8219014,114.8236016,129.2332614,0.04032473399,0.01859844369,0.0636963216,300.5510152,300.4502887,300.7453423,99869.2,45291,121205,87.684,80.76,92.62,93.41622222,92.01444444,96.06,166.28,154.9,175.3,214.3444445,210.2,219.8777778
0.02,MeanCVaR,ProjectedPathLLBI-poly,poly,true,FPP-Branch-Benders-MeanCVaR-ProjectedPathLLBI-poly-RootCuts,5,Feasible:5,127.065,117.83,133.96,122.8160813,115.6079355,130.6534831,0.03325850125,0.01396413804,0.06048000423,300.541783,300.4179588,300.7008118,106894,60982,144105,87.87,80.76,92.62,94.61555556,92.21666667,98.01111111,166.26,154.9,175.3,216.2622222,210.2,223.4222222
