alpha,objective_family,projected_variant,projected_llbi_strategy,use_root_cuts,method,completed_rows,status_counts,avg_branch_benders_lazy_cuts_added,min_branch_benders_lazy_cuts_added,max_branch_benders_lazy_cuts_added,avg_branch_benders_candidate_incumbents_checked,min_branch_benders_candidate_incumbents_checked,max_branch_benders_candidate_incumbents_checked,avg_projected_llbi_cuts_added,min_projected_llbi_cuts_added,max_projected_llbi_cuts_added,avg_projected_llbi_coverage_cuts_added,min_projected_llbi_coverage_cuts_added,max_projected_llbi_coverage_cuts_added,avg_projected_llbi_path_cuts_added,min_projected_llbi_path_cuts_added,max_projected_llbi_path_cuts_added,avg_projected_llbi_total_nonzeros,min_projected_llbi_total_nonzeros,max_projected_llbi_total_nonzeros,avg_projected_llbi_avg_nonzeros_per_cut,min_projected_llbi_avg_nonzeros_per_cut,max_projected_llbi_avg_nonzeros_per_cut,avg_projected_llbi_max_nonzeros_per_cut,min_projected_llbi_max_nonzeros_per_cut,max_projected_llbi_max_nonzeros_per_cut,avg_projected_llbi_separation_time_sec,min_projected_llbi_separation_time_sec,max_projected_llbi_separation_time_sec,avg_projected_llbi_total_time_sec,min_projected_llbi_total_time_sec,max_projected_llbi_total_time_sec,avg_projected_llbi_root_bound_improvement_abs,min_projected_llbi_root_bound_improvement_abs,max_projected_llbi_root_bound_improvement_abs,avg_projected_llbi_root_bound_improvement_pct,min_projected_llbi_root_bound_improvement_pct,max_projected_llbi_root_bound_improvement_pct
0.01,CVaR,ProjectedCoverageLLBI-exp,exp,false,FPP-Branch-Benders-CVaR-ProjectedCoverageLLBI-exp,5,Optimal:5,73.2,35,124,23,11,32,150.4,136,168,150.4,136,168,0,0,0,25938.4,22562,29825,172.3046115,160.7857143,180.2420382,345.2,327,353,1.481929212,1.18606594,2.08716213,1.558463272,1.25363866,2.17115035,200.3793813,191.3851373,207.705692,20037.93813,19138.51373,20770.5692
0.01,CVaR,ProjectedCoverageLLBI-exp,exp,true,FPP-Branch-Benders-CVaR-ProjectedCoverageLLBI-exp-RootCuts,5,Optimal:5,58.6,42,77,18.4,14,22,150.4,136,168,150.4,136,168,0,0,0,25938.4,22562,29825,172.3046115,160.7857143,180.2420382,345.2,327,353,1.372460638,1.15482966,1.7931761,1.455344092,1.21882534,1.91748617,200.3793813,191.3851373,207.705692,20037.93813,19138.51373,20770.5692
0.01,CVaR,ProjectedCoverageLLBI-poly,poly,false,FPP-Branch-Benders-CVaR-ProjectedCoverageLLBI-poly,5,Optimal:5,138.2,88,191,23.8,21,28,100,100,100,100,100,100,0,0,0,14041.8,12534,15564,140.418,125.34,155.64,345.2,327,353,0,0,0,0,0,0,0,0,0,0,0,0
0.01,CVaR,ProjectedCoverageLLBI-poly,poly,true,FPP-Branch-Benders-CVaR-ProjectedCoverageLLBI-poly-RootCuts,5,Optimal:5,119.8,71,155,23,19,28,100,100,100,100,100,100,0,0,0,14041.8,12534,15564,140.418,125.34,155.64,345.2,327,353,0,0,0,0,0,0,0,0,0,0,0,0
0.01,CVaR,ProjectedPathLLBI-exp,exp,false,FPP-Branch-Benders-CVaR-ProjectedPathLLBI-exp,5,Optimal:5,45,17,93,16,12,24,160.4,146,193,0,0,0,160.4,146,193,27935.2,23318,35397,173.463048,156.4966443,183.4041451,345.2,327,353,0.514559044,0.37867328,0.7790038,0.614722626,0.45018263,0.90575981,201.2116521,192.6615159,208.0886612,20121.16521,19266.15159,20808.86612
0.01,CVaR,ProjectedPathLLBI-exp,exp,true,FPP-Branch-Benders-CVaR-ProjectedPathLLBI-exp-RootCuts,5,Optimal:5,47,17,93,16.4,12,24,160.4,146,193,0,0,0,160.4,146,193,27935.2,23318,35397,173.463048,156.4966443,183.4041451,345.2,327,353,0.438404182,0.29515328,0.51315305,0.52679114,0.35112718,0.60024275,201.2116521,192.6615159,208.0886612,20121.16521,19266.15159,20808.86612
0.01,CVaR,ProjectedPathLLBI-poly,poly,false,FPP-Branch-Benders-CVaR-ProjectedPathLLBI-poly,5,Optimal:5,113,95,125,22.8,20,26,100,100,100,0,0,0,100,100,100,14041.8,12534,15564,140.418,125.34,155.64,345.2,327,353,0,0,0,0,0,0,0,0,0,0,0,0
0.01,CVaR,ProjectedPathLLBI-poly,poly,true,FPP-Branch-Benders-CVaR-ProjectedPathLLBI-poly-RootCuts,5,Optimal:5,81.4,41,136,18.4,14,23,100,100,100,0,0,0,100,100,100,14041.8,12534,15564,140.418,125.34,155.64,345.2,327,353,0,0,0,0,0,0,0,0,0,0,0,0
0.01,Expected,ProjectedCoverageLLBI-exp,exp,false,FPP-Branch-Benders-ProjectedCoverageLLBI-exp,5,Optimal:5,69.4,25,179,12.4,8,24,255,219,273,255,219,273,0,0,0,41667.6,33743,47548,162.9347675,154.0776256,175.4538745,345.2,327,353,1.589473442,1.15070597,1.92456015,1.66443208,1.20855855,2.00870157,104.598,96.62666667,110.3066667,10459.8,9662.666667,11030.66667
0.01,Expected,ProjectedCoverageLLBI-exp,exp,true,FPP-Branch-Benders-ProjectedCoverageLLBI-exp-RootCuts,5,Optimal:5,51.6,9,131,11.8,4,24,255,219,273,255,219,273,0,0,0,41667.6,33743,47548,162.9347675,154.0776256,175.4538745,345.2,327,353,1.544416248,1.12776343,1.84119077,1.628055546,1.18478463,1.96815207,104.598,96.62666667,110.3066667,10459.8,9662.666667,11030.66667
0.01,Expected,ProjectedCoverageLLBI-poly,poly,false,FPP-Branch-Benders-ProjectedCoverageLLBI-poly,5,Optimal:5,264.8,203,456,19.6,12,32,100,100,100,100,100,100,0,0,0,14041.8,12534,15564,140.418,125.34,155.64,345.2,327,353,0,0,0,0,0,0,0,0,0,0,0,0
0.01,Expected,ProjectedCoverageLLBI-poly,poly,true,FPP-Branch-Benders-ProjectedCoverageLLBI-poly-RootCuts,5,Optimal:5,190.4,126,372,16.6,11,28,100,100,100,100,100,100,0,0,0,14041.8,12534,15564,140.418,125.34,155.64,345.2,327,353,0,0,0,0,0,0,0,0,0,0,0,0
0.01,Expected,ProjectedPathLLBI-exp,exp,false,FPP-Branch-Benders-ProjectedPathLLBI-exp,5,Optimal:5,14.6,1,61,7.6,4,15,259.4,202,295,0,0,0,259.4,202,295,42875.6,30469,51853,164.1081678,150.8366337,175.7728814,345.2,327,353,0.482072422,0.33168335,0.65682376,0.565577408,0.38961581,0.78314423,105.0610667,96.79666667,110.6966667,10506.10667,9679.666667,11069.66667
0.01,Expected,ProjectedPathLLBI-exp,exp,true,FPP-Branch-Benders-ProjectedPathLLBI-exp-RootCuts,5,Optimal:5,14.6,1,61,7.6,4,15,259.4,202,295,0,0,0,259.4,202,295,42875.6,30469,51853,164.1081678,150.8366337,175.7728814,345.2,327,353,0.525534924,0.40663523,0.66885939,0.618105802,0.48279377,0.79645144,105.0610667,96.79666667,110.6966667,10506.10667,9679.666667,11069.66667
0.01,Expected,ProjectedPathLLBI-poly,poly,false,FPP-Branch-Benders-ProjectedPathLLBI-poly,5,Optimal:5,271.4,196,420,22.8,17,36,100,100,100,0,0,0,100,100,100,14041.8,12534,15564,140.418,125.34,155.64,345.2,327,353,0,0,0,0,0,0,0,0,0,0,0,0
0.01,Expected,ProjectedPathLLBI-poly,poly,true,FPP-Branch-Benders-ProjectedPathLLBI-poly-RootCuts,5,Optimal:5,144,100,279,16.6,13,29,100,100,100,0,0,0,100,100,100,14041.8,12534,15564,140.418,125.34,155.64,345.2,327,353,0,0,0,0,0,0,0,0,0,0,0,0
0.01,MeanCVaR,ProjectedCoverageLLBI-exp,exp,false,FPP-Branch-Benders-MeanCVaR-ProjectedCoverageLLBI-exp,5,Optimal:5,110.6,52,189,17,11,23,164.4,153,179,164.4,153,179,0,0,0,28708.4,24975,32168,174.4713337,158.0696203,184.124183,345.2,327,353,1.625392008,1.14429436,1.95951434,1.717232774,1.21083585,2.09360904,155.3120526,146.265609,162.1718398,15531.20526,14626.5609,16217.18398
0.01,MeanCVaR,ProjectedCoverageLLBI-exp,exp,true,FPP-Branch-Benders-MeanCVaR-ProjectedCoverageLLBI-exp-RootCuts,5,Optimal:5,98.6,42,165,17.2,10,25,164.4,153,179,164.4,153,179,0,0,0,28708.4,24975,32168,174.4713337,158.0696203,184.124183,345.2,327,353,1.779756882,1.64530801,1.98875875,1.890768992,1.7758081,2.08997281,155.3120526,146.265609,162.1718398,15531.20526,14626.5609,16217.18398
0.01,MeanCVaR,ProjectedCoverageLLBI-poly,poly,false,FPP-Branch-Benders-MeanCVaR-ProjectedCoverageLLBI-poly,5,Optimal:5,283.2,115,517,21.8,14,30,100,100,100,100,100,100,0,0,0,14041.8,12534,15564,140.418,125.34,155.64,345.2,327,353,0,0,0,0,0,0,0,0,0,0,0,0
0.01,MeanCVaR,ProjectedCoverageLLBI-poly,poly,true,FPP-Branch-Benders-MeanCVaR-ProjectedCoverageLLBI-poly-RootCuts,5,Optimal:5,196.2,66,422,18.8,10,35,100,100,100,100,100,100,0,0,0,14041.8,12534,15564,140.418,125.34,155.64,345.2,327,353,0,0,0,0,0,0,0,0,0,0,0,0
0.01,MeanCVaR,ProjectedPathLLBI-exp,exp,false,FPP-Branch-Benders-MeanCVaR-ProjectedPathLLBI-exp,5,Optimal:5,74,25,111,15.2,7,22,181.2,156,219,0,0,0,181.2,156,219,32077.4,26258,40274,176.1387109,159.1393939,185.3173077,345.2,327,353,0.52730261,0.422733,0.61843486,0.639409742,0.51685313,0.7727323,155.8585186,146.5082988,162.5845189,15585.85186,14650.82988,16258.45189
0.01,MeanCVaR,ProjectedPathLLBI-exp,exp,true,FPP-Branch-Benders-MeanCVaR-ProjectedPathLLBI-exp-RootCuts,5,Optimal:5,74,25,111,15.2,7,22,181.2,156,219,0,0,0,181.2,156,219,32077.4,26258,40274,176.1387109,159.1393939,185.3173077,345.2,327,353,0.514802174,0.31758114,0.63547476,0.62091853,0.37350621,0.75314322,155.8585186,146.5082988,162.5845189,15585.85186,14650.82988,16258.45189
0.01,MeanCVaR,ProjectedPathLLBI-poly,poly,false,FPP-Branch-Benders-MeanCVaR-ProjectedPathLLBI-poly,5,Optimal:5,213.4,100,281,21.4,18,30,100,100,100,0,0,0,100,100,100,14041.8,12534,15564,140.418,125.34,155.64,345.2,327,353,0,0,0,0,0,0,0,0,0,0,0,0
0.01,MeanCVaR,ProjectedPathLLBI-poly,poly,true,FPP-Branch-Benders-MeanCVaR-ProjectedPathLLBI-poly-RootCuts,5,Optimal:5,178.6,87,421,19.4,11,35,100,100,100,0,0,0,100,100,100,14041.8,12534,15564,140.418,125.34,155.64,345.2,327,353,0,0,0,0,0,0,0,0,0,0,0,0
0.02,CVaR,ProjectedCoverageLLBI-exp,exp,false,FPP-Branch-Benders-CVaR-ProjectedCoverageLLBI-exp,5,Feasible:4;Optimal:1,443.2,313,579,57.8,42,82,382.6,349,442,382.6,349,442,0,0,0,68788,58695,75608,179.9348544,168.1805158,189.4916667,345.2,327,353,1.904857756,1.64806399,2.17221595,2.04905451,1.78629235,2.35545076,138.7427051,130.7962741,145.3885673,13874.27051,13079.62741,14538.85673
0.02,CVaR,ProjectedCoverageLLBI-exp,exp,true,FPP-Branch-Benders-CVaR-ProjectedCoverageLLBI-exp-RootCuts,5,Feasible:4;Optimal:1,298.8,210,389,45.4,30,58,382.6,349,442,382.6,349,442,0,0,0,68788,58695,75608,179.9348544,168.1805158,189.4916667,345.2,327,353,2.092845974,1.5768434,2.59684987,2.256967452,1.6919003,2.79723519,138.7427051,130.7962741,145.3885673,13874.27051,13079.62741,14538.85673
0.02,CVaR,ProjectedCoverageLLBI-poly,poly,false,FPP-Branch-Benders-CVaR-ProjectedCoverageLLBI-poly,5,Feasible:5,1149.8,934,1492,82.6,66,121,100,100,100,100,100,100,0,0,0,14041.8,12534,15564,140.418,125.34,155.64,345.2,327,353,0,0,0,0,0,0,0,0,0,0,0,0
0.02,CVaR,ProjectedCoverageLLBI-poly,poly,true,FPP-Branch-Benders-CVaR-ProjectedCoverageLLBI-poly-RootCuts,5,Feasible:4;Optimal:1,869.2,671,1590,64.6,42,110,100,100,100,100,100,100,0,0,0,14041.8,12534,15564,140.418,125.34,155.64,345.2,327,353,0,0,0,0,0,0,0,0,0,0,0,0
0.02,CVaR,ProjectedPathLLBI-exp,exp,false,FPP-Branch-Benders-CVaR-ProjectedPathLLBI-exp,5,Feasible:3;Optimal:2,292.8,161,593,44.2,29,75,393.4,339,464,0,0,0,393.4,339,464,70959.4,57231,79374,180.4870643,168.8230089,189.9722222,345.2,327,353,0.551223454,0.50884135,0.58321173,0.692150134,0.64793057,0.73412614,139.4608557,131.2174778,146.5868233,13946.08557,13121.74778,14658.68233
0.02,CVaR,ProjectedPathLLBI-exp,exp,true,FPP-Branch-Benders-CVaR-ProjectedPathLLBI-exp-RootCuts,5,Feasible:3;Optimal:2,320.8,116,492,46,21,70,393.4,339,464,0,0,0,393.4,339,464,70959.4,57231,79374,180.4870643,168.8230089,189.9722222,345.2,327,353,0.601904106,0.46230598,0.71430762,0.778529422,0.55991673,0.93441147,139.4608557,131.2174778,146.5868233,13946.08557,13121.74778,14658.68233
0.02,CVaR,ProjectedPathLLBI-poly,poly,false,FPP-Branch-Benders-CVaR-ProjectedPathLLBI-poly,5,Feasible:4;Optimal:1,1131,760,1564,81.8,61,111,100,100,100,0,0,0,100,100,100,14041.8,12534,15564,140.418,125.34,155.64,345.2,327,353,0,0,0,0,0,0,0,0,0,0,0,0
0.02,CVaR,ProjectedPathLLBI-poly,poly,true,FPP-Branch-Benders-CVaR-ProjectedPathLLBI-poly-RootCuts,5,Feasible:4;Optimal:1,978.6,538,1208,73.8,53,91,100,100,100,0,0,0,100,100,100,14041.8,12534,15564,140.418,125.34,155.64,345.2,327,353,0,0,0,0,0,0,0,0,0,0,0,0
0.02,Expected,ProjectedCoverageLLBI-exp,exp,false,FPP-Branch-Benders-ProjectedCoverageLLBI-exp,5,Optimal:5,243.6,129,331,20,12,24,521.8,471,551,521.8,471,551,0,0,0,81775.8,71022,88697,156.6013685,150.71875,164.2537037,345.2,327,353,2.008391576,1.62103083,2.53997384,2.163233528,1.74734622,2.7197899,80.67459714,75.98582045,84.76667723,8067.459714,7598.582045,8476.667723
0.02,Expected,ProjectedCoverageLLBI-exp,exp,true,FPP-Branch-Benders-ProjectedCoverageLLBI-exp-RootCuts,5,Optimal:5,172,119,266,18.2,13,25,521.8,471,551,521.8,471,551,0,0,0,81775.8,71022,88697,156.6013685,150.71875,164.2537037,345.2,327,353,2.028131568,1.63325018,2.41513343,2.19259642,1.75813512,2.65462974,80.67459714,75.98582045,84.76667723,8067.459714,7598.582045,8476.667723
0.02,Expected,ProjectedCoverageLLBI-poly,poly,false,FPP-Branch-Benders-ProjectedCoverageLLBI-poly,5,Optimal:5,2769.8,1388,4279,94.4,50,145,100,100,100,100,100,100,0,0,0,14041.8,12534,15564,140.418,125.34,155.64,345.2,327,353,0,0,0,0,0,0,0,0,0,0,0,0
0.02,Expected,ProjectedCoverageLLBI-poly,poly,true,FPP-Branch-Benders-ProjectedCoverageLLBI-poly-RootCuts,5,Optimal:5,1950,926,3605,67.8,33,109,100,100,100,100,100,100,0,0,0,14041.8,12534,15564,140.418,125.34,155.64,345.2,327,353,0,0,0,0,0,0,0,0,0,0,0,0
0.02,Expected,ProjectedPathLLBI-exp,exp,false,FPP-Branch-Benders-ProjectedPathLLBI-exp,5,Optimal:5,128.6,81,169,17.8,16,21,518.6,458,550,0,0,0,518.6,458,550,81188.6,69257,86925,156.4479917,151.2161572,161.6826004,345.2,327,353,0.57627808,0.48850175,0.63195422,0.752742264,0.62358875,0.84324559,81.06316542,76.16977786,85.15044981,8106.316542,7616.977786,8515.044981
0.02,Expected,ProjectedPathLLBI-exp,exp,true,FPP-Branch-Benders-ProjectedPathLLBI-exp-RootCuts,5,Optimal:5,127.6,96,170,17.4,16,19,518.6,458,550,0,0,0,518.6,458,550,81188.6,69257,86925,156.4479917,151.2161572,161.6826004,345.2,327,353,0.458656966,0.26126617,0.62988275,0.59576975,0.34111474,0.82040709,81.06316542,76.16977786,85.15044981,8106.316542,7616.977786,8515.044981
0.02,Expected,ProjectedPathLLBI-poly,poly,false,FPP-Branch-Benders-ProjectedPathLLBI-poly,5,Optimal:5,2625.8,1590,3776,88.6,49,129,100,100,100,0,0,0,100,100,100,14041.8,12534,15564,140.418,125.34,155.64,345.2,327,353,0,0,0,0,0,0,0,0,0,0,0,0
0.02,Expected,ProjectedPathLLBI-poly,poly,true,FPP-Branch-Benders-ProjectedPathLLBI-poly-RootCuts,5,Optimal:5,1947.8,1558,2787,69,52,93,100,100,100,0,0,0,100,100,100,14041.8,12534,15564,140.418,125.34,155.64,345.2,327,353,0,0,0,0,0,0,0,0,0,0,0,0
0.02,MeanCVaR,ProjectedCoverageLLBI-exp,exp,false,FPP-Branch-Benders-MeanCVaR-ProjectedCoverageLLBI-exp,5,Feasible:3;Optimal:2,829.2,233,1389,48.2,24,66,422,397,463,422,397,463,0,0,0,73005,65619,79902,173.0626041,165.062635,181.1836735,345.2,327,353,1.851766688,1.7007807,2.20430392,2.003400064,1.84006834,2.41071704,112.7907239,105.2872674,118.309023,11279.07239,10528.72674,11830.9023
0.02,MeanCVaR,ProjectedCoverageLLBI-exp,exp,true,FPP-Branch-Benders-MeanCVaR-ProjectedCoverageLLBI-exp-RootCuts,5,Feasible:4;Optimal:1,872.6,421,1542,52.6,28,78,422,397,463,422,397,463,0,0,0,73005,65619,79902,173.0626041,165.062635,181.1836735,345.2,327,353,1.759906902,1.63507728,1.90754965,1.906671614,1.77009439,2.04171221,112.7907239,105.2872674,118.309023,11279.07239,10528.72674,11830.9023
0.02,MeanCVaR,ProjectedCoverageLLBI-poly,poly,false,FPP-Branch-Benders-MeanCVaR-ProjectedCoverageLLBI-poly,5,Feasible:5,2624.2,1442,4431,78,45,117,100,100,100,100,100,100,0,0,0,14041.8,12534,15564,140.418,125.34,155.64,345.2,327,353,0,0,0,0,0,0,0,0,0,0,0,0
0.02,MeanCVaR,ProjectedCoverageLLBI-poly,poly,true,FPP-Branch-Benders-MeanCVaR-ProjectedCoverageLLBI-poly-RootCuts,5,Feasible:5,2523.4,1305,4044,82.8,51,117,100,100,100,100,100,100,0,0,0,14041.8,12534,15564,140.418,125.34,155.64,345.2,327,353,0,0,0,0,0,0,0,0,0,0,0,0
0.02,MeanCVaR,ProjectedPathLLBI-exp,exp,false,FPP-Branch-Benders-MeanCVaR-ProjectedPathLLBI-exp,5,Feasible:2;Optimal:3,683.2,67,1200,42,15,62,422.6,389,452,0,0,0,422.6,389,452,73195.8,65076,77859,173.2774935,166.7282851,180.1868687,345.2,327,353,0.498215338,0.45092448,0.55099642,0.632345012,0.56124966,0.68023909,113.3144805,105.5612857,118.9958011,11331.44805,10556.12857,11899.58011
0.02,MeanCVaR,ProjectedPathLLBI-exp,exp,true,FPP-Branch-Benders-MeanCVaR-ProjectedPathLLBI-exp-RootCuts,5,Feasible:2;Optimal:3,623.8,74,1090,42,18,56,422.6,389,452,0,0,0,422.6,389,452,73195.8,65076,77859,173.2774935,166.7282851,180.1868687,345.2,327,353,0.44617764,0.27006195,0.57620542,0.574128874,0.33312203,0.77530931,113.3144805,105.5612857,118.9958011,11331.44805,10556.12857,11899.58011
0.02,MeanCVaR,ProjectedPathLLBI-poly,poly,false,FPP-Branch-Benders-MeanCVaR-ProjectedPathLLBI-poly,5,Feasible:5,2332.4,1763,3341,73.8,59,93,100,100,100,0,0,0,100,100,100,14041.8,12534,15564,140.418,125.34,155.64,345.2,327,353,0,0,0,0,0,0,0,0,0,0,0,0
0.02,MeanCVaR,ProjectedPathLLBI-poly,poly,true,FPP-Branch-Benders-MeanCVaR-ProjectedPathLLBI-poly-RootCuts,5,Feasible:5,2260.2,1316,4027,76.8,50,116,100,100,100,0,0,0,100,100,100,14041.8,12534,15564,140.418,125.34,155.64,345.2,327,353,0,0,0,0,0,0,0,0,0,0,0,0
