experiment_id,run_id,case_id,landscape,instance_name,instance_group,method,objective_type,risk_measure,alpha,cvar_beta,cvar_lambda,seed,train_count,test_count,train_graph_rt_ratio,train_graph_adag_ratio,train_graph_gdg_ratio,train_graph_nfr_ratio,train_graph_empty_ratio,test_graph_rt_ratio,test_graph_adag_ratio,test_graph_gdg_ratio,test_graph_nfr_ratio,test_graph_empty_ratio,instance_graph_rt_ratio,instance_graph_adag_ratio,instance_graph_gdg_ratio,instance_graph_nfr_ratio,instance_graph_empty_ratio,time_limit_sec,threads,solver_status,termination_reason,has_incumbent,objective_value,best_bound,mip_gap,runtime_sec,wall_time_sec,num_nodes,num_iterations,lp_relaxation_value,lp_relaxation_value_initial,lp_relaxation_value_final,lp_relaxation_improvement_abs,lp_relaxation_improvement_pct,uses_llbi,uses_root_cuts,uses_coverage_llbi,uses_path_llbi,uses_projected_coverage_llbi,uses_projected_path_llbi,uses_projected_llbi_poly,uses_projected_llbi_exp,uses_combinatorial_benders,combinatorial_benders_scenario_order,uses_global_dominance,uses_conditional_zero_benefit_fixing,benders_lazy_cuts_added,root_user_cuts_added,llbi_cuts_added,coverage_llbi_cuts_added,path_llbi_cuts_added,projected_llbi_cuts_added,projected_llbi_total_nonzeros,combinatorial_benders_cuts_added,dominator_cuts_added,separator_cuts_added,global_dominance_candidates_removed,conditional_zero_benefit_fixings_attempted,conditional_zero_benefit_fixings_applied,num_variables,num_constraints,num_binary_variables,num_continuous_variables,train_expected_burned_area,test_expected_burned_area,train_cvar_burned_area,test_cvar_burned_area,train_worst10_burned_area,test_worst10_burned_area,train_eval_runtime_sec,test_eval_runtime_sec,paired_reburn_train_expected_burned_area,paired_reburn_train_cvar_burned_area,paired_reburn_train_worst10_burned_area,paired_reburn_train_eval_runtime_sec
fpp_new_instances_scaling_new20x20,,case00,new20x20,new20x20,shortest_path,FPP-Branch-Benders-Combinatorial-CVaR-EtaDesc,cvar,cvar,0.01,0.9,1.0,20260629,100,1000,0.110000,0.870000,0.000000,0.000000,0.020000,0.134000,0.850000,0.000000,0.000000,0.016000,0.110000,0.870000,0.000000,0.000000,0.020000,1800,1,Optimal,,1,268.20000000,267.95494169,0.00091371,38.92931305,41.877787,406,15834,,,,0.00000000,0.00000000,0,0,0,0,0,0,0,0,1,eta-desc,0,0,40,0,0,0,0,0,0,3960,0,0,0,0,0,601,4061,,,142.46000000,148.56900000,,,268.20000000,283.63000000,0.00890877,0.09118176,,,,
fpp_new_instances_scaling_new20x20,,case00,new20x20,new20x20,shortest_path,FPP-Branch-Benders-Combinatorial-EtaDesc,expected,expected,0.01,0.9,1.0,20260629,100,1000,0.110000,0.870000,0.000000,0.000000,0.020000,0.134000,0.850000,0.000000,0.000000,0.016000,0.110000,0.870000,0.000000,0.000000,0.020000,1800,1,Optimal,,1,128.61000000,128.61000000,0.00000000,12.31750396,16.347439,3,4837,,,,0.00000000,0.00000000,0,0,0,0,0,0,0,0,1,eta-desc,0,0,350,0,0,0,0,0,0,5465,0,0,0,0,0,500,5466,,,128.61000000,138.30200000,,,272.10000000,290.09000000,0.01184425,0.12357172,,,,
fpp_new_instances_scaling_new20x20,,case00,new20x20,new20x20,shortest_path,FPP-Branch-Benders-Combinatorial-MeanCVaR-EtaDesc,mean_cvar,mean-cvar,0.01,0.9,0.5,20260629,100,1000,0.110000,0.870000,0.000000,0.000000,0.020000,0.134000,0.850000,0.000000,0.000000,0.016000,0.110000,0.870000,0.000000,0.000000,0.020000,1800,1,Optimal,,1,199.54500000,199.34639297,0.00099530,14.74784573,18.559633,62,11104,,,,0.00000000,0.00000000,0,0,0,0,0,0,0,0,1,eta-desc,0,0,90,0,0,0,0,0,0,3905,0,0,0,0,0,601,4006,,,128.79000000,136.95000000,,,270.30000000,287.97000000,0.01064354,0.11407670,,,,
fpp_new_instances_scaling_new20x20,,case01,new20x20,new20x20,shortest_path,FPP-Branch-Benders-Combinatorial-CVaR-EtaDesc,cvar,cvar,0.01,0.9,1.0,20261629,100,1000,0.130000,0.860000,0.000000,0.000000,0.010000,0.134000,0.850000,0.000000,0.000000,0.016000,0.130000,0.860000,0.000000,0.000000,0.010000,1800,1,Optimal,,1,256.10000000,255.93577512,0.00064125,31.61571685,35.401411,274,14866,,,,0.00000000,0.00000000,0,0,0,0,0,0,0,0,1,eta-desc,0,0,134,0,0,0,0,0,0,3572,0,0,0,0,0,601,3673,,,128.02000000,134.13900000,,,256.10000000,274.84000000,0.01025472,0.10980982,,,,
fpp_new_instances_scaling_new20x20,,case01,new20x20,new20x20,shortest_path,FPP-Branch-Benders-Combinatorial-EtaDesc,expected,expected,0.01,0.9,1.0,20261629,100,1000,0.130000,0.860000,0.000000,0.000000,0.010000,0.134000,0.850000,0.000000,0.000000,0.016000,0.130000,0.860000,0.000000,0.000000,0.010000,1800,1,Optimal,,1,125.37000000,125.37000000,0.00000000,8.16215750,11.311767,7,2235,,,,0.00000000,0.00000000,0,0,0,0,0,0,0,0,1,eta-desc,0,0,514,0,0,0,0,0,0,2725,0,0,0,0,0,500,2726,,,125.37000000,135.06000000,,,265.20000000,271.71000000,0.01077110,0.08839026,,,,
fpp_new_instances_scaling_new20x20,,case01,new20x20,new20x20,shortest_path,FPP-Branch-Benders-Combinatorial-MeanCVaR-EtaDesc,mean_cvar,mean-cvar,0.01,0.9,0.5,20261629,100,1000,0.130000,0.860000,0.000000,0.000000,0.010000,0.134000,0.850000,0.000000,0.000000,0.016000,0.130000,0.860000,0.000000,0.000000,0.010000,1800,1,Optimal,,1,192.06000000,192.06000000,0.00000000,10.67712376,14.518011,38,5916,,,,0.00000000,0.00000000,0,0,0,0,0,0,0,0,1,eta-desc,0,0,225,0,0,0,0,0,0,2211,0,0,0,0,0,601,2312,,,128.02000000,134.13900000,,,256.10000000,274.84000000,0.01074384,0.11067955,,,,
fpp_new_instances_scaling_new20x20,,case02,new20x20,new20x20,shortest_path,FPP-Branch-Benders-Combinatorial-CVaR-EtaDesc,cvar,cvar,0.01,0.9,1.0,20262629,100,1000,0.110000,0.890000,0.000000,0.000000,0.000000,0.134000,0.850000,0.000000,0.000000,0.016000,0.110000,0.890000,0.000000,0.000000,0.000000,1800,1,Optimal,,1,230.30000000,230.30000000,0.00000000,6.44233590,10.386307,12,2122,,,,0.00000000,0.00000000,0,0,0,0,0,0,0,0,1,eta-desc,0,0,110,0,0,0,0,0,0,937,0,0,0,0,0,601,1038,,,133.80000000,136.65300000,,,230.30000000,267.37000000,0.01163603,0.11557144,,,,
fpp_new_instances_scaling_new20x20,,case02,new20x20,new20x20,shortest_path,FPP-Branch-Benders-Combinatorial-EtaDesc,expected,expected,0.01,0.9,1.0,20262629,100,1000,0.110000,0.890000,0.000000,0.000000,0.000000,0.134000,0.850000,0.000000,0.000000,0.016000,0.110000,0.890000,0.000000,0.000000,0.000000,1800,1,Optimal,,1,129.97000000,129.97000000,0.00000000,7.94243074,12.013804,3,2365,,,,0.00000000,0.00000000,0,0,0,0,0,0,0,0,1,eta-desc,0,0,200,0,0,0,0,0,0,2455,0,0,0,0,0,500,2456,,,129.97000000,137.10800000,,,279.30000000,288.94000000,0.01106529,0.12347768,,,,
fpp_new_instances_scaling_new20x20,,case02,new20x20,new20x20,shortest_path,FPP-Branch-Benders-Combinatorial-MeanCVaR-EtaDesc,mean_cvar,mean-cvar,0.01,0.9,0.5,20262629,100,1000,0.110000,0.890000,0.000000,0.000000,0.000000,0.134000,0.850000,0.000000,0.000000,0.016000,0.110000,0.890000,0.000000,0.000000,0.000000,1800,1,Optimal,,1,182.05000000,182.05000000,0.00000000,7.90199512,11.729520,7,2397,,,,0.00000000,0.00000000,0,0,0,0,0,0,0,0,1,eta-desc,0,0,146,0,0,0,0,0,0,1783,0,0,0,0,0,601,1884,,,133.80000000,136.65300000,,,230.30000000,267.37000000,0.01107894,0.11184693,,,,
fpp_new_instances_scaling_new20x20,,case03,new20x20,new20x20,shortest_path,FPP-Branch-Benders-Combinatorial-CVaR-EtaDesc,cvar,cvar,0.01,0.9,1.0,20263629,100,1000,0.180000,0.820000,0.000000,0.000000,0.000000,0.134000,0.850000,0.000000,0.000000,0.016000,0.180000,0.820000,0.000000,0.000000,0.000000,1800,1,Optimal,,1,241.10000000,241.10000000,0.00000000,15.92319112,19.756224,92,6748,,,,0.00000000,0.00000000,0,0,0,0,0,0,0,0,1,eta-desc,0,0,107,0,0,0,0,0,0,2268,0,0,0,0,0,601,2369,,,126.39000000,135.73900000,,,241.10000000,266.77000000,0.01081785,0.11707893,,,,
fpp_new_instances_scaling_new20x20,,case03,new20x20,new20x20,shortest_path,FPP-Branch-Benders-Combinatorial-EtaDesc,expected,expected,0.01,0.9,1.0,20263629,100,1000,0.180000,0.820000,0.000000,0.000000,0.000000,0.134000,0.850000,0.000000,0.000000,0.016000,0.180000,0.820000,0.000000,0.000000,0.000000,1800,1,Optimal,,1,122.02000000,121.97202501,0.00039317,8.38583874,12.206839,5,3068,,,,0.00000000,0.00000000,0,0,0,0,0,0,0,0,1,eta-desc,0,0,472,0,0,0,0,0,0,2457,0,0,0,0,0,500,2458,,,122.02000000,134.34900000,,,272.40000000,288.23000000,0.01049016,0.10839383,,,,
fpp_new_instances_scaling_new20x20,,case03,new20x20,new20x20,shortest_path,FPP-Branch-Benders-Combinatorial-MeanCVaR-EtaDesc,mean_cvar,mean-cvar,0.01,0.9,0.5,20263629,100,1000,0.180000,0.820000,0.000000,0.000000,0.000000,0.134000,0.850000,0.000000,0.000000,0.016000,0.180000,0.820000,0.000000,0.000000,0.000000,1800,1,Optimal,,1,183.74500000,183.74500000,0.00000000,8.72753593,12.449163,28,4616,,,,0.00000000,0.00000000,0,0,0,0,0,0,0,0,1,eta-desc,0,0,133,0,0,0,0,0,0,1789,0,0,0,0,0,601,1890,,,126.39000000,135.73900000,,,241.10000000,266.77000000,0.01053584,0.11608622,,,,
fpp_new_instances_scaling_new20x20,,case04,new20x20,new20x20,shortest_path,FPP-Branch-Benders-Combinatorial-CVaR-EtaDesc,cvar,cvar,0.01,0.9,1.0,20264629,100,1000,0.150000,0.840000,0.000000,0.000000,0.010000,0.134000,0.850000,0.000000,0.000000,0.016000,0.150000,0.840000,0.000000,0.000000,0.010000,1800,1,Optimal,,1,254.60000000,254.40835775,0.00075272,23.43882695,27.551519,143,10445,,,,0.00000000,0.00000000,0,0,0,0,0,0,0,0,1,eta-desc,0,0,58,0,0,0,0,0,0,2905,0,0,0,0,0,601,3006,,,146.54000000,141.90800000,,,254.60000000,266.26000000,0.01304859,0.12741426,,,,
fpp_new_instances_scaling_new20x20,,case04,new20x20,new20x20,shortest_path,FPP-Branch-Benders-Combinatorial-EtaDesc,expected,expected,0.01,0.9,1.0,20264629,100,1000,0.150000,0.840000,0.000000,0.000000,0.010000,0.134000,0.850000,0.000000,0.000000,0.016000,0.150000,0.840000,0.000000,0.000000,0.010000,1800,1,Optimal,,1,126.80000000,126.69479167,0.00082972,13.57477912,17.006497,0,4819,,,,0.00000000,0.00000000,0,0,0,0,0,0,0,0,1,eta-desc,0,0,260,0,0,0,0,0,0,5770,0,0,0,0,0,500,5771,,,126.80000000,134.12200000,,,282.00000000,286.43000000,0.00817989,0.10104502,,,,
fpp_new_instances_scaling_new20x20,,case04,new20x20,new20x20,shortest_path,FPP-Branch-Benders-Combinatorial-MeanCVaR-EtaDesc,mean_cvar,mean-cvar,0.01,0.9,0.5,20264629,100,1000,0.150000,0.840000,0.000000,0.000000,0.010000,0.134000,0.850000,0.000000,0.000000,0.016000,0.150000,0.840000,0.000000,0.000000,0.010000,1800,1,Optimal,,1,199.51500000,199.51500000,0.00000000,19.10388209,23.044373,84,12219,,,,0.00000000,0.00000000,0,0,0,0,0,0,0,0,1,eta-desc,0,0,158,0,0,0,0,0,0,3852,0,0,0,0,0,601,3953,,,133.93000000,136.66100000,,,265.10000000,284.70000000,0.01114121,0.11535655,,,,
fpp_new_instances_scaling_new20x20,,case00,new20x20,new20x20,shortest_path,FPP-Branch-Benders-Combinatorial-CVaR-EtaDesc,cvar,cvar,0.02,0.9,1.0,20260629,100,1000,0.110000,0.870000,0.000000,0.000000,0.020000,0.134000,0.850000,0.000000,0.000000,0.016000,0.110000,0.870000,0.000000,0.000000,0.020000,1800,1,Optimal,,1,181.70000000,181.52958891,0.00093787,1053.27069822,1057.384915,1956,212397,,,,0.00000000,0.00000000,0,0,0,0,0,0,0,0,1,eta-desc,0,0,169,0,0,0,0,0,0,28971,0,0,0,0,0,601,29072,,,97.96000000,105.61100000,,,181.70000000,205.52000000,0.00968281,0.10053888,,,,
fpp_new_instances_scaling_new20x20,,case00,new20x20,new20x20,shortest_path,FPP-Branch-Benders-Combinatorial-EtaDesc,expected,expected,0.02,0.9,1.0,20260629,100,1000,0.110000,0.870000,0.000000,0.000000,0.020000,0.134000,0.850000,0.000000,0.000000,0.016000,0.110000,0.870000,0.000000,0.000000,0.020000,1800,1,Optimal,,1,88.92000000,88.92000000,0.00000000,23.56712046,27.212280,9,14921,,,,0.00000000,0.00000000,0,0,0,0,0,0,0,0,1,eta-desc,0,0,160,0,0,0,0,0,0,15297,0,0,0,0,0,500,15298,,,88.92000000,93.84800000,,,216.30000000,215.31000000,0.00756479,0.07283684,,,,
fpp_new_instances_scaling_new20x20,,case00,new20x20,new20x20,shortest_path,FPP-Branch-Benders-Combinatorial-MeanCVaR-EtaDesc,mean_cvar,mean-cvar,0.02,0.9,0.5,20260629,100,1000,0.110000,0.870000,0.000000,0.000000,0.020000,0.134000,0.850000,0.000000,0.000000,0.016000,0.110000,0.870000,0.000000,0.000000,0.020000,1800,1,Optimal,,1,139.83000000,139.75807976,0.00051434,621.40632306,625.429170,758,219969,,,,0.00000000,0.00000000,0,0,0,0,0,0,0,0,1,eta-desc,0,0,187,0,0,0,0,0,0,27979,0,0,0,0,0,601,28080,,,97.96000000,105.61100000,,,181.70000000,205.52000000,0.00936349,0.10037975,,,,
fpp_new_instances_scaling_new20x20,,case01,new20x20,new20x20,shortest_path,FPP-Branch-Benders-Combinatorial-CVaR-EtaDesc,cvar,cvar,0.02,0.9,1.0,20261629,100,1000,0.130000,0.860000,0.000000,0.000000,0.010000,0.134000,0.850000,0.000000,0.000000,0.016000,0.130000,0.860000,0.000000,0.000000,0.010000,1800,1,Optimal,,1,178.50000000,178.33505192,0.00092408,604.83629081,608.814395,1434,149909,,,,0.00000000,0.00000000,0,0,0,0,0,0,0,0,1,eta-desc,0,0,83,0,0,0,0,0,0,23803,0,0,0,0,0,601,23904,,,98.44000000,105.39500000,,,178.50000000,204.03000000,0.00919732,0.09784817,,,,
fpp_new_instances_scaling_new20x20,,case01,new20x20,new20x20,shortest_path,FPP-Branch-Benders-Combinatorial-EtaDesc,expected,expected,0.02,0.9,1.0,20261629,100,1000,0.130000,0.860000,0.000000,0.000000,0.010000,0.134000,0.850000,0.000000,0.000000,0.016000,0.130000,0.860000,0.000000,0.000000,0.010000,1800,1,Optimal,,1,86.35000000,86.35000000,0.00000000,20.79559538,24.531434,13,14188,,,,0.00000000,0.00000000,0,0,0,0,0,0,0,0,1,eta-desc,0,0,210,0,0,0,0,0,0,14956,0,0,0,0,0,500,14957,,,86.35000000,93.99200000,,,198.20000000,214.01000000,0.00779113,0.08528163,,,,
fpp_new_instances_scaling_new20x20,,case01,new20x20,new20x20,shortest_path,FPP-Branch-Benders-Combinatorial-MeanCVaR-EtaDesc,mean_cvar,mean-cvar,0.02,0.9,0.5,20261629,100,1000,0.130000,0.860000,0.000000,0.000000,0.010000,0.134000,0.850000,0.000000,0.000000,0.016000,0.130000,0.860000,0.000000,0.000000,0.010000,1800,1,Optimal,,1,136.94000000,136.90632353,0.00024592,109.15855428,112.192544,383,83573,,,,0.00000000,0.00000000,0,0,0,0,0,0,0,0,1,eta-desc,0,0,100,0,0,0,0,0,0,15254,0,0,0,0,0,601,15355,,,89.18000000,101.07500000,,,184.70000000,216.96000000,0.00831551,0.06632849,,,,
fpp_new_instances_scaling_new20x20,,case02,new20x20,new20x20,shortest_path,FPP-Branch-Benders-Combinatorial-CVaR-EtaDesc,cvar,cvar,0.02,0.9,1.0,20262629,100,1000,0.110000,0.890000,0.000000,0.000000,0.000000,0.134000,0.850000,0.000000,0.000000,0.016000,0.110000,0.890000,0.000000,0.000000,0.000000,1800,1,Feasible,,1,184.20000000,148.64818431,0.19300660,1803.04335340,1807.041166,0,2296,,,,0.00000000,0.00000000,0,0,0,0,0,0,0,0,1,eta-desc,0,0,30,0,0,0,0,0,0,746410,0,0,0,0,0,601,746511,,,90.06000000,96.93600000,,,184.20000000,217.66000000,0.00863247,0.09273238,,,,
fpp_new_instances_scaling_new20x20,,case02,new20x20,new20x20,shortest_path,FPP-Branch-Benders-Combinatorial-EtaDesc,expected,expected,0.02,0.9,1.0,20262629,100,1000,0.110000,0.890000,0.000000,0.000000,0.000000,0.134000,0.850000,0.000000,0.000000,0.016000,0.110000,0.890000,0.000000,0.000000,0.000000,1800,1,Optimal,,1,89.89000000,89.89000000,0.00000000,16.71142515,19.576646,5,8835,,,,0.00000000,0.00000000,0,0,0,0,0,0,0,0,1,eta-desc,0,0,434,0,0,0,0,0,0,9654,0,0,0,0,0,500,9655,,,89.89000000,98.58500000,,,195.00000000,222.53000000,0.00725512,0.06305127,,,,
fpp_new_instances_scaling_new20x20,,case02,new20x20,new20x20,shortest_path,FPP-Branch-Benders-Combinatorial-MeanCVaR-EtaDesc,mean_cvar,mean-cvar,0.02,0.9,0.5,20262629,100,1000,0.110000,0.890000,0.000000,0.000000,0.000000,0.134000,0.850000,0.000000,0.000000,0.016000,0.110000,0.890000,0.000000,0.000000,0.000000,1800,1,Optimal,,1,133.73000000,133.59741912,0.00099141,134.88278002,138.276372,539,103388,,,,0.00000000,0.00000000,0,0,0,0,0,0,0,0,1,eta-desc,0,0,51,0,0,0,0,0,0,17024,0,0,0,0,0,601,17125,,,90.76000000,97.04900000,,,176.70000000,213.26000000,0.00833214,0.08758275,,,,
fpp_new_instances_scaling_new20x20,,case03,new20x20,new20x20,shortest_path,FPP-Branch-Benders-Combinatorial-CVaR-EtaDesc,cvar,cvar,0.02,0.9,1.0,20263629,100,1000,0.180000,0.820000,0.000000,0.000000,0.000000,0.134000,0.850000,0.000000,0.000000,0.016000,0.180000,0.820000,0.000000,0.000000,0.000000,1800,1,Optimal,,1,169.80000000,169.70084241,0.00058397,373.48659335,376.733901,1184,143698,,,,0.00000000,0.00000000,0,0,0,0,0,0,0,0,1,eta-desc,0,0,84,0,0,0,0,0,0,20828,0,0,0,0,0,601,20929,,,92.61000000,97.90500000,,,169.80000000,197.83000000,0.00801205,0.07130646,,,,
fpp_new_instances_scaling_new20x20,,case03,new20x20,new20x20,shortest_path,FPP-Branch-Benders-Combinatorial-EtaDesc,expected,expected,0.02,0.9,1.0,20263629,100,1000,0.180000,0.820000,0.000000,0.000000,0.000000,0.134000,0.850000,0.000000,0.000000,0.016000,0.180000,0.820000,0.000000,0.000000,0.000000,1800,1,Optimal,,1,81.12000000,81.04585181,0.00091406,31.17476461,35.117986,0,17962,,,,0.00000000,0.00000000,0,0,0,0,0,0,0,0,1,eta-desc,0,0,343,0,0,0,0,0,0,19803,0,0,0,0,0,500,19804,,,81.12000000,91.06100000,,,187.50000000,209.87000000,0.00749053,0.08187345,,,,
fpp_new_instances_scaling_new20x20,,case03,new20x20,new20x20,shortest_path,FPP-Branch-Benders-Combinatorial-MeanCVaR-EtaDesc,mean_cvar,mean-cvar,0.02,0.9,0.5,20263629,100,1000,0.180000,0.820000,0.000000,0.000000,0.000000,0.134000,0.850000,0.000000,0.000000,0.016000,0.180000,0.820000,0.000000,0.000000,0.000000,1800,1,Optimal,,1,130.24000000,130.12551410,0.00087904,81.29633839,85.185834,350,81127,,,,0.00000000,0.00000000,0,0,0,0,0,0,0,0,1,eta-desc,0,0,84,0,0,0,0,0,0,13005,0,0,0,0,0,601,13106,,,84.18000000,93.91500000,,,176.30000000,201.08000000,0.00879578,0.08998497,,,,
fpp_new_instances_scaling_new20x20,,case04,new20x20,new20x20,shortest_path,FPP-Branch-Benders-Combinatorial-CVaR-EtaDesc,cvar,cvar,0.02,0.9,1.0,20264629,100,1000,0.150000,0.840000,0.000000,0.000000,0.010000,0.134000,0.850000,0.000000,0.000000,0.016000,0.150000,0.840000,0.000000,0.000000,0.010000,1800,1,Feasible,,1,182.40000000,166.88068592,0.08508396,1804.74610344,1808.294266,1598,280789,,,,0.00000000,0.00000000,0,0,0,0,0,0,0,0,1,eta-desc,0,0,177,0,0,0,0,0,0,54033,0,0,0,0,0,601,54134,,,107.84000000,109.60500000,,,182.40000000,227.81000000,0.00850018,0.10945853,,,,
fpp_new_instances_scaling_new20x20,,case04,new20x20,new20x20,shortest_path,FPP-Branch-Benders-Combinatorial-EtaDesc,expected,expected,0.02,0.9,1.0,20264629,100,1000,0.150000,0.840000,0.000000,0.000000,0.010000,0.134000,0.850000,0.000000,0.000000,0.016000,0.150000,0.840000,0.000000,0.000000,0.010000,1800,1,Optimal,,1,90.41000000,90.41000000,0.00000000,32.00955603,35.319974,27,20132,,,,0.00000000,0.00000000,0,0,0,0,0,0,0,0,1,eta-desc,0,0,460,0,0,0,0,0,0,19392,0,0,0,0,0,500,19393,,,90.41000000,97.27400000,,,206.50000000,220.71000000,0.00822205,0.06926264,,,,
fpp_new_instances_scaling_new20x20,,case04,new20x20,new20x20,shortest_path,FPP-Branch-Benders-Combinatorial-MeanCVaR-EtaDesc,mean_cvar,mean-cvar,0.02,0.9,0.5,20264629,100,1000,0.150000,0.840000,0.000000,0.000000,0.010000,0.134000,0.850000,0.000000,0.000000,0.016000,0.150000,0.840000,0.000000,0.000000,0.010000,1800,1,Feasible,,1,141.36000000,136.15124092,0.03684748,1805.96246985,1809.994648,1263,366331,,,,0.00000000,0.00000000,0,0,0,0,0,0,0,0,1,eta-desc,0,0,192,0,0,0,0,0,0,49345,0,0,0,0,0,601,49446,,,97.42000000,101.69400000,,,185.30000000,218.02000000,0.00905845,0.09240722,,,,
fpp_new_instances_scaling_new20x20,,case00,new20x20,new20x20,shortest_path,FPP-Branch-Benders-Combinatorial-CVaR-EtaDesc,cvar,cvar,0.03,0.9,1.0,20260629,100,1000,0.110000,0.870000,0.000000,0.000000,0.020000,0.134000,0.850000,0.000000,0.000000,0.016000,0.110000,0.870000,0.000000,0.000000,0.020000,1800,1,Feasible,,1,141.50000000,126.52342382,0.10584153,1804.82643796,1808.805307,977,256864,,,,0.00000000,0.00000000,0,0,0,0,0,0,0,0,1,eta-desc,0,0,102,0,0,0,0,0,0,47410,0,0,0,0,0,601,47511,,,74.22000000,76.13000000,,,141.50000000,147.94000000,0.00713781,0.07028657,,,,
fpp_new_instances_scaling_new20x20,,case00,new20x20,new20x20,shortest_path,FPP-Branch-Benders-Combinatorial-EtaDesc,expected,expected,0.03,0.9,1.0,20260629,100,1000,0.110000,0.870000,0.000000,0.000000,0.020000,0.134000,0.850000,0.000000,0.000000,0.016000,0.110000,0.870000,0.000000,0.000000,0.020000,1800,1,Optimal,,1,69.90000000,69.85138692,0.00069547,73.03654968,76.889162,52,58730,,,,0.00000000,0.00000000,0,0,0,0,0,0,0,0,1,eta-desc,0,0,200,0,0,0,0,0,0,47806,0,0,0,0,0,500,47807,,,69.90000000,75.87300000,,,150.70000000,157.93000000,0.00698899,0.07364560,,,,
fpp_new_instances_scaling_new20x20,,case00,new20x20,new20x20,shortest_path,FPP-Branch-Benders-Combinatorial-MeanCVaR-EtaDesc,mean_cvar,mean-cvar,0.03,0.9,0.5,20260629,100,1000,0.110000,0.870000,0.000000,0.000000,0.020000,0.134000,0.850000,0.000000,0.000000,0.016000,0.110000,0.870000,0.000000,0.000000,0.020000,1800,1,Optimal,,1,105.36000000,105.25589760,0.00098806,1116.65072027,1119.498226,976,362931,,,,0.00000000,0.00000000,0,0,0,0,0,0,0,0,1,eta-desc,0,0,177,0,0,0,0,0,0,44146,0,0,0,0,0,601,44247,,,74.02000000,82.38200000,,,136.70000000,163.67000000,0.00571619,0.06207631,,,,
fpp_new_instances_scaling_new20x20,,case01,new20x20,new20x20,shortest_path,FPP-Branch-Benders-Combinatorial-CVaR-EtaDesc,cvar,cvar,0.03,0.9,1.0,20261629,100,1000,0.130000,0.860000,0.000000,0.000000,0.010000,0.134000,0.850000,0.000000,0.000000,0.016000,0.130000,0.860000,0.000000,0.000000,0.010000,1800,1,Feasible,,1,135.50000000,124.38087673,0.08205995,1805.39393115,1808.607272,1334,354933,,,,0.00000000,0.00000000,0,0,0,0,0,0,0,0,1,eta-desc,0,0,167,0,0,0,0,0,0,55292,0,0,0,0,0,601,55393,,,75.73000000,78.13800000,,,135.50000000,157.32000000,0.00715697,0.07347125,,,,
fpp_new_instances_scaling_new20x20,,case01,new20x20,new20x20,shortest_path,FPP-Branch-Benders-Combinatorial-EtaDesc,expected,expected,0.03,0.9,1.0,20261629,100,1000,0.130000,0.860000,0.000000,0.000000,0.010000,0.134000,0.850000,0.000000,0.000000,0.016000,0.130000,0.860000,0.000000,0.000000,0.010000,1800,1,Optimal,,1,69.07000000,69.02298873,0.00068063,54.45267296,57.215240,81,73619,,,,0.00000000,0.00000000,0,0,0,0,0,0,0,0,1,eta-desc,0,0,1580,0,0,0,0,0,0,39696,0,0,0,0,0,500,39697,,,69.07000000,76.20500000,,,146.90000000,167.55000000,0.00519621,0.05684926,,,,
fpp_new_instances_scaling_new20x20,,case01,new20x20,new20x20,shortest_path,FPP-Branch-Benders-Combinatorial-MeanCVaR-EtaDesc,mean_cvar,mean-cvar,0.03,0.9,0.5,20261629,100,1000,0.130000,0.860000,0.000000,0.000000,0.010000,0.134000,0.850000,0.000000,0.000000,0.016000,0.130000,0.860000,0.000000,0.000000,0.010000,1800,1,Feasible,,1,104.93000000,102.16357254,0.02636450,1807.58054946,1810.241340,1169,557506,,,,0.00000000,0.00000000,0,0,0,0,0,0,0,0,1,eta-desc,0,0,130,0,0,0,0,0,0,51792,0,0,0,0,0,601,51893,,,75.86000000,79.49500000,,,134.00000000,157.40000000,0.00711529,0.05536318,,,,
fpp_new_instances_scaling_new20x20,,case02,new20x20,new20x20,shortest_path,FPP-Branch-Benders-Combinatorial-CVaR-EtaDesc,cvar,cvar,0.03,0.9,1.0,20262629,100,1000,0.110000,0.890000,0.000000,0.000000,0.000000,0.134000,0.850000,0.000000,0.000000,0.016000,0.110000,0.890000,0.000000,0.000000,0.000000,1800,1,Feasible,,1,126.50000000,117.24304209,0.07317753,1807.50866440,1811.597277,901,274101,,,,0.00000000,0.00000000,0,0,0,0,0,0,0,0,1,eta-desc,0,0,82,0,0,0,0,0,0,43456,0,0,0,0,0,601,43557,,,80.81000000,84.15700000,,,126.50000000,164.79000000,0.00765802,0.08238435,,,,
fpp_new_instances_scaling_new20x20,,case02,new20x20,new20x20,shortest_path,FPP-Branch-Benders-Combinatorial-EtaDesc,expected,expected,0.03,0.9,1.0,20262629,100,1000,0.110000,0.890000,0.000000,0.000000,0.000000,0.134000,0.850000,0.000000,0.000000,0.016000,0.110000,0.890000,0.000000,0.000000,0.000000,1800,1,Optimal,,1,71.28000000,71.28000000,0.00000000,49.08360992,52.965182,23,38222,,,,0.00000000,0.00000000,0,0,0,0,0,0,0,0,1,eta-desc,0,0,150,0,0,0,0,0,0,30955,0,0,0,0,0,500,30956,,,71.28000000,76.11500000,,,135.70000000,164.89000000,0.00659083,0.07380406,,,,
fpp_new_instances_scaling_new20x20,,case02,new20x20,new20x20,shortest_path,FPP-Branch-Benders-Combinatorial-MeanCVaR-EtaDesc,mean_cvar,mean-cvar,0.03,0.9,0.5,20262629,100,1000,0.110000,0.890000,0.000000,0.000000,0.000000,0.134000,0.850000,0.000000,0.000000,0.016000,0.110000,0.890000,0.000000,0.000000,0.000000,1800,1,Optimal,,1,99.59000000,99.51013118,0.00080198,529.09894171,532.304679,767,267708,,,,0.00000000,0.00000000,0,0,0,0,0,0,0,0,1,eta-desc,0,0,103,0,0,0,0,0,0,31016,0,0,0,0,0,601,31117,,,72.48000000,77.38600000,,,126.70000000,162.82000000,0.00575864,0.06527263,,,,
fpp_new_instances_scaling_new20x20,,case03,new20x20,new20x20,shortest_path,FPP-Branch-Benders-Combinatorial-CVaR-EtaDesc,cvar,cvar,0.03,0.9,1.0,20263629,100,1000,0.180000,0.820000,0.000000,0.000000,0.000000,0.134000,0.850000,0.000000,0.000000,0.016000,0.180000,0.820000,0.000000,0.000000,0.000000,1800,1,Feasible,,1,131.70000000,120.80153318,0.08275222,1806.54951533,1809.350132,1325,375605,,,,0.00000000,0.00000000,0,0,0,0,0,0,0,0,1,eta-desc,0,0,408,0,0,0,0,0,0,60858,0,0,0,0,0,601,60959,,,73.88000000,75.89900000,,,131.70000000,148.96000000,0.00666144,0.05150084,,,,
fpp_new_instances_scaling_new20x20,,case03,new20x20,new20x20,shortest_path,FPP-Branch-Benders-Combinatorial-EtaDesc,expected,expected,0.03,0.9,1.0,20263629,100,1000,0.180000,0.820000,0.000000,0.000000,0.000000,0.134000,0.850000,0.000000,0.000000,0.016000,0.180000,0.820000,0.000000,0.000000,0.000000,1800,1,Optimal,,1,65.53000000,65.53000000,0.00000000,51.19803703,54.396249,11,43105,,,,0.00000000,0.00000000,0,0,0,0,0,0,0,0,1,eta-desc,0,0,400,0,0,0,0,0,0,43774,0,0,0,0,0,500,43775,,,65.53000000,77.08100000,,,154.30000000,178.28000000,0.00489121,0.06324772,,,,
fpp_new_instances_scaling_new20x20,,case03,new20x20,new20x20,shortest_path,FPP-Branch-Benders-Combinatorial-MeanCVaR-EtaDesc,mean_cvar,mean-cvar,0.03,0.9,0.5,20263629,100,1000,0.180000,0.820000,0.000000,0.000000,0.000000,0.134000,0.850000,0.000000,0.000000,0.016000,0.180000,0.820000,0.000000,0.000000,0.000000,1800,1,Feasible,,1,101.38000000,99.50852362,0.01846002,1806.05272688,1810.159473,1084,525570,,,,0.00000000,0.00000000,0,0,0,0,0,0,0,0,1,eta-desc,0,0,368,0,0,0,0,0,0,53582,0,0,0,0,0,601,53683,,,68.86000000,75.71200000,,,133.90000000,160.77000000,0.00687440,0.07517469,,,,
fpp_new_instances_scaling_new20x20,,case04,new20x20,new20x20,shortest_path,FPP-Branch-Benders-Combinatorial-CVaR-EtaDesc,cvar,cvar,0.03,0.9,1.0,20264629,100,1000,0.150000,0.840000,0.000000,0.000000,0.010000,0.134000,0.850000,0.000000,0.000000,0.016000,0.150000,0.840000,0.000000,0.000000,0.010000,1800,1,Feasible,,1,137.60000000,122.64483791,0.10868577,1807.79262060,1811.474827,714,267273,,,,0.00000000,0.00000000,0,0,0,0,0,0,0,0,1,eta-desc,0,0,197,0,0,0,0,0,0,46342,0,0,0,0,0,601,46443,,,82.99000000,85.10300000,,,137.60000000,171.88000000,0.00720927,0.07453447,,,,
fpp_new_instances_scaling_new20x20,,case04,new20x20,new20x20,shortest_path,FPP-Branch-Benders-Combinatorial-EtaDesc,expected,expected,0.03,0.9,1.0,20264629,100,1000,0.150000,0.840000,0.000000,0.000000,0.010000,0.134000,0.850000,0.000000,0.000000,0.016000,0.150000,0.840000,0.000000,0.000000,0.010000,1800,1,Feasible,,1,72.99000000,68.60185845,0.06011976,1807.52953683,1811.337684,0,35089,,,,0.00000000,0.00000000,0,0,0,0,0,0,0,0,1,eta-desc,0,0,730,0,0,0,0,0,0,2318300,0,0,0,0,0,500,2318301,,,72.99000000,76.81600000,,,159.90000000,173.97000000,0.00717164,0.07094165,,,,
fpp_new_instances_scaling_new20x20,,case04,new20x20,new20x20,shortest_path,FPP-Branch-Benders-Combinatorial-MeanCVaR-EtaDesc,mean_cvar,mean-cvar,0.03,0.9,0.5,20264629,100,1000,0.150000,0.840000,0.000000,0.000000,0.010000,0.134000,0.850000,0.000000,0.000000,0.016000,0.150000,0.840000,0.000000,0.000000,0.010000,1800,1,Feasible,,1,106.57000000,105.13381084,0.01347649,1805.89803707,1808.855635,1586,620256,,,,0.00000000,0.00000000,0,0,0,0,0,0,0,0,1,eta-desc,0,0,156,0,0,0,0,0,0,61337,0,0,0,0,0,601,61438,,,78.24000000,81.83700000,,,134.90000000,170.42000000,0.00487880,0.05842278,,,,
fpp_new_instances_scaling_new20x20,,case00,new20x20,new20x20,shortest_path,FPP-Branch-Benders-Combinatorial-CVaR-EtaDesc,cvar,cvar,0.01,0.9,1.0,20260729,200,1000,0.135000,0.860000,0.000000,0.000000,0.005000,0.134000,0.850000,0.000000,0.000000,0.016000,0.135000,0.860000,0.000000,0.000000,0.005000,1800,1,Optimal,,1,254.20000000,254.20000000,0.00000000,33.55993165,36.552441,159,16844,,,,0.00000000,0.00000000,0,0,0,0,0,0,0,0,1,eta-desc,0,0,102,0,0,0,0,0,0,4834,0,0,0,0,0,801,5035,,,127.59000000,138.17700000,,,254.20000000,273.82000000,0.02241123,0.09167783,,,,
fpp_new_instances_scaling_new20x20,,case00,new20x20,new20x20,shortest_path,FPP-Branch-Benders-Combinatorial-EtaDesc,expected,expected,0.01,0.9,1.0,20260729,200,1000,0.135000,0.860000,0.000000,0.000000,0.005000,0.134000,0.850000,0.000000,0.000000,0.016000,0.135000,0.860000,0.000000,0.000000,0.005000,1800,1,Optimal,,1,116.10000000,115.99054648,0.00094275,15.55254636,19.738001,0,4692,,,,0.00000000,0.00000000,0,0,0,0,0,0,0,0,1,eta-desc,0,0,300,0,0,0,0,0,0,6458,0,0,0,0,0,600,6459,,,116.10000000,132.88100000,,,277.00000000,286.20000000,0.01823189,0.11299748,,,,
fpp_new_instances_scaling_new20x20,,case00,new20x20,new20x20,shortest_path,FPP-Branch-Benders-Combinatorial-MeanCVaR-EtaDesc,mean_cvar,mean-cvar,0.01,0.9,0.5,20260729,200,1000,0.135000,0.860000,0.000000,0.000000,0.005000,0.134000,0.850000,0.000000,0.000000,0.016000,0.135000,0.860000,0.000000,0.000000,0.005000,1800,1,Optimal,,1,189.05000000,189.05000000,0.00000000,23.10960963,27.153804,80,14929,,,,0.00000000,0.00000000,0,0,0,0,0,0,0,0,1,eta-desc,0,0,190,0,0,0,0,0,0,5050,0,0,0,0,0,801,5251,,,121.60000000,135.06000000,,,256.50000000,271.71000000,0.02022228,0.10572704,,,,
fpp_new_instances_scaling_new20x20,,case01,new20x20,new20x20,shortest_path,FPP-Branch-Benders-Combinatorial-CVaR-EtaDesc,cvar,cvar,0.01,0.9,1.0,20261729,200,1000,0.125000,0.860000,0.000000,0.000000,0.015000,0.134000,0.850000,0.000000,0.000000,0.016000,0.125000,0.860000,0.000000,0.000000,0.015000,1800,1,Optimal,,1,272.80000000,272.80000000,0.00000000,86.21317485,90.459238,296,28753,,,,0.00000000,0.00000000,0,0,0,0,0,0,0,0,1,eta-desc,0,0,154,0,0,0,0,0,0,7228,0,0,0,0,0,801,7429,,,145.08000000,135.73900000,,,272.80000000,266.77000000,0.02709654,0.11004060,,,,
fpp_new_instances_scaling_new20x20,,case01,new20x20,new20x20,shortest_path,FPP-Branch-Benders-Combinatorial-EtaDesc,expected,expected,0.01,0.9,1.0,20261729,200,1000,0.125000,0.860000,0.000000,0.000000,0.015000,0.134000,0.850000,0.000000,0.000000,0.016000,0.125000,0.860000,0.000000,0.000000,0.015000,1800,1,Optimal,,1,140.62000000,140.62000000,0.00000000,19.56784026,23.918703,5,5277,,,,0.00000000,0.00000000,0,0,0,0,0,0,0,0,1,eta-desc,0,0,520,0,0,0,0,0,0,6013,0,0,0,0,0,600,6014,,,140.62000000,134.12200000,,,293.05000000,286.43000000,0.02266712,0.11266777,,,,
fpp_new_instances_scaling_new20x20,,case01,new20x20,new20x20,shortest_path,FPP-Branch-Benders-Combinatorial-MeanCVaR-EtaDesc,mean_cvar,mean-cvar,0.01,0.9,0.5,20261729,200,1000,0.125000,0.860000,0.000000,0.000000,0.015000,0.134000,0.850000,0.000000,0.000000,0.016000,0.125000,0.860000,0.000000,0.000000,0.015000,1800,1,Optimal,,1,208.94000000,208.78690166,0.00073274,45.17571798,48.715961,110,29015,,,,0.00000000,0.00000000,0,0,0,0,0,0,0,0,1,eta-desc,0,0,222,0,0,0,0,0,0,7878,0,0,0,0,0,801,8079,,,145.08000000,135.73900000,,,272.80000000,266.77000000,0.02521469,0.08632923,,,,
fpp_new_instances_scaling_new20x20,,case02,new20x20,new20x20,shortest_path,FPP-Branch-Benders-Combinatorial-CVaR-EtaDesc,cvar,cvar,0.01,0.9,1.0,20262729,200,1000,0.120000,0.860000,0.000000,0.000000,0.020000,0.134000,0.850000,0.000000,0.000000,0.016000,0.120000,0.860000,0.000000,0.000000,0.020000,1800,1,Optimal,,1,257.00000000,256.78309156,0.00084400,72.78654689,77.128858,303,26962,,,,0.00000000,0.00000000,0,0,0,0,0,0,0,0,1,eta-desc,0,0,183,0,0,0,0,0,0,6798,0,0,0,0,0,801,6999,,,147.49500000,142.66300000,,,257.00000000,265.53000000,0.02491499,0.12286682,,,,
fpp_new_instances_scaling_new20x20,,case02,new20x20,new20x20,shortest_path,FPP-Branch-Benders-Combinatorial-EtaDesc,expected,expected,0.01,0.9,1.0,20262729,200,1000,0.120000,0.860000,0.000000,0.000000,0.020000,0.134000,0.850000,0.000000,0.000000,0.016000,0.120000,0.860000,0.000000,0.000000,0.020000,1800,1,Optimal,,1,132.28000000,132.28000000,0.00000000,15.69455814,20.029852,7,4243,,,,0.00000000,0.00000000,0,0,0,0,0,0,0,0,1,eta-desc,0,0,713,0,0,0,0,0,0,4798,0,0,0,0,0,600,4799,,,132.28000000,132.88100000,,,275.55000000,286.20000000,0.02242924,0.11258673,,,,
fpp_new_instances_scaling_new20x20,,case02,new20x20,new20x20,shortest_path,FPP-Branch-Benders-Combinatorial-MeanCVaR-EtaDesc,mean_cvar,mean-cvar,0.01,0.9,0.5,20262729,200,1000,0.120000,0.860000,0.000000,0.000000,0.020000,0.134000,0.850000,0.000000,0.000000,0.016000,0.120000,0.860000,0.000000,0.000000,0.020000,1800,1,Optimal,,1,197.32500000,197.32500000,0.00000000,47.69425233,52.028483,146,31560,,,,0.00000000,0.00000000,0,0,0,0,0,0,0,0,1,eta-desc,0,0,113,0,0,0,0,0,0,8027,0,0,0,0,0,801,8228,,,135.85000000,133.69200000,,,258.80000000,269.46000000,0.02348575,0.12042525,,,,
fpp_new_instances_scaling_new20x20,,case03,new20x20,new20x20,shortest_path,FPP-Branch-Benders-Combinatorial-CVaR-EtaDesc,cvar,cvar,0.01,0.9,1.0,20263729,200,1000,0.095000,0.895000,0.000000,0.000000,0.010000,0.134000,0.850000,0.000000,0.000000,0.016000,0.095000,0.895000,0.000000,0.000000,0.010000,1800,1,Optimal,,1,257.75000000,257.75000000,0.00000000,54.08748440,58.414587,163,20110,,,,0.00000000,0.00000000,0,0,0,0,0,0,0,0,1,eta-desc,0,0,208,0,0,0,0,0,0,5240,0,0,0,0,0,801,5441,,,149.52500000,143.59600000,,,257.75000000,270.62000000,0.02615138,0.12272164,,,,
fpp_new_instances_scaling_new20x20,,case03,new20x20,new20x20,shortest_path,FPP-Branch-Benders-Combinatorial-EtaDesc,expected,expected,0.01,0.9,1.0,20263729,200,1000,0.095000,0.895000,0.000000,0.000000,0.010000,0.134000,0.850000,0.000000,0.000000,0.016000,0.095000,0.895000,0.000000,0.000000,0.010000,1800,1,Optimal,,1,139.48500000,139.48500000,0.00000000,18.04944201,21.989624,11,5680,,,,0.00000000,0.00000000,0,0,0,0,0,0,0,0,1,eta-desc,0,0,770,0,0,0,0,0,0,6168,0,0,0,0,0,600,6169,,,139.48500000,134.08000000,,,285.60000000,286.73000000,0.01943606,0.10853805,,,,
fpp_new_instances_scaling_new20x20,,case03,new20x20,new20x20,shortest_path,FPP-Branch-Benders-Combinatorial-MeanCVaR-EtaDesc,mean_cvar,mean-cvar,0.01,0.9,0.5,20263729,200,1000,0.095000,0.895000,0.000000,0.000000,0.010000,0.134000,0.850000,0.000000,0.000000,0.016000,0.095000,0.895000,0.000000,0.000000,0.010000,1800,1,Optimal,,1,201.56750000,201.37605160,0.00094980,40.16796597,44.426875,94,23046,,,,0.00000000,0.00000000,0,0,0,0,0,0,0,0,1,eta-desc,0,0,244,0,0,0,0,0,0,6900,0,0,0,0,0,801,7101,,,142.43500000,135.73900000,,,260.70000000,266.77000000,0.02373156,0.11133300,,,,
fpp_new_instances_scaling_new20x20,,case04,new20x20,new20x20,shortest_path,FPP-Branch-Benders-Combinatorial-CVaR-EtaDesc,cvar,cvar,0.01,0.9,1.0,20264729,200,1000,0.090000,0.905000,0.000000,0.000000,0.005000,0.134000,0.850000,0.000000,0.000000,0.016000,0.090000,0.905000,0.000000,0.000000,0.005000,1800,1,Optimal,,1,269.40000000,269.28069286,0.00044286,129.47330229,133.615411,463,40146,,,,0.00000000,0.00000000,0,0,0,0,0,0,0,0,1,eta-desc,0,0,128,0,0,0,0,0,0,9601,0,0,0,0,0,801,9802,,,135.95000000,136.04700000,,,269.40000000,277.79000000,0.02270602,0.11585688,,,,
fpp_new_instances_scaling_new20x20,,case04,new20x20,new20x20,shortest_path,FPP-Branch-Benders-Combinatorial-EtaDesc,expected,expected,0.01,0.9,1.0,20264729,200,1000,0.090000,0.905000,0.000000,0.000000,0.005000,0.134000,0.850000,0.000000,0.000000,0.016000,0.090000,0.905000,0.000000,0.000000,0.005000,1800,1,Optimal,,1,130.02000000,130.02000000,0.00000000,21.22206832,25.050696,5,6447,,,,0.00000000,0.00000000,0,0,0,0,0,0,0,0,1,eta-desc,0,0,560,0,0,0,0,0,0,8291,0,0,0,0,0,600,8292,,,130.02000000,132.92300000,,,285.80000000,285.97000000,0.01724642,0.09994810,,,,
fpp_new_instances_scaling_new20x20,,case04,new20x20,new20x20,shortest_path,FPP-Branch-Benders-Combinatorial-MeanCVaR-EtaDesc,mean_cvar,mean-cvar,0.01,0.9,0.5,20264729,200,1000,0.090000,0.905000,0.000000,0.000000,0.005000,0.134000,0.850000,0.000000,0.000000,0.016000,0.090000,0.905000,0.000000,0.000000,0.005000,1800,1,Optimal,,1,201.68250000,201.68250000,0.00000000,33.38541228,36.470085,84,23620,,,,0.00000000,0.00000000,0,0,0,0,0,0,0,0,1,eta-desc,0,0,119,0,0,0,0,0,0,7497,0,0,0,0,0,801,7698,,,132.91500000,135.06000000,,,270.45000000,271.71000000,0.01776322,0.09001919,,,,
fpp_new_instances_scaling_new20x20,,case00,new20x20,new20x20,shortest_path,FPP-Branch-Benders-Combinatorial-CVaR-EtaDesc,cvar,cvar,0.02,0.9,1.0,20260729,200,1000,0.135000,0.860000,0.000000,0.000000,0.005000,0.134000,0.850000,0.000000,0.000000,0.016000,0.135000,0.860000,0.000000,0.000000,0.005000,1800,1,Feasible,,1,177.25000000,176.03301380,0.00686593,1808.99769299,1813.376317,2145,337613,,,,0.00000000,0.00000000,0,0,0,0,0,0,0,0,1,eta-desc,0,0,225,0,0,0,0,0,0,45254,0,0,0,0,0,801,45455,,,94.89000000,104.06200000,,,177.25000000,197.49000000,0.01749048,0.09625703,,,,
fpp_new_instances_scaling_new20x20,,case00,new20x20,new20x20,shortest_path,FPP-Branch-Benders-Combinatorial-EtaDesc,expected,expected,0.02,0.9,1.0,20260729,200,1000,0.135000,0.860000,0.000000,0.000000,0.005000,0.134000,0.850000,0.000000,0.000000,0.016000,0.135000,0.860000,0.000000,0.000000,0.005000,1800,1,Optimal,,1,81.55000000,81.55000000,0.00000000,26.85798750,30.200123,11,15600,,,,0.00000000,0.00000000,0,0,0,0,0,0,0,0,1,eta-desc,0,0,1192,0,0,0,0,0,0,15657,0,0,0,0,0,600,15658,,,81.55000000,91.50300000,,,191.00000000,207.05000000,0.01223412,0.07628875,,,,
fpp_new_instances_scaling_new20x20,,case00,new20x20,new20x20,shortest_path,FPP-Branch-Benders-Combinatorial-MeanCVaR-EtaDesc,mean_cvar,mean-cvar,0.02,0.9,0.5,20260729,200,1000,0.135000,0.860000,0.000000,0.000000,0.005000,0.134000,0.850000,0.000000,0.000000,0.016000,0.135000,0.860000,0.000000,0.000000,0.005000,1800,1,Optimal,,1,131.43750000,131.35250993,0.00064662,258.56264840,262.996091,421,153061,,,,0.00000000,0.00000000,0,0,0,0,0,0,0,0,1,eta-desc,0,0,157,0,0,0,0,0,0,22732,0,0,0,0,0,801,22933,,,85.32500000,95.14000000,,,177.55000000,199.26000000,0.01605178,0.08798564,,,,
fpp_new_instances_scaling_new20x20,,case01,new20x20,new20x20,shortest_path,FPP-Branch-Benders-Combinatorial-CVaR-EtaDesc,cvar,cvar,0.02,0.9,1.0,20261729,200,1000,0.125000,0.860000,0.000000,0.000000,0.015000,0.134000,0.850000,0.000000,0.000000,0.016000,0.125000,0.860000,0.000000,0.000000,0.015000,1800,1,Feasible,,1,187.20000000,180.58710400,0.03532530,1811.89922280,1816.087271,1257,315951,,,,0.00000000,0.00000000,0,0,0,0,0,0,0,0,1,eta-desc,0,0,259,0,0,0,0,0,0,49279,0,0,0,0,0,801,49480,,,101.08000000,98.35300000,,,187.20000000,196.47000000,0.02225709,0.08427324,,,,
fpp_new_instances_scaling_new20x20,,case01,new20x20,new20x20,shortest_path,FPP-Branch-Benders-Combinatorial-EtaDesc,expected,expected,0.02,0.9,1.0,20261729,200,1000,0.125000,0.860000,0.000000,0.000000,0.015000,0.134000,0.850000,0.000000,0.000000,0.016000,0.125000,0.860000,0.000000,0.000000,0.015000,1800,1,Optimal,,1,97.57000000,97.57000000,0.00000000,48.04044266,52.222695,49,34811,,,,0.00000000,0.00000000,0,0,0,0,0,0,0,0,1,eta-desc,0,0,440,0,0,0,0,0,0,24829,0,0,0,0,0,600,24830,,,97.57000000,90.86300000,,,214.95000000,202.71000000,0.01703143,0.08324768,,,,
fpp_new_instances_scaling_new20x20,,case01,new20x20,new20x20,shortest_path,FPP-Branch-Benders-Combinatorial-MeanCVaR-EtaDesc,mean_cvar,mean-cvar,0.02,0.9,0.5,20261729,200,1000,0.125000,0.860000,0.000000,0.000000,0.015000,0.134000,0.850000,0.000000,0.000000,0.016000,0.125000,0.860000,0.000000,0.000000,0.015000,1800,1,Optimal,,1,144.14000000,144.09950398,0.00028095,299.49287794,303.731057,321,178790,,,,0.00000000,0.00000000,0,0,0,0,0,0,0,0,1,eta-desc,0,0,373,0,0,0,0,0,0,27325,0,0,0,0,0,801,27526,,,101.08000000,98.35300000,,,187.20000000,196.47000000,0.01425768,0.08979983,,,,
fpp_new_instances_scaling_new20x20,,case02,new20x20,new20x20,shortest_path,FPP-Branch-Benders-Combinatorial-CVaR-EtaDesc,cvar,cvar,0.02,0.9,1.0,20262729,200,1000,0.120000,0.860000,0.000000,0.000000,0.020000,0.134000,0.850000,0.000000,0.000000,0.016000,0.120000,0.860000,0.000000,0.000000,0.020000,1800,1,Optimal,,1,173.55000000,173.37836081,0.00098899,540.24155532,543.228803,963,192168,,,,0.00000000,0.00000000,0,0,0,0,0,0,0,0,1,eta-desc,0,0,162,0,0,0,0,0,0,26270,0,0,0,0,0,801,26471,,,95.82500000,95.16700000,,,173.55000000,189.30000000,0.01211689,0.06142921,,,,
fpp_new_instances_scaling_new20x20,,case02,new20x20,new20x20,shortest_path,FPP-Branch-Benders-Combinatorial-EtaDesc,expected,expected,0.02,0.9,1.0,20262729,200,1000,0.120000,0.860000,0.000000,0.000000,0.020000,0.134000,0.850000,0.000000,0.000000,0.016000,0.120000,0.860000,0.000000,0.000000,0.020000,1800,1,Optimal,,1,90.91500000,90.91500000,0.00000000,41.33862690,45.846555,23,26484,,,,0.00000000,0.00000000,0,0,0,0,0,0,0,0,1,eta-desc,0,0,320,0,0,0,0,0,0,24611,0,0,0,0,0,600,24612,,,90.91500000,90.96900000,,,195.50000000,209.56000000,0.01696784,0.08546949,,,,
fpp_new_instances_scaling_new20x20,,case02,new20x20,new20x20,shortest_path,FPP-Branch-Benders-Combinatorial-MeanCVaR-EtaDesc,mean_cvar,mean-cvar,0.02,0.9,0.5,20262729,200,1000,0.120000,0.860000,0.000000,0.000000,0.020000,0.134000,0.850000,0.000000,0.000000,0.016000,0.120000,0.860000,0.000000,0.000000,0.020000,1800,1,Optimal,,1,134.68750000,134.56825630,0.00088534,76.22351396,80.662616,139,61987,,,,0.00000000,0.00000000,0,0,0,0,0,0,0,0,1,eta-desc,0,0,255,0,0,0,0,0,0,14878,0,0,0,0,0,801,15079,,,95.82500000,95.16700000,,,173.55000000,189.30000000,0.01835140,0.08858030,,,,
fpp_new_instances_scaling_new20x20,,case03,new20x20,new20x20,shortest_path,FPP-Branch-Benders-Combinatorial-CVaR-EtaDesc,cvar,cvar,0.02,0.9,1.0,20263729,200,1000,0.095000,0.895000,0.000000,0.000000,0.010000,0.134000,0.850000,0.000000,0.000000,0.016000,0.095000,0.895000,0.000000,0.000000,0.010000,1800,1,Feasible,,1,186.50000000,177.37784155,0.04891238,1811.18358664,1814.261261,1512,335468,,,,0.00000000,0.00000000,0,0,0,0,0,0,0,0,1,eta-desc,0,0,202,0,0,0,0,0,0,52852,0,0,0,0,0,801,53053,,,103.30000000,97.92300000,,,186.50000000,194.66000000,0.01284133,0.06034321,,,,
fpp_new_instances_scaling_new20x20,,case03,new20x20,new20x20,shortest_path,FPP-Branch-Benders-Combinatorial-EtaDesc,expected,expected,0.02,0.9,1.0,20263729,200,1000,0.095000,0.895000,0.000000,0.000000,0.010000,0.134000,0.850000,0.000000,0.000000,0.016000,0.095000,0.895000,0.000000,0.000000,0.010000,1800,1,Optimal,,1,93.41000000,93.41000000,0.00000000,50.16925987,54.276806,17,24222,,,,0.00000000,0.00000000,0,0,0,0,0,0,0,0,1,eta-desc,0,0,408,0,0,0,0,0,0,31817,0,0,0,0,0,600,31818,,,93.41000000,92.01500000,,,201.65000000,204.99000000,0.01578101,0.08348788,,,,
fpp_new_instances_scaling_new20x20,,case03,new20x20,new20x20,shortest_path,FPP-Branch-Benders-Combinatorial-MeanCVaR-EtaDesc,mean_cvar,mean-cvar,0.02,0.9,0.5,20263729,200,1000,0.095000,0.895000,0.000000,0.000000,0.010000,0.134000,0.850000,0.000000,0.000000,0.016000,0.095000,0.895000,0.000000,0.000000,0.010000,1800,1,Optimal,,1,142.27750000,142.27750000,0.00000000,234.26458464,238.573352,345,151458,,,,0.00000000,0.00000000,0,0,0,0,0,0,0,0,1,eta-desc,0,0,432,0,0,0,0,0,0,26525,0,0,0,0,0,801,26726,,,100.30500000,94.50400000,,,184.25000000,189.41000000,0.01727203,0.08293644,,,,
fpp_new_instances_scaling_new20x20,,case04,new20x20,new20x20,shortest_path,FPP-Branch-Benders-Combinatorial-CVaR-EtaDesc,cvar,cvar,0.02,0.9,1.0,20264729,200,1000,0.090000,0.905000,0.000000,0.000000,0.005000,0.134000,0.850000,0.000000,0.000000,0.016000,0.090000,0.905000,0.000000,0.000000,0.005000,1800,1,Optimal,,1,182.40000000,182.22570775,0.00095555,1714.10312631,1717.273234,2556,423255,,,,0.00000000,0.00000000,0,0,0,0,0,0,0,0,1,eta-desc,0,0,352,0,0,0,0,0,0,53777,0,0,0,0,0,801,53978,,,95.78000000,98.78500000,,,182.40000000,195.98000000,0.01178944,0.05764314,,,,
fpp_new_instances_scaling_new20x20,,case04,new20x20,new20x20,shortest_path,FPP-Branch-Benders-Combinatorial-EtaDesc,expected,expected,0.02,0.9,1.0,20264729,200,1000,0.090000,0.905000,0.000000,0.000000,0.005000,0.134000,0.850000,0.000000,0.000000,0.016000,0.090000,0.905000,0.000000,0.000000,0.005000,1800,1,Optimal,,1,90.47500000,90.38781794,0.00096360,43.33762974,47.651337,50,27859,,,,0.00000000,0.00000000,0,0,0,0,0,0,0,0,1,eta-desc,0,0,360,0,0,0,0,0,0,26115,0,0,0,0,0,600,26116,,,90.47500000,93.98500000,,,196.00000000,201.43000000,0.01625219,0.08718896,,,,
fpp_new_instances_scaling_new20x20,,case04,new20x20,new20x20,shortest_path,FPP-Branch-Benders-Combinatorial-MeanCVaR-EtaDesc,mean_cvar,mean-cvar,0.02,0.9,0.5,20264729,200,1000,0.090000,0.905000,0.000000,0.000000,0.005000,0.134000,0.850000,0.000000,0.000000,0.016000,0.090000,0.905000,0.000000,0.000000,0.005000,1800,1,Optimal,,1,138.87500000,138.87500000,0.00000000,150.31080707,154.588616,295,135102,,,,0.00000000,0.00000000,0,0,0,0,0,0,0,0,1,eta-desc,0,0,365,0,0,0,0,0,0,24111,0,0,0,0,0,801,24312,,,94.05000000,94.94700000,,,183.70000000,189.67000000,0.01695922,0.08523870,,,,
fpp_new_instances_scaling_new20x20,,case00,new20x20,new20x20,shortest_path,FPP-Branch-Benders-Combinatorial-CVaR-EtaDesc,cvar,cvar,0.03,0.9,1.0,20260729,200,1000,0.135000,0.860000,0.000000,0.000000,0.005000,0.134000,0.850000,0.000000,0.000000,0.016000,0.135000,0.860000,0.000000,0.000000,0.005000,1800,1,Feasible,,1,136.40000000,126.59283491,0.07190004,1810.34709898,1813.490011,1518,571861,,,,0.00000000,0.00000000,0,0,0,0,0,0,0,0,1,eta-desc,0,0,439,0,0,0,0,0,0,78460,0,0,0,0,0,801,78661,,,74.02000000,79.05400000,,,136.40000000,154.21000000,0.00987538,0.04993596,,,,
fpp_new_instances_scaling_new20x20,,case00,new20x20,new20x20,shortest_path,FPP-Branch-Benders-Combinatorial-EtaDesc,expected,expected,0.03,0.9,1.0,20260729,200,1000,0.135000,0.860000,0.000000,0.000000,0.005000,0.134000,0.850000,0.000000,0.000000,0.016000,0.135000,0.860000,0.000000,0.000000,0.005000,1800,1,Optimal,,1,66.02000000,65.96877536,0.00077590,63.63487563,68.008623,60,51679,,,,0.00000000,0.00000000,0,0,0,0,0,0,0,0,1,eta-desc,0,0,1624,0,0,0,0,0,0,43584,0,0,0,0,0,600,43585,,,66.02000000,74.49700000,,,147.10000000,157.95000000,0.01238576,0.07024142,,,,
fpp_new_instances_scaling_new20x20,,case00,new20x20,new20x20,shortest_path,FPP-Branch-Benders-Combinatorial-MeanCVaR-EtaDesc,mean_cvar,mean-cvar,0.03,0.9,0.5,20260729,200,1000,0.135000,0.860000,0.000000,0.000000,0.005000,0.134000,0.850000,0.000000,0.000000,0.016000,0.135000,0.860000,0.000000,0.000000,0.005000,1800,1,Optimal,,1,102.08250000,101.98306925,0.00097402,779.98050105,783.861353,888,406156,,,,0.00000000,0.00000000,0,0,0,0,0,0,0,0,1,eta-desc,0,0,340,0,0,0,0,0,0,50092,0,0,0,0,0,801,50293,,,68.61500000,75.83200000,,,135.55000000,154.66000000,0.01307024,0.06662345,,,,
fpp_new_instances_scaling_new20x20,,case01,new20x20,new20x20,shortest_path,FPP-Branch-Benders-Combinatorial-CVaR-EtaDesc,cvar,cvar,0.03,0.9,1.0,20261729,200,1000,0.125000,0.860000,0.000000,0.000000,0.015000,0.134000,0.850000,0.000000,0.000000,0.016000,0.125000,0.860000,0.000000,0.000000,0.015000,1800,1,Feasible,,1,143.05000000,127.76022422,0.10688414,1812.60291853,1816.791884,769,382005,,,,0.00000000,0.00000000,0,0,0,0,0,0,0,0,1,eta-desc,0,0,239,0,0,0,0,0,0,59195,0,0,0,0,0,801,59396,,,81.77000000,78.90000000,,,143.05000000,148.35000000,0.01339902,0.07218880,,,,
fpp_new_instances_scaling_new20x20,,case01,new20x20,new20x20,shortest_path,FPP-Branch-Benders-Combinatorial-EtaDesc,expected,expected,0.03,0.9,1.0,20261729,200,1000,0.125000,0.860000,0.000000,0.000000,0.015000,0.134000,0.850000,0.000000,0.000000,0.016000,0.125000,0.860000,0.000000,0.000000,0.015000,1800,1,Optimal,,1,74.64000000,74.64000000,0.00000000,93.37985334,97.595144,37,75597,,,,0.00000000,0.00000000,0,0,0,0,0,0,0,0,1,eta-desc,0,0,360,0,0,0,0,0,0,70272,0,0,0,0,0,600,70273,,,74.64000000,73.47700000,,,145.35000000,149.07000000,0.01365923,0.06654770,,,,
fpp_new_instances_scaling_new20x20,,case01,new20x20,new20x20,shortest_path,FPP-Branch-Benders-Combinatorial-MeanCVaR-EtaDesc,mean_cvar,mean-cvar,0.03,0.9,0.5,20261729,200,1000,0.125000,0.860000,0.000000,0.000000,0.015000,0.134000,0.850000,0.000000,0.000000,0.016000,0.125000,0.860000,0.000000,0.000000,0.015000,1800,1,Feasible,,1,109.08250000,107.77267337,0.01200767,1815.73255174,1819.414701,917,427267,,,,0.00000000,0.00000000,0,0,0,0,0,0,0,0,1,eta-desc,0,0,255,0,0,0,0,0,0,63203,0,0,0,0,0,801,63404,,,79.66500000,76.56500000,,,138.50000000,146.69000000,0.01072205,0.05901704,,,,
fpp_new_instances_scaling_new20x20,,case02,new20x20,new20x20,shortest_path,FPP-Branch-Benders-Combinatorial-CVaR-EtaDesc,cvar,cvar,0.03,0.9,1.0,20262729,200,1000,0.120000,0.860000,0.000000,0.000000,0.020000,0.134000,0.850000,0.000000,0.000000,0.016000,0.120000,0.860000,0.000000,0.000000,0.020000,1800,1,Feasible,,1,134.30000000,124.82965020,0.07051638,1808.53916640,1812.687296,1706,606801,,,,0.00000000,0.00000000,0,0,0,0,0,0,0,0,1,eta-desc,0,0,305,0,0,0,0,0,0,78744,0,0,0,0,0,801,78945,,,73.81000000,74.54900000,,,134.30000000,154.36000000,0.01394676,0.07099701,,,,
fpp_new_instances_scaling_new20x20,,case02,new20x20,new20x20,shortest_path,FPP-Branch-Benders-Combinatorial-EtaDesc,expected,expected,0.03,0.9,1.0,20262729,200,1000,0.120000,0.860000,0.000000,0.000000,0.020000,0.134000,0.850000,0.000000,0.000000,0.016000,0.120000,0.860000,0.000000,0.000000,0.020000,1800,1,Optimal,,1,72.10000000,72.10000000,0.00000000,66.21084342,70.185845,22,42076,,,,0.00000000,0.00000000,0,0,0,0,0,0,0,0,1,eta-desc,0,0,1180,0,0,0,0,0,0,51226,0,0,0,0,0,600,51227,,,72.10000000,74.86100000,,,143.30000000,159.38000000,0.01243871,0.06419279,,,,
fpp_new_instances_scaling_new20x20,,case02,new20x20,new20x20,shortest_path,FPP-Branch-Benders-Combinatorial-MeanCVaR-EtaDesc,mean_cvar,mean-cvar,0.03,0.9,0.5,20262729,200,1000,0.120000,0.860000,0.000000,0.000000,0.020000,0.134000,0.850000,0.000000,0.000000,0.016000,0.120000,0.860000,0.000000,0.000000,0.020000,1800,1,Optimal,,1,103.92000000,103.81802009,0.00098133,389.68072238,393.832555,542,250315,,,,0.00000000,0.00000000,0,0,0,0,0,0,0,0,1,eta-desc,0,0,473,0,0,0,0,0,0,39080,0,0,0,0,0,801,39281,,,73.64000000,74.45700000,,,134.20000000,153.92000000,0.01444275,0.06898886,,,,
fpp_new_instances_scaling_new20x20,,case03,new20x20,new20x20,shortest_path,FPP-Branch-Benders-Combinatorial-CVaR-EtaDesc,cvar,cvar,0.03,0.9,1.0,20263729,200,1000,0.095000,0.895000,0.000000,0.000000,0.010000,0.134000,0.850000,0.000000,0.000000,0.016000,0.095000,0.895000,0.000000,0.000000,0.010000,1800,1,Feasible,,1,148.10000000,120.65581556,0.18530847,1812.70026241,1815.782056,0,6362,,,,0.00000000,0.00000000,0,0,0,0,0,0,0,0,1,eta-desc,0,0,80,0,0,0,0,0,0,82823,0,0,0,0,0,801,83024,,,75.29000000,73.22300000,,,148.10000000,151.86000000,0.01150897,0.04939288,,,,
fpp_new_instances_scaling_new20x20,,case03,new20x20,new20x20,shortest_path,FPP-Branch-Benders-Combinatorial-EtaDesc,expected,expected,0.03,0.9,1.0,20263729,200,1000,0.095000,0.895000,0.000000,0.000000,0.010000,0.134000,0.850000,0.000000,0.000000,0.016000,0.095000,0.895000,0.000000,0.000000,0.010000,1800,1,Optimal,,1,75.07500000,75.07500000,0.00000000,110.02251285,113.164854,21,73452,,,,0.00000000,0.00000000,0,0,0,0,0,0,0,0,1,eta-desc,0,0,1080,0,0,0,0,0,0,102218,0,0,0,0,0,600,102219,,,75.07500000,72.93100000,,,141.90000000,150.04000000,0.01033382,0.04668369,,,,
fpp_new_instances_scaling_new20x20,,case03,new20x20,new20x20,shortest_path,FPP-Branch-Benders-Combinatorial-MeanCVaR-EtaDesc,mean_cvar,mean-cvar,0.03,0.9,0.5,20263729,200,1000,0.095000,0.895000,0.000000,0.000000,0.010000,0.134000,0.850000,0.000000,0.000000,0.016000,0.095000,0.895000,0.000000,0.000000,0.010000,1800,1,Optimal,,1,108.48750000,108.38222433,0.00097039,770.53411396,774.812153,700,308608,,,,0.00000000,0.00000000,0,0,0,0,0,0,0,0,1,eta-desc,0,0,152,0,0,0,0,0,0,45001,0,0,0,0,0,801,45202,,,75.07500000,72.93100000,,,141.90000000,150.04000000,0.01428688,0.06814108,,,,
fpp_new_instances_scaling_new20x20,,case04,new20x20,new20x20,shortest_path,FPP-Branch-Benders-Combinatorial-CVaR-EtaDesc,cvar,cvar,0.03,0.9,1.0,20264729,200,1000,0.090000,0.905000,0.000000,0.000000,0.005000,0.134000,0.850000,0.000000,0.000000,0.016000,0.090000,0.905000,0.000000,0.000000,0.005000,1800,1,Feasible,,1,137.80000000,130.38313149,0.05382343,1811.79513068,1816.367170,1345,485700,,,,0.00000000,0.00000000,0,0,0,0,0,0,0,0,1,eta-desc,0,0,243,0,0,0,0,0,0,68881,0,0,0,0,0,801,69082,,,78.67500000,80.62700000,,,137.80000000,147.90000000,0.01410387,0.07648120,,,,
fpp_new_instances_scaling_new20x20,,case04,new20x20,new20x20,shortest_path,FPP-Branch-Benders-Combinatorial-EtaDesc,expected,expected,0.03,0.9,1.0,20264729,200,1000,0.090000,0.905000,0.000000,0.000000,0.005000,0.134000,0.850000,0.000000,0.000000,0.016000,0.090000,0.905000,0.000000,0.000000,0.005000,1800,1,Optimal,,1,70.78000000,70.74884848,0.00044012,91.69510386,95.831471,79,87392,,,,0.00000000,0.00000000,0,0,0,0,0,0,0,0,1,eta-desc,0,0,1113,0,0,0,0,0,0,79044,0,0,0,0,0,600,79045,,,70.78000000,74.79500000,,,143.20000000,158.11000000,0.01264437,0.06624117,,,,
fpp_new_instances_scaling_new20x20,,case04,new20x20,new20x20,shortest_path,FPP-Branch-Benders-Combinatorial-MeanCVaR-EtaDesc,mean_cvar,mean-cvar,0.03,0.9,0.5,20264729,200,1000,0.090000,0.905000,0.000000,0.000000,0.005000,0.134000,0.850000,0.000000,0.000000,0.016000,0.090000,0.905000,0.000000,0.000000,0.005000,1800,1,Optimal,,1,106.39500000,106.29297465,0.00095893,576.64239204,580.700747,592,288766,,,,0.00000000,0.00000000,0,0,0,0,0,0,0,0,1,eta-desc,0,0,227,0,0,0,0,0,0,47978,0,0,0,0,0,801,48179,,,71.64000000,75.19200000,,,141.15000000,153.70000000,0.01331704,0.06910135,,,,
