objective_family,alpha,train_scenario_count,method_family,method,projected_llbi_family_reconstructed,projected_llbi_variant_reconstructed,runs,solved_to_optimality,time_limited_with_incumbent,failed_or_without_incumbent,status_counts,avg_objective_value,avg_best_bound,avg_mip_gap,avg_runtime,avg_train_expected_burned_area,avg_test_expected_burned_area,avg_train_worst10_burned_area,avg_test_worst10_burned_area,avg_lazy_benders_cuts_added,avg_root_user_cuts_added,avg_standard_llbi_cut_count,avg_projected_llbi_cut_count,avg_root_separation_time,avg_subproblem_solving_time,avg_combinatorial_cut_count
CVaR,0.01,100,FPP-Branch-Benders-Combinatorial,FPP-Branch-Benders-Combinatorial-CVaR,none,none,5,5,0,0,Optimal:5,215.08,214.8792767,0.000933404,166.5588679,103.446,115.961,215.08,261.84,86.6,0,0,0,0,0,2884.8
CVaR,0.01,100,FPP-Branch-Benders-LLBI-RootCuts,FPP-Branch-Benders-CVaR-LLBI-RootCuts,none,none,5,5,0,0,Optimal:5,215.08,214.8685963,0.000983092,10.76774184,103.446,115.961,215.08,261.84,127.4,34.6,100,0,0,3.73649893,0
CVaR,0.01,100,FPP-Branch-Benders-ProjectedCoverageLLBI-exp-RootCuts,FPP-Branch-Benders-CVaR-ProjectedCoverageLLBI-exp-RootCuts,coverage,exp,5,5,0,0,Optimal:5,215.08,214.892431,0.000866592,10.41064022,103.446,115.961,215.08,261.84,54.6,21.6,0,158.4,2.510936892,2.207184942,0
CVaR,0.01,100,FPP-Branch-Benders-ProjectedCoverageLLBI-poly-RootCuts,FPP-Branch-Benders-CVaR-ProjectedCoverageLLBI-poly-RootCuts,coverage,poly,5,5,0,0,Optimal:5,215.08,214.8685963,0.000983092,9.86098007,103.446,115.961,215.08,261.84,127.4,34.6,0,100,0,3.349761608,0
CVaR,0.01,100,FPP-Branch-Benders-ProjectedPathLLBI-exp-RootCuts,FPP-Branch-Benders-CVaR-ProjectedPathLLBI-exp-RootCuts,path,exp,5,5,0,0,Optimal:5,215.08,214.8724613,0.000964166,7.493667144,103.446,115.961,215.08,261.84,43.4,2,0,171.8,0.790979738,2.18719464,0
CVaR,0.01,100,FPP-Branch-Benders-ProjectedPathLLBI-poly-RootCuts,FPP-Branch-Benders-CVaR-ProjectedPathLLBI-poly-RootCuts,path,poly,5,5,0,0,Optimal:5,215.08,214.8826304,0.000916142,8.538209614,103.446,115.961,215.08,261.84,72,30.4,0,100,0,2.77218159,0
CVaR,0.01,100,FPP-Branch-Benders-RootCuts,FPP-Branch-Benders-CVaR-RootCuts,none,none,5,5,0,0,Optimal:5,215.08,214.8721386,0.00096643,14.38665349,103.446,115.961,215.08,261.84,1010.8,30.8,0,0,0,6.164421498,0
CVaR,0.01,100,FPP-SAA-fpp_base,FPP-SAA-CVaR,none,none,5,5,0,0,Optimal:5,215.08,214.891201,0.0008747,229.5206348,103.446,115.961,215.08,261.84,0,0,0,0,0,0,0
CVaR,0.01,200,FPP-Branch-Benders-Combinatorial,FPP-Branch-Benders-Combinatorial-CVaR,none,none,5,5,0,0,Optimal:5,228.8,228.5829248,0.000949344,470.8229363,106.367,113.007,228.8,255.17,133.6,0,0,0,0,0,5251
CVaR,0.01,200,FPP-Branch-Benders-LLBI-RootCuts,FPP-Branch-Benders-CVaR-LLBI-RootCuts,none,none,5,5,0,0,Optimal:5,228.8,228.5725766,0.000993948,31.42835643,106.367,113.007,228.8,255.17,333.2,56.2,200,0,0,8.658835128,0
CVaR,0.01,200,FPP-Branch-Benders-ProjectedCoverageLLBI-exp-RootCuts,FPP-Branch-Benders-CVaR-ProjectedCoverageLLBI-exp-RootCuts,coverage,exp,5,5,0,0,Optimal:5,228.8,228.5752319,0.000981676,23.20257038,106.367,113.007,228.8,255.17,204.6,40,0,318.6,4.721167558,4.584769734,0
CVaR,0.01,200,FPP-Branch-Benders-ProjectedCoverageLLBI-poly-RootCuts,FPP-Branch-Benders-CVaR-ProjectedCoverageLLBI-poly-RootCuts,coverage,poly,5,5,0,0,Optimal:5,228.8,228.5725766,0.000993948,26.80201337,106.367,113.007,228.8,255.17,333.2,56.2,0,200,0,7.94287613,0
CVaR,0.01,200,FPP-Branch-Benders-ProjectedPathLLBI-exp-RootCuts,FPP-Branch-Benders-CVaR-ProjectedPathLLBI-exp-RootCuts,path,exp,5,5,0,0,Optimal:5,228.8,228.6012619,0.000861474,23.9190043,106.367,113.007,228.8,255.17,168.8,2.6,0,335.4,1.713313758,6.798772592,0
CVaR,0.01,200,FPP-Branch-Benders-ProjectedPathLLBI-poly-RootCuts,FPP-Branch-Benders-CVaR-ProjectedPathLLBI-poly-RootCuts,path,poly,5,5,0,0,Optimal:5,228.8,228.5804862,0.000957478,20.8003014,106.367,113.007,228.8,255.17,250.4,44.8,0,200,0,6.395841652,0
CVaR,0.01,200,FPP-Branch-Benders-RootCuts,FPP-Branch-Benders-CVaR-RootCuts,none,none,5,5,0,0,Optimal:5,228.8,228.5735415,0.000989698,27.35665824,106.367,113.007,228.8,255.17,2239.2,50,0,0,0,10.82963168,0
CVaR,0.01,200,FPP-SAA-fpp_base,FPP-SAA-CVaR,none,none,5,4,0,0,Feasible:1;Optimal:4,228.84,226.6710304,0.00916889,990.9969253,106.164,112.879,228.84,255.66,0,0,0,0,0,0,0
CVaR,0.01,400,FPP-Branch-Benders-Combinatorial,FPP-Branch-Benders-Combinatorial-CVaR,none,none,5,2,0,0,Feasible:3;Optimal:2,238.45,233.5124361,0.020360732,1330.899142,109.738,107.745,238.45,247.22,252.2,0,0,0,0,0,8996
CVaR,0.01,400,FPP-Branch-Benders-LLBI-RootCuts,FPP-Branch-Benders-CVaR-LLBI-RootCuts,none,none,5,5,0,0,Optimal:5,237.55,237.3199367,0.000968194,71.31761389,110.1315,108.275,237.55,246.72,646,101.2,400,0,0,17.91620038,0
CVaR,0.01,400,FPP-Branch-Benders-ProjectedCoverageLLBI-exp-RootCuts,FPP-Branch-Benders-CVaR-ProjectedCoverageLLBI-exp-RootCuts,coverage,exp,5,5,0,0,Optimal:5,237.55,237.3184291,0.000974644,58.224094,110.1315,108.275,237.55,246.72,428.6,84.2,0,684.6,10.6498603,8.013382624,0
CVaR,0.01,400,FPP-Branch-Benders-ProjectedCoverageLLBI-poly-RootCuts,FPP-Branch-Benders-CVaR-ProjectedCoverageLLBI-poly-RootCuts,coverage,poly,5,5,0,0,Optimal:5,237.55,237.3199367,0.000968194,71.6546565,110.1315,108.275,237.55,246.72,646,101.2,0,400,0,14.29947281,0
CVaR,0.01,400,FPP-Branch-Benders-ProjectedPathLLBI-exp-RootCuts,FPP-Branch-Benders-CVaR-ProjectedPathLLBI-exp-RootCuts,path,exp,5,5,0,0,Optimal:5,237.55,237.3226269,0.000956832,76.58075668,110.1315,108.275,237.55,246.72,446,4.4,0,729.2,3.969890948,13.23082171,0
CVaR,0.01,400,FPP-Branch-Benders-ProjectedPathLLBI-poly-RootCuts,FPP-Branch-Benders-CVaR-ProjectedPathLLBI-poly-RootCuts,path,poly,5,5,0,0,Optimal:5,237.55,237.3138227,0.000994228,70.70492138,110.1315,108.275,237.55,246.72,540.4,86.2,0,400,0,13.45349532,0
CVaR,0.01,400,FPP-Branch-Benders-RootCuts,FPP-Branch-Benders-CVaR-RootCuts,none,none,5,5,0,0,Optimal:5,237.55,237.3138097,0.000994246,115.0717359,110.1315,108.275,237.55,246.72,4446.8,83.8,0,0,0,34.5289477,0
CVaR,0.01,400,FPP-SAA-fpp_base,FPP-SAA-CVaR,none,none,5,0,0,0,Feasible:5,543.615,180.8769497,0.27729226,1800.19342,117.5515,117.357,263.83,269.81,0,0,0,0,0,0,0
CVaR,0.01,800,FPP-Branch-Benders-Combinatorial,FPP-Branch-Benders-Combinatorial-CVaR,none,none,5,2,0,0,Feasible:3;Optimal:2,241.38,238.9635755,0.009985414,1578.230549,107.40725,111.368,241.38,247.51,363,0,0,0,0,0,12212.6
CVaR,0.01,800,FPP-Branch-Benders-LLBI-RootCuts,FPP-Branch-Benders-CVaR-LLBI-RootCuts,none,none,5,5,0,0,Optimal:5,241.225,240.9846363,0.000996428,232.6675833,107.6125,111.806,241.225,246.41,1466,246.2,800,0,0,41.27139273,0
CVaR,0.01,800,FPP-Branch-Benders-ProjectedCoverageLLBI-exp-RootCuts,FPP-Branch-Benders-CVaR-ProjectedCoverageLLBI-exp-RootCuts,coverage,exp,5,5,0,0,Optimal:5,241.225,240.9848183,0.000995676,186.0810358,107.6125,111.806,241.225,246.41,3107.4,181.4,0,1000,24.98958501,30.38402428,0
CVaR,0.01,800,FPP-Branch-Benders-ProjectedCoverageLLBI-poly-RootCuts,FPP-Branch-Benders-CVaR-ProjectedCoverageLLBI-poly-RootCuts,coverage,poly,5,5,0,0,Optimal:5,241.225,240.9846363,0.000996428,173.3647779,107.6125,111.806,241.225,246.41,1466,246.2,0,800,0,35.41138244,0
CVaR,0.01,800,FPP-Branch-Benders-ProjectedPathLLBI-exp-RootCuts,FPP-Branch-Benders-CVaR-ProjectedPathLLBI-exp-RootCuts,path,exp,5,5,0,0,Optimal:5,241.225,240.9843616,0.000997564,137.6307889,107.6125,111.806,241.225,246.41,3073.6,163,0,1000,3.962506888,27.43224573,0
CVaR,0.01,800,FPP-Branch-Benders-ProjectedPathLLBI-poly-RootCuts,FPP-Branch-Benders-CVaR-ProjectedPathLLBI-poly-RootCuts,path,poly,5,5,0,0,Optimal:5,241.225,240.984461,0.000997154,234.3847703,107.6125,111.806,241.225,246.41,1295.6,201.2,0,800,0,47.83275895,0
CVaR,0.01,800,FPP-Branch-Benders-RootCuts,FPP-Branch-Benders-CVaR-RootCuts,none,none,5,5,0,0,Optimal:5,241.225,240.984208,0.000998204,205.6641,107.6125,111.806,241.225,246.41,9185.8,206.6,0,0,0,48.07368638,0
CVaR,0.01,800,FPP-SAA-fpp_base,FPP-SAA-CVaR,none,none,5,0,0,0,Feasible:5,1720.325,0,1,1800.494896,136.6525,140.015,311.82,308.65,0,0,0,0,0,0,0
CVaR,0.02,100,FPP-Branch-Benders-Combinatorial,FPP-Branch-Benders-Combinatorial-CVaR,none,none,5,0,0,0,Feasible:5,161.8,144.0319532,0.109378816,1805.584426,83.998,98.828,161.8,227.83,150.6,0,0,0,0,0,26566.4
CVaR,0.02,100,FPP-Branch-Benders-LLBI-RootCuts,FPP-Branch-Benders-CVaR-LLBI-RootCuts,none,none,5,2,0,0,Feasible:3;Optimal:2,160.6,153.9578396,0.040433822,1533.746857,83.992,99.016,160.6,222.14,1125,52.2,100,0,0,14.50369372,0
CVaR,0.02,100,FPP-Branch-Benders-ProjectedCoverageLLBI-exp-RootCuts,FPP-Branch-Benders-CVaR-ProjectedCoverageLLBI-exp-RootCuts,coverage,exp,5,3,0,0,Feasible:2;Optimal:3,160.3,156.7006031,0.022128694,1235.775596,84.222,98.98,160.3,222.77,530.8,29.6,0,365.6,3.860872154,9.129835678,0
CVaR,0.02,100,FPP-Branch-Benders-ProjectedCoverageLLBI-poly-RootCuts,FPP-Branch-Benders-CVaR-ProjectedCoverageLLBI-poly-RootCuts,coverage,poly,5,2,0,0,Feasible:3;Optimal:2,160.6,154.0234308,0.04005464,1376.409738,83.992,99.016,160.6,222.14,1112.6,52.2,0,100,0,14.27995325,0
CVaR,0.02,100,FPP-Branch-Benders-ProjectedPathLLBI-exp-RootCuts,FPP-Branch-Benders-CVaR-ProjectedPathLLBI-exp-RootCuts,path,exp,5,4,0,0,Feasible:1;Optimal:4,160.14,158.1550579,0.012264194,1048.975603,84.558,99.081,160.14,221.99,322,10,0,378.6,0.80504844,6.07826903,0
CVaR,0.02,100,FPP-Branch-Benders-ProjectedPathLLBI-poly-RootCuts,FPP-Branch-Benders-CVaR-ProjectedPathLLBI-poly-RootCuts,path,poly,5,2,0,0,Feasible:3;Optimal:2,160.56,155.7802491,0.029182258,1480.222779,83.762,98.573,160.56,221.34,953.2,51.8,0,100,0,11.78975763,0
CVaR,0.02,100,FPP-Branch-Benders-RootCuts,FPP-Branch-Benders-CVaR-RootCuts,none,none,5,1,0,0,Feasible:4;Optimal:1,160.86,154.479483,0.039082726,1641.810249,84.394,98.868,160.86,219.95,2720.6,48.2,0,0,0,26.11955082,0
CVaR,0.02,100,FPP-SAA-fpp_base,FPP-SAA-CVaR,none,none,5,0,0,0,Feasible:5,162.44,146.8712597,0.09465063,1800.025973,85.314,99.056,162.44,219.08,0,0,0,0,0,0,0
CVaR,0.02,200,FPP-Branch-Benders-Combinatorial,FPP-Branch-Benders-Combinatorial-CVaR,none,none,5,0,0,0,Feasible:5,179.54,155.6795084,0.13234192,1814.463882,88.35,96.773,179.54,216.9,264.6,0,0,0,0,0,23420.6
CVaR,0.02,200,FPP-Branch-Benders-LLBI-RootCuts,FPP-Branch-Benders-CVaR-LLBI-RootCuts,none,none,5,0,0,0,Feasible:5,177.22,165.6852986,0.064642134,1800.761819,87.41,94.942,177.22,212.81,2782.8,94.6,200,0,0,22.47312004,0
CVaR,0.02,200,FPP-Branch-Benders-ProjectedCoverageLLBI-exp-RootCuts,FPP-Branch-Benders-CVaR-ProjectedCoverageLLBI-exp-RootCuts,coverage,exp,5,0,0,0,Feasible:5,176.53,166.5419108,0.05612932,1807.970564,87.787,96.666,176.53,213.7,1056.2,56.8,0,678.4,7.083723936,18.60433874,0
CVaR,0.02,200,FPP-Branch-Benders-ProjectedCoverageLLBI-poly-RootCuts,FPP-Branch-Benders-CVaR-ProjectedCoverageLLBI-poly-RootCuts,coverage,poly,5,0,0,0,Feasible:5,177.12,164.7043313,0.069639846,1801.387644,87.15,95.315,177.12,212.8,2577.6,94.6,0,200,0,27.50160462,0
CVaR,0.02,200,FPP-Branch-Benders-ProjectedPathLLBI-exp-RootCuts,FPP-Branch-Benders-CVaR-ProjectedPathLLBI-exp-RootCuts,path,exp,5,0,0,0,Feasible:5,176.41,168.3607595,0.04556349,1802.64914,87.515,95.644,176.41,211.78,1106.6,15.4,0,721.6,1.874961872,16.38178497,0
CVaR,0.02,200,FPP-Branch-Benders-ProjectedPathLLBI-poly-RootCuts,FPP-Branch-Benders-CVaR-ProjectedPathLLBI-poly-RootCuts,path,poly,5,0,0,0,Feasible:5,177.01,165.484531,0.064624254,1801.153842,88.026,96.417,177.01,215.93,2606,83.4,0,200,0,28.72152224,0
CVaR,0.02,200,FPP-Branch-Benders-RootCuts,FPP-Branch-Benders-CVaR-RootCuts,none,none,5,0,0,0,Feasible:5,178.66,162.7585676,0.088313132,1800.778647,87.73,96.41,178.66,221.6,6023.8,82.2,0,0,0,35.34466593,0
CVaR,0.02,200,FPP-SAA-fpp_base,FPP-SAA-CVaR,none,none,5,0,0,0,Feasible:5,180.53,156.4768827,0.132995578,1800.081175,89.201,96.679,180.47,219.95,0,0,0,0,0,0,0
CVaR,0.02,400,FPP-Branch-Benders-Combinatorial,FPP-Branch-Benders-Combinatorial-CVaR,none,none,5,0,0,0,Feasible:5,192.17,166.7912813,0.131703722,1879.633615,89.7095,89.56,192.17,203.04,394.2,0,0,0,0,0,23126.2
CVaR,0.02,400,FPP-Branch-Benders-LLBI-RootCuts,FPP-Branch-Benders-CVaR-LLBI-RootCuts,none,none,5,0,0,0,Feasible:5,188.18,172.4914621,0.083116484,1802.315935,90.183,92.166,188.18,205.48,4644.4,157.8,400,0,0,48.20069191,0
CVaR,0.02,400,FPP-Branch-Benders-ProjectedCoverageLLBI-exp-RootCuts,FPP-Branch-Benders-CVaR-ProjectedCoverageLLBI-exp-RootCuts,coverage,exp,5,0,0,0,Feasible:5,188.01,173.3157381,0.077782266,1821.887165,90.333,92.867,188.01,209.51,2885,136.6,0,1000,19.31439446,35.81230524,0
CVaR,0.02,400,FPP-Branch-Benders-ProjectedCoverageLLBI-poly-RootCuts,FPP-Branch-Benders-CVaR-ProjectedCoverageLLBI-poly-RootCuts,coverage,poly,5,0,0,0,Feasible:5,188.18,171.8382567,0.086676554,1805.021151,90.183,92.166,188.18,205.48,4507.4,157.8,0,400,0,65.68004914,0
CVaR,0.02,400,FPP-Branch-Benders-ProjectedPathLLBI-exp-RootCuts,FPP-Branch-Benders-CVaR-ProjectedPathLLBI-exp-RootCuts,path,exp,5,0,0,0,Feasible:5,189.32,172.8353717,0.08687711,1806.388776,91.438,91.736,189.32,206.95,3461.6,125.2,0,1000,4.532424786,42.12631337,0
CVaR,0.02,400,FPP-Branch-Benders-ProjectedPathLLBI-poly-RootCuts,FPP-Branch-Benders-CVaR-ProjectedPathLLBI-poly-RootCuts,path,poly,5,0,0,0,Feasible:5,187.53,173.2944556,0.075734632,1805.159084,89.8725,91.344,187.53,205.75,4255.8,149,0,400,0,61.22999377,0
CVaR,0.02,400,FPP-Branch-Benders-RootCuts,FPP-Branch-Benders-CVaR-RootCuts,none,none,5,0,0,0,Feasible:5,189.925,170.127238,0.103944328,1802.31362,90.512,91.003,189.925,205.53,12616.6,159.4,0,0,0,75.55124568,0
CVaR,0.02,400,FPP-SAA-fpp_base,FPP-SAA-CVaR,none,none,5,0,0,0,Feasible:5,533.78,163.9094681,0.394837368,1800.153624,102.5695,103.771,229.72,239.95,0,0,0,0,0,0,0
CVaR,0.02,800,FPP-Branch-Benders-Combinatorial,FPP-Branch-Benders-Combinatorial-CVaR,none,none,5,0,0,0,Feasible:5,197.465,173.8462379,0.119070916,1880.508718,88.58725,91.949,197.465,208.32,831.2,0,0,0,0,0,24548.6
CVaR,0.02,800,FPP-Branch-Benders-LLBI-RootCuts,FPP-Branch-Benders-CVaR-LLBI-RootCuts,none,none,5,0,0,0,Feasible:5,193.855,177.0851138,0.086492642,1807.573347,88.25,91.809,193.855,202.17,8375.6,353.6,800,0,0,110.963147,0
CVaR,0.02,800,FPP-Branch-Benders-ProjectedCoverageLLBI-exp-RootCuts,FPP-Branch-Benders-CVaR-ProjectedCoverageLLBI-exp-RootCuts,coverage,exp,5,0,0,0,Feasible:5,194.4225,176.3640515,0.092829316,1831.172472,88.99675,92.298,194.4225,205.36,9713.4,327.6,0,1000,26.90236429,83.75366272,0
CVaR,0.02,800,FPP-Branch-Benders-ProjectedCoverageLLBI-poly-RootCuts,FPP-Branch-Benders-CVaR-ProjectedCoverageLLBI-poly-RootCuts,coverage,poly,5,0,0,0,Feasible:5,193.5875,176.8618503,0.086392578,1807.552332,88.709,92.053,193.5875,202.45,8428,353.6,0,800,0,114.7506363,0
CVaR,0.02,800,FPP-Branch-Benders-ProjectedPathLLBI-exp-RootCuts,FPP-Branch-Benders-CVaR-ProjectedPathLLBI-exp-RootCuts,path,exp,5,0,0,0,Feasible:5,194.62,177.1103998,0.08993294,1806.817555,88.78625,92.269,194.62,203.28,11043.6,324.2,0,1000,4.178896666,63.07495082,0
CVaR,0.02,800,FPP-Branch-Benders-ProjectedPathLLBI-poly-RootCuts,FPP-Branch-Benders-CVaR-ProjectedPathLLBI-poly-RootCuts,path,poly,5,0,0,0,Feasible:5,193.3475,177.5565275,0.081604596,1805.019663,88.1405,91.484,193.3475,205.08,6331.4,318.8,0,800,0,78.77908892,0
CVaR,0.02,800,FPP-Branch-Benders-RootCuts,FPP-Branch-Benders-CVaR-RootCuts,none,none,5,0,0,0,Feasible:5,195.9425,174.4845348,0.109471772,1804.053903,89.4645,93.033,195.9425,203.22,19730.4,320.2,0,0,0,123.1856655,0
CVaR,0.02,800,FPP-SAA-fpp_base,FPP-SAA-CVaR,none,none,5,0,0,0,Feasible:5,1720.325,0,1,1800.403487,134.91725,138.248,308.3475,305.17,0,0,0,0,0,0,0
CVaR,0.03,100,FPP-Branch-Benders-Combinatorial,FPP-Branch-Benders-Combinatorial-CVaR,none,none,5,0,0,0,Feasible:5,126.96,101.5070997,0.199216118,1811.343619,68.9,87.211,126.96,193.87,231,0,0,0,0,0,47830.8
CVaR,0.03,100,FPP-Branch-Benders-LLBI-RootCuts,FPP-Branch-Benders-CVaR-LLBI-RootCuts,none,none,5,0,0,0,Feasible:5,125.66,103.5691715,0.174233832,1800.537501,66.486,83.98,125.66,191.51,2310.8,60,100,0,0,20.87061171,0
CVaR,0.03,100,FPP-Branch-Benders-ProjectedCoverageLLBI-exp-RootCuts,FPP-Branch-Benders-CVaR-ProjectedCoverageLLBI-exp-RootCuts,coverage,exp,5,0,0,0,Feasible:5,123.8,108.7616189,0.120315038,1803.492431,67.756,84.933,123.8,188.29,686.6,40.6,0,555,3.113412582,10.03650909,0
CVaR,0.03,100,FPP-Branch-Benders-ProjectedCoverageLLBI-poly-RootCuts,FPP-Branch-Benders-CVaR-ProjectedCoverageLLBI-poly-RootCuts,coverage,poly,5,0,0,0,Feasible:5,125.48,103.8528897,0.170508906,1800.531482,66.776,83.317,125.48,190.95,2282.8,60,0,100,0,15.40430042,0
CVaR,0.03,100,FPP-Branch-Benders-ProjectedPathLLBI-exp-RootCuts,FPP-Branch-Benders-CVaR-ProjectedPathLLBI-exp-RootCuts,path,exp,5,0,0,0,Feasible:5,123.9,109.3516293,0.116386468,1801.189524,68.064,85.047,123.9,189.61,322.8,31.8,0,572,0.895406298,7.16630575,0
CVaR,0.03,100,FPP-Branch-Benders-ProjectedPathLLBI-poly-RootCuts,FPP-Branch-Benders-CVaR-ProjectedPathLLBI-poly-RootCuts,path,poly,5,0,0,0,Feasible:5,126.64,103.7845843,0.178126078,1800.571558,67.842,85.848,126.64,191.63,2085.8,58.4,0,100,0,17.17392492,0
CVaR,0.03,100,FPP-Branch-Benders-RootCuts,FPP-Branch-Benders-CVaR-RootCuts,none,none,5,0,0,0,Feasible:5,128.78,101.342955,0.212173914,1800.564157,68.44,85.619,128.78,190.67,4058,57.2,0,0,0,31.78965426,0
CVaR,0.03,100,FPP-SAA-fpp_base,FPP-SAA-CVaR,none,none,5,0,0,0,Feasible:5,127.18,105.9926275,0.166118582,1800.040526,67.306,85.369,127.14,191.83,0,0,0,0,0,0,0
CVaR,0.03,200,FPP-Branch-Benders-Combinatorial,FPP-Branch-Benders-Combinatorial-CVaR,none,none,5,0,0,0,Feasible:5,144.14,113.2602503,0.213026492,1827.453765,74.114,82.778,144.14,187.23,334,0,0,0,0,0,52967.6
CVaR,0.03,200,FPP-Branch-Benders-LLBI-RootCuts,FPP-Branch-Benders-CVaR-LLBI-RootCuts,none,none,5,0,0,0,Feasible:5,142.87,113.1880204,0.20742412,1801.65736,72.056,80.469,142.87,185.15,4458,117.8,200,0,0,54.85863725,0
CVaR,0.03,200,FPP-Branch-Benders-ProjectedCoverageLLBI-exp-RootCuts,FPP-Branch-Benders-CVaR-ProjectedCoverageLLBI-exp-RootCuts,coverage,exp,5,0,0,0,Feasible:5,140.67,118.6823806,0.155462358,1808.200909,72.925,81.65,140.67,182.48,2199.6,92,0,969.6,7.389185738,25.05626166,0
CVaR,0.03,200,FPP-Branch-Benders-ProjectedCoverageLLBI-poly-RootCuts,FPP-Branch-Benders-CVaR-ProjectedCoverageLLBI-poly-RootCuts,coverage,poly,5,0,0,0,Feasible:5,142.23,113.1162403,0.204190376,1802.150252,72.519,81.586,142.23,186.98,4300.6,117.8,0,200,0,58.78185161,0
CVaR,0.03,200,FPP-Branch-Benders-ProjectedPathLLBI-exp-RootCuts,FPP-Branch-Benders-CVaR-ProjectedPathLLBI-exp-RootCuts,path,exp,5,0,0,0,Feasible:5,140.72,119.1219212,0.15246215,1804.221683,72.124,79.352,140.72,179.64,2067.4,69.6,0,974.8,3.134552674,28.11990643,0
CVaR,0.03,200,FPP-Branch-Benders-ProjectedPathLLBI-poly-RootCuts,FPP-Branch-Benders-CVaR-ProjectedPathLLBI-poly-RootCuts,path,poly,5,0,0,0,Feasible:5,141.36,113.7272581,0.194640092,1802.059244,72.845,82.576,141.36,183.3,3769,111.2,0,200,0,53.57223722,0
CVaR,0.03,200,FPP-Branch-Benders-RootCuts,FPP-Branch-Benders-CVaR-RootCuts,none,none,5,0,0,0,Feasible:5,145.41,112.034345,0.229124322,1800.881327,73.563,80.899,145.41,184.85,8479.2,110.2,0,0,0,48.03203958,0
CVaR,0.03,200,FPP-SAA-fpp_base,FPP-SAA-CVaR,none,none,5,0,0,0,Feasible:5,145.95,114.3706045,0.215497414,1800.056152,73.269,82.969,145.95,189.34,0,0,0,0,0,0,0
CVaR,0.03,400,FPP-Branch-Benders-Combinatorial,FPP-Branch-Benders-Combinatorial-CVaR,none,none,5,0,0,0,Feasible:5,159.285,123.4604506,0.223480332,1937.660905,75.1665,76.439,159.285,174.39,612.8,0,0,0,0,0,49264.8
CVaR,0.03,400,FPP-Branch-Benders-LLBI-RootCuts,FPP-Branch-Benders-CVaR-LLBI-RootCuts,none,none,5,0,0,0,Feasible:5,153.785,122.8224374,0.201230774,1804.203945,76.117,78.447,153.785,173.91,8044.8,211,400,0,0,92.75525874,0
CVaR,0.03,400,FPP-Branch-Benders-ProjectedCoverageLLBI-exp-RootCuts,FPP-Branch-Benders-CVaR-ProjectedCoverageLLBI-exp-RootCuts,coverage,exp,5,0,0,0,Feasible:5,153.45,124.6851766,0.187412348,1815.151392,75.5125,77.655,153.45,170.24,7570.6,187,0,1000,13.47446323,58.07620656,0
CVaR,0.03,400,FPP-Branch-Benders-ProjectedCoverageLLBI-poly-RootCuts,FPP-Branch-Benders-CVaR-ProjectedCoverageLLBI-poly-RootCuts,coverage,poly,5,0,0,0,Feasible:5,153.035,122.9027774,0.19687219,1804.284638,75.849,78.002,153.035,174.61,7634,211,0,400,0,74.11409828,0
CVaR,0.03,400,FPP-Branch-Benders-ProjectedPathLLBI-exp-RootCuts,FPP-Branch-Benders-CVaR-ProjectedPathLLBI-exp-RootCuts,path,exp,5,0,0,0,Feasible:5,156.675,124.3658805,0.206208294,1805.792168,75.4295,78.253,156.675,177.29,7909.8,180.8,0,1000,3.59121843,83.58111161,0
CVaR,0.03,400,FPP-Branch-Benders-ProjectedPathLLBI-poly-RootCuts,FPP-Branch-Benders-CVaR-ProjectedPathLLBI-poly-RootCuts,path,poly,5,0,0,0,Feasible:5,152.89,123.9371222,0.189352192,1805.65896,75.077,78.169,152.89,176.11,6676.8,196.4,0,400,0,81.26073124,0
CVaR,0.03,400,FPP-Branch-Benders-RootCuts,FPP-Branch-Benders-CVaR-RootCuts,none,none,5,0,0,0,Feasible:5,157.915,121.7695194,0.22890433,1802.842033,76.6675,78.725,157.915,178.99,14629.4,196.6,0,0,0,93.41834427,0
CVaR,0.03,400,FPP-SAA-fpp_base,FPP-SAA-CVaR,none,none,5,0,0,0,Feasible:5,522.32,123.0856471,0.531580966,1800.212858,89.436,91.277,199.485,212.09,0,0,0,0,0,0,0
CVaR,0.03,800,FPP-Branch-Benders-Combinatorial,FPP-Branch-Benders-Combinatorial-CVaR,none,none,5,0,0,0,Feasible:5,164.89,130.2027394,0.209567046,1867.00309,75.219,77.929,164.89,174.22,800.2,0,0,0,0,0,70122.6
CVaR,0.03,800,FPP-Branch-Benders-LLBI-RootCuts,FPP-Branch-Benders-CVaR-LLBI-RootCuts,none,none,5,0,0,0,Feasible:5,160.835,128.4200211,0.201497784,1806.115051,76.026,78.5,160.835,172.88,11500.8,385.2,800,0,0,114.3905875,0
CVaR,0.03,800,FPP-Branch-Benders-ProjectedCoverageLLBI-exp-RootCuts,FPP-Branch-Benders-CVaR-ProjectedCoverageLLBI-exp-RootCuts,coverage,exp,5,0,0,0,Feasible:5,161.2525,129.1754201,0.198820994,1832.973035,76.30075,79.815,161.2525,174.19,21847.4,424.2,0,1000,27.93746724,87.90640234,0
CVaR,0.03,800,FPP-Branch-Benders-ProjectedCoverageLLBI-poly-RootCuts,FPP-Branch-Benders-CVaR-ProjectedCoverageLLBI-poly-RootCuts,coverage,poly,5,0,0,0,Feasible:5,160.325,128.7732232,0.196768806,1806.49997,75.981,78.497,160.325,172.57,12906.4,385.2,0,800,0,90.91718511,0
CVaR,0.03,800,FPP-Branch-Benders-ProjectedPathLLBI-exp-RootCuts,FPP-Branch-Benders-CVaR-ProjectedPathLLBI-exp-RootCuts,path,exp,5,0,0,0,Feasible:5,161.615,129.4932529,0.198752054,1805.748262,75.761,79.214,161.615,171.87,19506.4,420.6,0,1000,2.4198154,79.9374441,0
CVaR,0.03,800,FPP-Branch-Benders-ProjectedPathLLBI-poly-RootCuts,FPP-Branch-Benders-CVaR-ProjectedPathLLBI-poly-RootCuts,path,poly,5,0,0,0,Feasible:5,160.37,129.2328353,0.194124556,1804.500508,75.03675,77.938,160.37,172.26,12645.6,367.6,0,800,0,88.38639416,0
CVaR,0.03,800,FPP-Branch-Benders-RootCuts,FPP-Branch-Benders-CVaR-RootCuts,none,none,5,0,0,0,Feasible:5,162.4875,127.0351328,0.218119252,1804.648052,75.74925,78.722,162.4875,172.79,29318.8,394.6,0,0,0,131.0321234,0
CVaR,0.03,800,FPP-SAA-fpp_base,FPP-SAA-CVaR,none,none,5,0,0,0,Feasible:5,1720.325,0,1,1800.674527,124.818,127.966,289.0625,288.15,0,0,0,0,0,0,0
Expected,0.01,100,FPP-Branch-Benders-Combinatorial,FPP-Branch-Benders-Combinatorial,none,none,5,5,0,0,Optimal:5,97.146,97.11302353,0.00034102,7.926951608,97.146,112.183,236.72,256.6,106.2,0,0,0,0,0,944
Expected,0.01,100,FPP-Branch-Benders-LLBI-RootCuts,FPP-Branch-Benders-LLBI-RootCuts,none,none,5,5,0,0,Optimal:5,97.146,97.1022861,0.00044924,4.475004018,97.146,112.183,236.72,256.6,155.2,50.8,100,0,0,2.764496024,0
Expected,0.01,100,FPP-Branch-Benders-ProjectedCoverageLLBI-exp-RootCuts,FPP-Branch-Benders-ProjectedCoverageLLBI-exp-RootCuts,coverage,exp,5,5,0,0,Optimal:5,97.146,97.12050805,0.000262728,3.703975062,97.146,112.183,236.72,256.6,37,27,0,249.6,1.759807122,1.156859206,0
Expected,0.01,100,FPP-Branch-Benders-ProjectedCoverageLLBI-poly-RootCuts,FPP-Branch-Benders-ProjectedCoverageLLBI-poly-RootCuts,coverage,poly,5,5,0,0,Optimal:5,97.146,97.1022861,0.00044924,3.294630314,97.146,112.183,236.72,256.6,155.2,50.8,0,100,0,1.935997372,0
Expected,0.01,100,FPP-Branch-Benders-ProjectedPathLLBI-exp-RootCuts,FPP-Branch-Benders-ProjectedPathLLBI-exp-RootCuts,path,exp,5,5,0,0,Optimal:5,97.146,97.133,0.000134576,2.477874422,97.146,112.183,236.72,256.6,7,0,0,274.4,0.752476812,0.975578034,0
Expected,0.01,100,FPP-Branch-Benders-ProjectedPathLLBI-poly-RootCuts,FPP-Branch-Benders-ProjectedPathLLBI-poly-RootCuts,path,poly,5,5,0,0,Optimal:5,97.146,97.11634628,0.000305824,2.971176636,97.146,112.183,236.72,256.6,132.8,46.8,0,100,0,1.779354872,0
Expected,0.01,100,FPP-Branch-Benders-RootCuts,FPP-Branch-Benders-RootCuts,none,none,5,5,0,0,Optimal:5,97.146,97.10552952,0.000418174,6.785923718,97.146,112.183,236.72,256.6,982.2,48.6,0,0,0,4.414687932,0
Expected,0.01,100,FPP-SAA-fpp_base,FPP-SAA,none,none,5,5,0,0,Optimal:5,97.146,97.12565581,0.000208798,2.737132578,97.146,112.183,236.72,256.6,0,0,0,0,0,0,0
Expected,0.01,200,FPP-Branch-Benders-Combinatorial,FPP-Branch-Benders-Combinatorial,none,none,5,5,0,0,Optimal:5,102.007,101.9793414,0.00026975,16.89792505,102.007,108.627,238.82,258.49,259.4,0,0,0,0,0,1999.4
Expected,0.01,200,FPP-Branch-Benders-LLBI-RootCuts,FPP-Branch-Benders-LLBI-RootCuts,none,none,5,5,0,0,Optimal:5,102.007,101.9386962,0.000669274,7.04024313,102.007,108.627,238.82,258.49,350,96.6,200,0,0,4.319751984,0
Expected,0.01,200,FPP-Branch-Benders-ProjectedCoverageLLBI-exp-RootCuts,FPP-Branch-Benders-ProjectedCoverageLLBI-exp-RootCuts,coverage,exp,5,5,0,0,Optimal:5,102.007,101.9692009,0.00036909,10.16928457,102.007,108.627,238.82,258.49,268.8,59.6,0,590.6,4.800870104,3.166297938,0
Expected,0.01,200,FPP-Branch-Benders-ProjectedCoverageLLBI-poly-RootCuts,FPP-Branch-Benders-ProjectedCoverageLLBI-poly-RootCuts,coverage,poly,5,5,0,0,Optimal:5,102.007,101.9386962,0.000669274,9.623273468,102.007,108.627,238.82,258.49,350,96.6,0,200,0,5.651059466,0
Expected,0.01,200,FPP-Branch-Benders-ProjectedPathLLBI-exp-RootCuts,FPP-Branch-Benders-ProjectedPathLLBI-exp-RootCuts,path,exp,5,5,0,0,Optimal:5,102.007,101.9557814,0.00049878,5.930557234,102.007,108.627,238.82,258.49,232.2,0,0,589.2,1.23547059,2.737892864,0
Expected,0.01,200,FPP-Branch-Benders-ProjectedPathLLBI-poly-RootCuts,FPP-Branch-Benders-ProjectedPathLLBI-poly-RootCuts,path,poly,5,5,0,0,Optimal:5,102.007,101.9340377,0.000719246,7.954600568,102.007,108.627,238.82,258.49,318.6,93,0,200,0,4.740558614,0
Expected,0.01,200,FPP-Branch-Benders-RootCuts,FPP-Branch-Benders-RootCuts,none,none,5,5,0,0,Optimal:5,102.007,101.9333682,0.00071905,10.03506623,102.007,108.627,238.82,258.49,2203.8,94.6,0,0,0,6.533382058,0
Expected,0.01,200,FPP-SAA-fpp_base,FPP-SAA,none,none,5,5,0,0,Optimal:5,102.038,101.9866199,0.000504674,32.2223966,102.038,109.283,240.52,258.79,0,0,0,0,0,0,0
Expected,0.01,400,FPP-Branch-Benders-Combinatorial,FPP-Branch-Benders-Combinatorial,none,none,5,5,0,0,Optimal:5,104.808,104.7727029,0.000336498,49.29735043,104.808,104.503,246.905,244.58,637.6,0,0,0,0,0,4111
Expected,0.01,400,FPP-Branch-Benders-LLBI-RootCuts,FPP-Branch-Benders-LLBI-RootCuts,none,none,5,5,0,0,Optimal:5,104.799,104.7233468,0.000721022,16.24103827,104.799,104.603,247.405,244.93,607,193.4,400,0,0,9.6532578,0
Expected,0.01,400,FPP-Branch-Benders-ProjectedCoverageLLBI-exp-RootCuts,FPP-Branch-Benders-ProjectedCoverageLLBI-exp-RootCuts,coverage,exp,5,5,0,0,Optimal:5,104.799,104.7382841,0.000582734,23.52272688,104.799,104.603,247.405,244.93,1095.4,168.6,0,1000,9.191207824,8.388687468,0
Expected,0.01,400,FPP-Branch-Benders-ProjectedCoverageLLBI-poly-RootCuts,FPP-Branch-Benders-ProjectedCoverageLLBI-poly-RootCuts,coverage,poly,5,5,0,0,Optimal:5,104.799,104.7233468,0.000721022,17.97888893,104.799,104.603,247.405,244.93,607,193.4,0,400,0,10.84213379,0
Expected,0.01,400,FPP-Branch-Benders-ProjectedPathLLBI-exp-RootCuts,FPP-Branch-Benders-ProjectedPathLLBI-exp-RootCuts,path,exp,5,5,0,0,Optimal:5,104.799,104.7118946,0.000831084,22.00497632,104.799,104.603,247.405,244.93,1035,144.2,0,1000,3.127802358,10.8936209,0
Expected,0.01,400,FPP-Branch-Benders-ProjectedPathLLBI-poly-RootCuts,FPP-Branch-Benders-ProjectedPathLLBI-poly-RootCuts,path,poly,5,5,0,0,Optimal:5,104.799,104.7430106,0.000531012,21.88508051,104.799,104.603,247.405,244.93,624.2,199,0,400,0,12.65719292,0
Expected,0.01,400,FPP-Branch-Benders-RootCuts,FPP-Branch-Benders-RootCuts,none,none,5,5,0,0,Optimal:5,104.799,104.7113894,0.000838014,48.34543583,104.799,104.603,247.405,244.93,4408.4,187.6,0,0,0,31.62937453,0
Expected,0.01,400,FPP-SAA-fpp_base,FPP-SAA,none,none,5,5,0,0,Optimal:5,104.808,104.7772422,0.000294094,707.6239457,104.808,104.503,246.905,244.58,0,0,0,0,0,0,0
Expected,0.01,800,FPP-Branch-Benders-Combinatorial,FPP-Branch-Benders-Combinatorial,none,none,5,5,0,0,Optimal:5,104.18475,104.1396363,0.000435176,58.74695894,104.18475,108.14,244.9775,248.15,832,0,0,0,0,0,7414.6
Expected,0.01,800,FPP-Branch-Benders-LLBI-RootCuts,FPP-Branch-Benders-LLBI-RootCuts,none,none,5,5,0,0,Optimal:5,104.18475,104.1049408,0.000766076,31.70906696,104.18475,108.14,244.9775,248.15,1121,399,800,0,0,19.34991566,0
Expected,0.01,800,FPP-Branch-Benders-ProjectedCoverageLLBI-exp-RootCuts,FPP-Branch-Benders-ProjectedCoverageLLBI-exp-RootCuts,coverage,exp,5,5,0,0,Optimal:5,104.18475,104.1098899,0.000718152,56.69280722,104.18475,108.14,244.9775,248.15,4949.2,479.8,0,1000,22.23660378,20.61000178,0
Expected,0.01,800,FPP-Branch-Benders-ProjectedCoverageLLBI-poly-RootCuts,FPP-Branch-Benders-ProjectedCoverageLLBI-poly-RootCuts,coverage,poly,5,5,0,0,Optimal:5,104.18475,104.1049408,0.000766076,41.68654017,104.18475,108.14,244.9775,248.15,1121,399,0,800,0,23.65750958,0
Expected,0.01,800,FPP-Branch-Benders-ProjectedPathLLBI-exp-RootCuts,FPP-Branch-Benders-ProjectedPathLLBI-exp-RootCuts,path,exp,5,5,0,0,Optimal:5,104.18475,104.1096395,0.00071954,41.88289897,104.18475,108.14,244.9775,248.15,4844.2,477.4,0,1000,2.199661716,23.39929587,0
Expected,0.01,800,FPP-Branch-Benders-ProjectedPathLLBI-poly-RootCuts,FPP-Branch-Benders-ProjectedPathLLBI-poly-RootCuts,path,poly,5,5,0,0,Optimal:5,104.18475,104.1207526,0.000615542,29.30111262,104.18475,108.14,244.9775,248.15,997.8,382.2,0,800,0,16.21805197,0
Expected,0.01,800,FPP-Branch-Benders-RootCuts,FPP-Branch-Benders-RootCuts,none,none,5,5,0,0,Optimal:5,104.18475,104.089309,0.000916094,37.18115334,104.18475,108.14,244.9775,248.15,8492.2,391.6,0,0,0,24.01249595,0
Expected,0.01,800,FPP-SAA-fpp_base,FPP-SAA,none,none,5,1,0,0,Feasible:4;Optimal:1,130.118,21.45304167,0.794164744,1726.839795,130.118,133.592,298.17,296.85,0,0,0,0,0,0,0
Expected,0.02,100,FPP-Branch-Benders-Combinatorial,FPP-Branch-Benders-Combinatorial,none,none,5,5,0,0,Optimal:5,76.646,76.6255968,0.00026566,51.66270901,76.646,94.92,182.3,217.57,155.8,0,0,0,0,0,13397.8
Expected,0.02,100,FPP-Branch-Benders-LLBI-RootCuts,FPP-Branch-Benders-LLBI-RootCuts,none,none,5,5,0,0,Optimal:5,76.646,76.569913,0.00099266,55.98383091,76.646,94.92,182.3,217.57,1335.8,65.8,100,0,0,8.852650958,0
Expected,0.02,100,FPP-Branch-Benders-ProjectedCoverageLLBI-exp-RootCuts,FPP-Branch-Benders-ProjectedCoverageLLBI-exp-RootCuts,coverage,exp,5,5,0,0,Optimal:5,76.646,76.57248686,0.000959186,9.581258742,76.646,94.92,182.3,217.57,161.4,39.2,0,513.2,2.905125586,2.458798232,0
Expected,0.02,100,FPP-Branch-Benders-ProjectedCoverageLLBI-poly-RootCuts,FPP-Branch-Benders-ProjectedCoverageLLBI-poly-RootCuts,coverage,poly,5,5,0,0,Optimal:5,76.646,76.569913,0.00099266,31.74460355,76.646,94.92,182.3,217.57,1335.8,65.8,0,100,0,5.043685162,0
Expected,0.02,100,FPP-Branch-Benders-ProjectedPathLLBI-exp-RootCuts,FPP-Branch-Benders-ProjectedPathLLBI-exp-RootCuts,path,exp,5,5,0,0,Optimal:5,76.646,76.59196229,0.000701248,8.590232452,76.646,94.92,182.3,217.57,97.4,7,0,516,1.120136136,2.852764776,0
Expected,0.02,100,FPP-Branch-Benders-ProjectedPathLLBI-poly-RootCuts,FPP-Branch-Benders-ProjectedPathLLBI-poly-RootCuts,path,poly,5,5,0,0,Optimal:5,76.646,76.57025616,0.000988082,77.91266675,76.646,94.92,182.3,217.57,1456,64.4,0,100,0,11.58803752,0
Expected,0.02,100,FPP-Branch-Benders-RootCuts,FPP-Branch-Benders-RootCuts,none,none,5,5,0,0,Optimal:5,76.646,76.5696452,0.000996168,99.21497853,76.646,94.92,182.3,217.57,3240.6,65.4,0,0,0,15.20243942,0
Expected,0.02,100,FPP-SAA-fpp_base,FPP-SAA,none,none,5,5,0,0,Optimal:5,76.646,76.631,0.000194628,15.58711166,76.646,94.92,182.3,217.57,0,0,0,0,0,0,0
Expected,0.02,200,FPP-Branch-Benders-Combinatorial,FPP-Branch-Benders-Combinatorial,none,none,5,5,0,0,Optimal:5,82.08,82.04023761,0.00048383,171.0051336,82.08,92.945,193.78,218.31,301.8,0,0,0,0,0,27904.2
Expected,0.02,200,FPP-Branch-Benders-LLBI-RootCuts,FPP-Branch-Benders-LLBI-RootCuts,none,none,5,5,0,0,Optimal:5,82.08,81.99801212,0.00099888,370.7362589,82.08,92.945,193.78,218.31,5013.4,127,200,0,0,26.95744195,0
Expected,0.02,200,FPP-Branch-Benders-ProjectedCoverageLLBI-exp-RootCuts,FPP-Branch-Benders-ProjectedCoverageLLBI-exp-RootCuts,coverage,exp,5,5,0,0,Optimal:5,82.08,82.00064354,0.000966758,39.45523794,82.08,92.945,193.78,218.31,655.2,92.2,0,975.8,7.047833786,7.187093258,0
Expected,0.02,200,FPP-Branch-Benders-ProjectedCoverageLLBI-poly-RootCuts,FPP-Branch-Benders-ProjectedCoverageLLBI-poly-RootCuts,coverage,poly,5,5,0,0,Optimal:5,82.08,81.99801212,0.00099888,238.0155261,82.08,92.945,193.78,218.31,5013.4,127,0,200,0,18.87297521,0
Expected,0.02,200,FPP-Branch-Benders-ProjectedPathLLBI-exp-RootCuts,FPP-Branch-Benders-ProjectedPathLLBI-exp-RootCuts,path,exp,5,5,0,0,Optimal:5,82.08,82.00204017,0.000949546,25.87399495,82.08,92.945,193.78,218.31,529.6,69.8,0,975,2.315141472,6.4754528,0
Expected,0.02,200,FPP-Branch-Benders-ProjectedPathLLBI-poly-RootCuts,FPP-Branch-Benders-ProjectedPathLLBI-poly-RootCuts,path,poly,5,5,0,0,Optimal:5,82.08,81.99802266,0.000998748,264.9223859,82.08,92.945,193.78,218.31,4793.4,124.8,0,200,0,26.26467019,0
Expected,0.02,200,FPP-Branch-Benders-RootCuts,FPP-Branch-Benders-RootCuts,none,none,5,5,0,0,Optimal:5,82.08,81.99820069,0.00099657,698.8356343,82.08,92.945,193.78,218.31,9344.6,129.4,0,0,0,34.74682522,0
Expected,0.02,200,FPP-SAA-fpp_base,FPP-SAA,none,none,5,5,0,0,Optimal:5,82.08,82.05378896,0.000318036,144.2466493,82.08,92.945,193.78,218.31,0,0,0,0,0,0,0
Expected,0.02,400,FPP-Branch-Benders-Combinatorial,FPP-Branch-Benders-Combinatorial,none,none,5,4,0,0,Feasible:1;Optimal:4,85.5005,85.14190409,0.004184384,992.5360178,85.5005,88.205,202.075,205.15,584.6,0,0,0,0,0,59040.4
Expected,0.02,400,FPP-Branch-Benders-LLBI-RootCuts,FPP-Branch-Benders-LLBI-RootCuts,none,none,5,2,0,0,Feasible:3;Optimal:2,85.5405,84.87934729,0.007674204,1515.933693,85.5405,87.722,202.35,205,11486.2,259.8,400,0,0,68.7227454,0
Expected,0.02,400,FPP-Branch-Benders-ProjectedCoverageLLBI-exp-RootCuts,FPP-Branch-Benders-ProjectedCoverageLLBI-exp-RootCuts,coverage,exp,5,2,0,0,Feasible:3;Optimal:2,85.628,84.71308427,0.010540284,1497.579449,85.628,87.87,200.46,204.96,11225.2,294.2,0,1000,15.61514234,66.07382864,0
Expected,0.02,400,FPP-Branch-Benders-ProjectedCoverageLLBI-poly-RootCuts,FPP-Branch-Benders-ProjectedCoverageLLBI-poly-RootCuts,coverage,poly,5,2,0,0,Feasible:3;Optimal:2,85.5405,84.92630359,0.00713286,1425.404487,85.5405,87.765,202.435,204.41,11695.4,259.8,0,400,0,70.58896925,0
Expected,0.02,400,FPP-Branch-Benders-ProjectedPathLLBI-exp-RootCuts,FPP-Branch-Benders-ProjectedPathLLBI-exp-RootCuts,path,exp,5,2,0,0,Feasible:3;Optimal:2,85.5005,84.91619561,0.00676219,1272.940211,85.5005,88.205,202.075,205.15,10006.6,293.6,0,1000,1.880346842,53.35949047,0
Expected,0.02,400,FPP-Branch-Benders-ProjectedPathLLBI-poly-RootCuts,FPP-Branch-Benders-ProjectedPathLLBI-poly-RootCuts,path,poly,5,3,0,0,Feasible:2;Optimal:3,85.566,85.03848561,0.006104538,1535.948246,85.566,88,199.09,203.84,9919.2,251.6,0,400,0,73.73040391,0
Expected,0.02,400,FPP-Branch-Benders-RootCuts,FPP-Branch-Benders-RootCuts,none,none,5,1,0,0,Feasible:4;Optimal:1,85.655,84.54990867,0.01283705,1664.531712,85.655,88.659,200.435,207.38,18123.6,258.6,0,0,0,69.53293888,0
Expected,0.02,400,FPP-SAA-fpp_base,FPP-SAA,none,none,5,4,0,0,Feasible:1;Optimal:4,85.6255,85.26179634,0.00421582,1394.881938,85.6255,87.647,201.845,205.09,0,0,0,0,0,0,0
Expected,0.02,800,FPP-Branch-Benders-Combinatorial,FPP-Branch-Benders-Combinatorial,none,none,5,5,0,0,Optimal:5,86.00025,85.9350891,0.000756756,1148.542578,86.00025,89.62,202.47,206.43,880,0,0,0,0,0,87196.8
Expected,0.02,800,FPP-Branch-Benders-LLBI-RootCuts,FPP-Branch-Benders-LLBI-RootCuts,none,none,5,0,0,0,Feasible:5,86.3105,84.71040046,0.01852662,1805.86925,86.3105,90.052,203.7175,209.56,19657,499.4,800,0,0,145.6032761,0
Expected,0.02,800,FPP-Branch-Benders-ProjectedCoverageLLBI-exp-RootCuts,FPP-Branch-Benders-ProjectedCoverageLLBI-exp-RootCuts,coverage,exp,5,0,0,0,Feasible:5,86.402,83.74247454,0.030774792,1837.768396,86.402,89.996,205.2925,208.46,24321.6,625.6,0,1000,32.727848,105.1905529,0
Expected,0.02,800,FPP-Branch-Benders-ProjectedCoverageLLBI-poly-RootCuts,FPP-Branch-Benders-ProjectedCoverageLLBI-poly-RootCuts,coverage,poly,5,0,0,0,Feasible:5,86.2,84.79176931,0.016330314,1804.764108,86.2,90.009,203.86,208.78,19083.6,499.4,0,800,0,108.9599137,0
Expected,0.02,800,FPP-Branch-Benders-ProjectedPathLLBI-exp-RootCuts,FPP-Branch-Benders-ProjectedPathLLBI-exp-RootCuts,path,exp,5,0,0,0,Feasible:5,86.2255,84.05607736,0.025167304,1807.411946,86.2255,89.756,202.275,206.82,22726.4,608.6,0,1000,2.900680556,103.7893571,0
Expected,0.02,800,FPP-Branch-Benders-ProjectedPathLLBI-poly-RootCuts,FPP-Branch-Benders-ProjectedPathLLBI-poly-RootCuts,path,poly,5,0,0,0,Feasible:5,86.18525,84.84482517,0.015528046,1808.754904,86.18525,89.837,203.4675,207.22,15764.8,495.4,0,800,0,131.1761687,0
Expected,0.02,800,FPP-Branch-Benders-RootCuts,FPP-Branch-Benders-RootCuts,none,none,5,0,0,0,Feasible:5,86.30875,84.29959767,0.02323893,1804.335901,86.30875,89.393,201.7975,204.96,28823,493,0,0,0,160.6751702,0
Expected,0.02,800,FPP-SAA-fpp_base,FPP-SAA,none,none,5,0,0,0,Feasible:5,136.6405,1,0.992681198,1800.376529,134.91725,138.248,308.3475,305.17,0,0,0,0,0,0,0
Expected,0.03,100,FPP-Branch-Benders-Combinatorial,FPP-Branch-Benders-Combinatorial,none,none,5,5,0,0,Optimal:5,62.16,62.12100284,0.000625738,687.8787012,62.16,83.045,149.12,191.56,156,0,0,0,0,0,56365.8
Expected,0.03,100,FPP-Branch-Benders-LLBI-RootCuts,FPP-Branch-Benders-LLBI-RootCuts,none,none,5,0,0,0,Feasible:5,62.552,59.90396366,0.04212405,1800.528367,62.552,83.39,151.5,192.39,6833.4,72.6,100,0,0,23.6134247,0
Expected,0.03,100,FPP-Branch-Benders-ProjectedCoverageLLBI-exp-RootCuts,FPP-Branch-Benders-ProjectedCoverageLLBI-exp-RootCuts,coverage,exp,5,5,0,0,Optimal:5,62.16,62.09835809,0.000991612,228.2884363,62.16,83.045,149.12,191.56,569.8,52.2,0,654,4.213273354,5.94096821,0
Expected,0.03,100,FPP-Branch-Benders-ProjectedCoverageLLBI-poly-RootCuts,FPP-Branch-Benders-ProjectedCoverageLLBI-poly-RootCuts,coverage,poly,5,0,0,0,Feasible:5,62.67,59.73321262,0.046551784,1801.054754,62.67,82.531,152.46,188.99,5936.4,72.6,0,100,0,25.31104535,0
Expected,0.03,100,FPP-Branch-Benders-ProjectedPathLLBI-exp-RootCuts,FPP-Branch-Benders-ProjectedPathLLBI-exp-RootCuts,path,exp,5,5,0,0,Optimal:5,62.16,62.09882461,0.000984118,64.27162682,62.16,83.045,149.12,191.56,342,37.2,0,661,1.2380235,3.670321126,0
Expected,0.03,100,FPP-Branch-Benders-ProjectedPathLLBI-poly-RootCuts,FPP-Branch-Benders-ProjectedPathLLBI-poly-RootCuts,path,poly,5,0,0,0,Feasible:5,62.616,59.97099921,0.042006894,1800.725064,62.616,83.678,149.5,193.29,6455.4,71.2,0,100,0,22.72071874,0
Expected,0.03,100,FPP-Branch-Benders-RootCuts,FPP-Branch-Benders-RootCuts,none,none,5,0,0,0,Feasible:5,63.036,59.92298419,0.049154388,1800.612057,63.036,82.146,154.58,192.79,9448.4,71,0,0,0,30.01406275,0
Expected,0.03,100,FPP-SAA-fpp_base,FPP-SAA,none,none,5,5,0,0,Optimal:5,62.16,62.14851429,0.000180878,83.58980647,62.16,83.045,149.12,191.56,0,0,0,0,0,0,0
Expected,0.03,200,FPP-Branch-Benders-Combinatorial,FPP-Branch-Benders-Combinatorial,none,none,5,0,0,0,Feasible:5,68.137,66.27399292,0.027296676,1836.261021,68.137,78.67,156.23,179.01,264.2,0,0,0,0,0,123800.6
Expected,0.03,200,FPP-Branch-Benders-LLBI-RootCuts,FPP-Branch-Benders-LLBI-RootCuts,none,none,5,0,0,0,Feasible:5,68.653,63.59718722,0.073492094,1801.152502,68.653,79.122,160.28,183.78,11084.4,145.2,200,0,0,36.40813147,0
Expected,0.03,200,FPP-Branch-Benders-ProjectedCoverageLLBI-exp-RootCuts,FPP-Branch-Benders-ProjectedCoverageLLBI-exp-RootCuts,coverage,exp,5,0,0,0,Feasible:5,67.93,65.81895174,0.031075856,1811.727094,67.93,78.991,158.28,178.65,5129,139,0,1000,10.33751219,34.94615195,0
Expected,0.03,200,FPP-Branch-Benders-ProjectedCoverageLLBI-poly-RootCuts,FPP-Branch-Benders-ProjectedCoverageLLBI-poly-RootCuts,coverage,poly,5,0,0,0,Feasible:5,68.287,63.46563247,0.07057094,1802.097402,68.287,78.68,157.87,184.94,10308.4,145.2,0,200,0,49.30971041,0
Expected,0.03,200,FPP-Branch-Benders-ProjectedPathLLBI-exp-RootCuts,FPP-Branch-Benders-ProjectedPathLLBI-exp-RootCuts,path,exp,5,0,0,0,Feasible:5,67.764,66.20612768,0.022969196,1802.889339,67.764,79.375,154.65,184.19,4018.2,137.8,0,1000,2.140887068,26.06369115,0
Expected,0.03,200,FPP-Branch-Benders-ProjectedPathLLBI-poly-RootCuts,FPP-Branch-Benders-ProjectedPathLLBI-poly-RootCuts,path,poly,5,0,0,0,Feasible:5,68.398,63.56324666,0.070540762,1801.873038,68.398,79.085,163.12,182.97,10146.8,141.2,0,200,0,40.45864923,0
Expected,0.03,200,FPP-Branch-Benders-RootCuts,FPP-Branch-Benders-RootCuts,none,none,5,0,0,0,Feasible:5,68.961,63.2631693,0.082493452,1801.105239,68.961,78.615,164.32,180.73,16775.4,141.6,0,0,0,58.19321328,0
Expected,0.03,200,FPP-SAA-fpp_base,FPP-SAA,none,none,5,5,0,0,Optimal:5,67.698,67.63756486,0.000892426,898.3329624,67.698,79.847,154.74,182.01,0,0,0,0,0,0,0
Expected,0.03,400,FPP-Branch-Benders-Combinatorial,FPP-Branch-Benders-Combinatorial,none,none,5,0,0,0,Feasible:5,71.5755,68.53881847,0.042383958,1870.432677,71.5755,74.241,166.225,171.94,472.6,0,0,0,0,0,214138
Expected,0.03,400,FPP-Branch-Benders-LLBI-RootCuts,FPP-Branch-Benders-LLBI-RootCuts,none,none,5,0,0,0,Feasible:5,72.204,66.12629606,0.084134506,1804.323824,72.204,75.095,165.92,174.65,14528.2,289.8,400,0,0,75.83300051,0
Expected,0.03,400,FPP-Branch-Benders-ProjectedCoverageLLBI-exp-RootCuts,FPP-Branch-Benders-ProjectedCoverageLLBI-exp-RootCuts,coverage,exp,5,0,0,0,Feasible:5,72.262,66.19455874,0.083751482,1819.388203,72.262,75.176,164.11,171.77,14664,333.8,0,1000,16.9651846,67.46149076,0
Expected,0.03,400,FPP-Branch-Benders-ProjectedCoverageLLBI-poly-RootCuts,FPP-Branch-Benders-ProjectedCoverageLLBI-poly-RootCuts,coverage,poly,5,0,0,0,Feasible:5,72.1515,66.26131242,0.081609174,1804.134193,72.1515,74.922,166.015,174.06,15368.4,289.8,0,400,0,61.26793416,0
Expected,0.03,400,FPP-Branch-Benders-ProjectedPathLLBI-exp-RootCuts,FPP-Branch-Benders-ProjectedPathLLBI-exp-RootCuts,path,exp,5,0,0,0,Feasible:5,72.1645,66.45889567,0.078983468,1804.327892,72.1645,75.696,166.13,178.97,14473.2,330.8,0,1000,2.423634506,61.75892817,0
Expected,0.03,400,FPP-Branch-Benders-ProjectedPathLLBI-poly-RootCuts,FPP-Branch-Benders-ProjectedPathLLBI-poly-RootCuts,path,poly,5,0,0,0,Feasible:5,72.321,66.20904913,0.084487326,1806.407643,72.321,75.272,169.13,176.6,14344.8,283.8,0,400,0,72.10488642,0
Expected,0.03,400,FPP-Branch-Benders-RootCuts,FPP-Branch-Benders-RootCuts,none,none,5,0,0,0,Feasible:5,72.1855,66.16560197,0.083319606,1801.334574,72.1855,74.264,165.375,171.67,28345.6,282,0,0,0,58.81233154,0
Expected,0.03,400,FPP-SAA-fpp_base,FPP-SAA,none,none,5,0,0,0,Feasible:5,72.1695,68.90362037,0.045230168,1800.134039,72.1695,72.939,167.195,167.04,0,0,0,0,0,0,0
Expected,0.03,800,FPP-Branch-Benders-Combinatorial,FPP-Branch-Benders-Combinatorial,none,none,5,0,0,0,Feasible:5,72.69225,69.07688025,0.049708124,1913.334097,72.69225,76.274,169.7825,176.16,864,0,0,0,0,0,361153.2
Expected,0.03,800,FPP-Branch-Benders-LLBI-RootCuts,FPP-Branch-Benders-LLBI-RootCuts,none,none,5,0,0,0,Feasible:5,73.22375,66.84153482,0.087103984,1805.282438,73.22375,76.038,168.0075,173.47,26766.4,570.2,800,0,0,85.76751954,0
Expected,0.03,800,FPP-Branch-Benders-ProjectedCoverageLLBI-exp-RootCuts,FPP-Branch-Benders-ProjectedCoverageLLBI-exp-RootCuts,coverage,exp,5,0,0,0,Feasible:5,73.412,66.25496527,0.09749858,1826.476914,73.412,77.499,168.6125,174.71,30068.6,699.6,0,1000,22.7501594,73.5441499,0
Expected,0.03,800,FPP-Branch-Benders-ProjectedCoverageLLBI-poly-RootCuts,FPP-Branch-Benders-ProjectedCoverageLLBI-poly-RootCuts,coverage,poly,5,0,0,0,Feasible:5,73.243,66.79455895,0.08800687,1804.70916,73.243,76.216,169.23,175.67,26619.2,570.2,0,800,0,90.57294988,0
Expected,0.03,800,FPP-Branch-Benders-ProjectedPathLLBI-exp-RootCuts,FPP-Branch-Benders-ProjectedPathLLBI-exp-RootCuts,path,exp,5,0,0,0,Feasible:5,73.01175,66.4959714,0.08925711,1807.290048,73.01175,77.467,167.67,175.22,32577.8,698.4,0,1000,2.83083104,67.61224182,0
Expected,0.03,800,FPP-Branch-Benders-ProjectedPathLLBI-poly-RootCuts,FPP-Branch-Benders-ProjectedPathLLBI-poly-RootCuts,path,poly,5,0,0,0,Feasible:5,73.0825,66.89274319,0.084684936,1807.671454,73.0825,77.409,170.6275,178.52,21811.8,560.8,0,800,0,91.02026255,0
Expected,0.03,800,FPP-Branch-Benders-RootCuts,FPP-Branch-Benders-RootCuts,none,none,5,0,0,0,Feasible:5,73.36125,66.03820347,0.099802788,1805.357107,73.36125,76.317,168.3225,175.95,36968,570.4,0,0,0,152.2048775,0
Expected,0.03,800,FPP-SAA-fpp_base,FPP-SAA,none,none,5,0,0,0,Feasible:5,126.64225,14.63449568,0.83738951,1800.264192,117.048,119.771,275.2725,273.42,0,0,0,0,0,0,0
MeanCVaR,0.01,100,FPP-Branch-Benders-Combinatorial,FPP-Branch-Benders-Combinatorial-MeanCVaR,none,none,5,5,0,0,Optimal:5,158.908,158.8236808,0.000532994,73.06445763,101.036,114.688,216.78,259,101,0,0,0,0,0,2604.8
MeanCVaR,0.01,100,FPP-Branch-Benders-LLBI-RootCuts,FPP-Branch-Benders-MeanCVaR-LLBI-RootCuts,none,none,5,5,0,0,Optimal:5,158.908,158.7738513,0.000846034,6.121737846,101.036,114.688,216.78,259,159,42.2,100,0,0,2.4413341,0
MeanCVaR,0.01,100,FPP-Branch-Benders-ProjectedCoverageLLBI-exp-RootCuts,FPP-Branch-Benders-MeanCVaR-ProjectedCoverageLLBI-exp-RootCuts,coverage,exp,5,5,0,0,Optimal:5,158.908,158.7745547,0.00083532,7.894578438,101.036,114.688,216.78,259,63.4,25.4,0,189,2.91350316,1.923698116,0
MeanCVaR,0.01,100,FPP-Branch-Benders-ProjectedCoverageLLBI-poly-RootCuts,FPP-Branch-Benders-MeanCVaR-ProjectedCoverageLLBI-poly-RootCuts,coverage,poly,5,5,0,0,Optimal:5,158.908,158.7738513,0.000846034,5.09466279,101.036,114.688,216.78,259,159,42.2,0,100,0,1.927814156,0
MeanCVaR,0.01,100,FPP-Branch-Benders-ProjectedPathLLBI-exp-RootCuts,FPP-Branch-Benders-MeanCVaR-ProjectedPathLLBI-exp-RootCuts,path,exp,5,5,0,0,Optimal:5,158.908,158.767643,0.000883712,6.048965574,101.036,114.688,216.78,259,50.8,0,0,191.8,0.863134612,1.936260648,0
MeanCVaR,0.01,100,FPP-Branch-Benders-ProjectedPathLLBI-poly-RootCuts,FPP-Branch-Benders-MeanCVaR-ProjectedPathLLBI-poly-RootCuts,path,poly,5,5,0,0,Optimal:5,158.908,158.7718476,0.000856088,6.90086268,101.036,114.688,216.78,259,143.2,38,0,100,0,2.690569962,0
MeanCVaR,0.01,100,FPP-Branch-Benders-RootCuts,FPP-Branch-Benders-MeanCVaR-RootCuts,none,none,5,5,0,0,Optimal:5,158.908,158.7754177,0.000830834,6.299812756,101.036,114.688,216.78,259,973.4,35.6,0,0,0,3.03757794,0
MeanCVaR,0.01,100,FPP-SAA-fpp_base,FPP-SAA-MeanCVaR,none,none,5,5,0,0,Optimal:5,158.908,158.7761664,0.000830652,138.778621,101.036,114.688,216.78,259,0,0,0,0,0,0,0
MeanCVaR,0.01,200,FPP-Branch-Benders-Combinatorial,FPP-Branch-Benders-Combinatorial-MeanCVaR,none,none,5,5,0,0,Optimal:5,167.2715,167.133704,0.000818294,264.8176495,105.173,111.049,229.37,255.06,126.8,0,0,0,0,0,4749
MeanCVaR,0.01,200,FPP-Branch-Benders-LLBI-RootCuts,FPP-Branch-Benders-MeanCVaR-LLBI-RootCuts,none,none,5,5,0,0,Optimal:5,167.2715,167.1136893,0.000942188,26.42955431,105.173,111.049,229.37,255.06,495.2,82,200,0,0,8.039218522,0
MeanCVaR,0.01,200,FPP-Branch-Benders-ProjectedCoverageLLBI-exp-RootCuts,FPP-Branch-Benders-MeanCVaR-ProjectedCoverageLLBI-exp-RootCuts,coverage,exp,5,5,0,0,Optimal:5,167.2715,167.1200004,0.000902596,20.25456322,105.173,111.049,229.37,255.06,301.6,47,0,367.2,4.665313764,4.681741544,0
MeanCVaR,0.01,200,FPP-Branch-Benders-ProjectedCoverageLLBI-poly-RootCuts,FPP-Branch-Benders-MeanCVaR-ProjectedCoverageLLBI-poly-RootCuts,coverage,poly,5,5,0,0,Optimal:5,167.2715,167.1136893,0.000942188,24.8158773,105.173,111.049,229.37,255.06,495.2,82,0,200,0,8.332671032,0
MeanCVaR,0.01,200,FPP-Branch-Benders-ProjectedPathLLBI-exp-RootCuts,FPP-Branch-Benders-MeanCVaR-ProjectedPathLLBI-exp-RootCuts,path,exp,5,5,0,0,Optimal:5,167.2715,167.1167707,0.000922946,16.52755254,105.173,111.049,229.37,255.06,223.6,0,0,371.4,1.60335531,5.341314618,0
MeanCVaR,0.01,200,FPP-Branch-Benders-ProjectedPathLLBI-poly-RootCuts,FPP-Branch-Benders-MeanCVaR-ProjectedPathLLBI-poly-RootCuts,path,poly,5,5,0,0,Optimal:5,167.2715,167.1098565,0.000965548,13.97552531,105.173,111.049,229.37,255.06,317.4,71.8,0,200,0,4.77501417,0
MeanCVaR,0.01,200,FPP-Branch-Benders-RootCuts,FPP-Branch-Benders-MeanCVaR-RootCuts,none,none,5,5,0,0,Optimal:5,167.2715,167.1268368,0.000858074,14.13737897,105.173,111.049,229.37,255.06,2053.6,75.2,0,0,0,5.920640296,0
MeanCVaR,0.01,200,FPP-SAA-fpp_base,FPP-SAA-MeanCVaR,none,none,5,5,0,0,Optimal:5,167.2715,167.1403365,0.000773988,475.3496599,105.173,111.049,229.37,255.06,0,0,0,0,0,0,0
MeanCVaR,0.01,400,FPP-Branch-Benders-Combinatorial,FPP-Branch-Benders-Combinatorial-MeanCVaR,none,none,5,4,0,0,Feasible:1;Optimal:4,173.574,171.5013589,0.011575328,733.0707846,107.158,105.527,239.99,240.97,219.4,0,0,0,0,0,10157.6
MeanCVaR,0.01,400,FPP-Branch-Benders-LLBI-RootCuts,FPP-Branch-Benders-MeanCVaR-LLBI-RootCuts,none,none,5,5,0,0,Optimal:5,173.22525,173.0527443,0.000995846,55.12781475,107.4105,105.388,239.04,240.82,897.2,152.8,400,0,0,15.17274131,0
MeanCVaR,0.01,400,FPP-Branch-Benders-ProjectedCoverageLLBI-exp-RootCuts,FPP-Branch-Benders-MeanCVaR-ProjectedCoverageLLBI-exp-RootCuts,coverage,exp,5,5,0,0,Optimal:5,173.22525,173.0551041,0.000982262,48.54477195,107.4105,105.388,239.04,240.82,718.6,100.2,0,791.4,10.57677781,10.58960797,0
MeanCVaR,0.01,400,FPP-Branch-Benders-ProjectedCoverageLLBI-poly-RootCuts,FPP-Branch-Benders-MeanCVaR-ProjectedCoverageLLBI-poly-RootCuts,coverage,poly,5,5,0,0,Optimal:5,173.22525,173.0527443,0.000995846,68.10462261,107.4105,105.388,239.04,240.82,897.2,152.8,0,400,0,18.92546305,0
MeanCVaR,0.01,400,FPP-Branch-Benders-ProjectedPathLLBI-exp-RootCuts,FPP-Branch-Benders-MeanCVaR-ProjectedPathLLBI-exp-RootCuts,path,exp,5,5,0,0,Optimal:5,173.22525,173.0529005,0.000994924,59.68409065,107.4105,105.388,239.04,240.82,595.6,6.2,0,847.4,3.332572634,13.51475548,0
MeanCVaR,0.01,400,FPP-Branch-Benders-ProjectedPathLLBI-poly-RootCuts,FPP-Branch-Benders-MeanCVaR-ProjectedPathLLBI-poly-RootCuts,path,poly,5,5,0,0,Optimal:5,173.22525,173.0530861,0.000993832,40.58919514,107.4105,105.388,239.04,240.82,821.2,134.4,0,400,0,12.01786709,0
MeanCVaR,0.01,400,FPP-Branch-Benders-RootCuts,FPP-Branch-Benders-MeanCVaR-RootCuts,none,none,5,5,0,0,Optimal:5,173.22525,173.0530459,0.000994108,67.46418843,107.4105,105.388,239.04,240.82,4560.2,135.4,0,0,0,23.74835191,0
MeanCVaR,0.01,400,FPP-SAA-fpp_base,FPP-SAA-MeanCVaR,none,none,5,2,0,0,Feasible:3;Optimal:2,177.02275,169.7591363,0.039573256,1704.050697,109.1955,107.368,244.85,246.95,0,0,0,0,0,0,0
MeanCVaR,0.01,800,FPP-Branch-Benders-Combinatorial,FPP-Branch-Benders-Combinatorial-MeanCVaR,none,none,5,4,0,0,Feasible:1;Optimal:4,173.635375,172.2622843,0.007898098,911.9622424,105.10575,109.351,242.165,249.08,222.2,0,0,0,0,0,9304.4
MeanCVaR,0.01,800,FPP-Branch-Benders-LLBI-RootCuts,FPP-Branch-Benders-MeanCVaR-LLBI-RootCuts,none,none,5,5,0,0,Optimal:5,173.59125,173.4185246,0.000995026,93.43619446,105.435,109.675,241.7475,248.51,881.6,353.6,800,0,0,26.1632606,0
MeanCVaR,0.01,800,FPP-Branch-Benders-ProjectedCoverageLLBI-exp-RootCuts,FPP-Branch-Benders-MeanCVaR-ProjectedCoverageLLBI-exp-RootCuts,coverage,exp,5,5,0,0,Optimal:5,173.59125,173.4190177,0.000992142,79.82313393,105.435,109.675,241.7475,248.51,2817,312.2,0,1000,20.72556953,20.94561692,0
MeanCVaR,0.01,800,FPP-Branch-Benders-ProjectedCoverageLLBI-poly-RootCuts,FPP-Branch-Benders-MeanCVaR-ProjectedCoverageLLBI-poly-RootCuts,coverage,poly,5,5,0,0,Optimal:5,173.59125,173.4185246,0.000995026,92.2762331,105.435,109.675,241.7475,248.51,881.6,353.6,0,800,0,25.95397353,0
MeanCVaR,0.01,800,FPP-Branch-Benders-ProjectedPathLLBI-exp-RootCuts,FPP-Branch-Benders-MeanCVaR-ProjectedPathLLBI-exp-RootCuts,path,exp,5,5,0,0,Optimal:5,173.59125,173.4214301,0.00097823,51.6405404,105.435,109.675,241.7475,248.51,2783,285,0,1000,3.477077414,18.78941318,0
MeanCVaR,0.01,800,FPP-Branch-Benders-ProjectedPathLLBI-poly-RootCuts,FPP-Branch-Benders-MeanCVaR-ProjectedPathLLBI-poly-RootCuts,path,poly,5,5,0,0,Optimal:5,173.59125,173.4185858,0.000994664,109.6317241,105.435,109.675,241.7475,248.51,792.4,319.4,0,800,0,35.23115899,0
MeanCVaR,0.01,800,FPP-Branch-Benders-RootCuts,FPP-Branch-Benders-MeanCVaR-RootCuts,none,none,5,5,0,0,Optimal:5,173.59125,173.4188435,0.000993156,96.50401545,105.435,109.675,241.7475,248.51,8173,314,0,0,0,33.78335951,0
MeanCVaR,0.01,800,FPP-SAA-fpp_base,FPP-SAA-MeanCVaR,none,none,5,0,0,0,Feasible:5,928.48875,0.5,0.999461476,1800.361252,136.6525,140.015,311.82,308.65,0,0,0,0,0,0,0
MeanCVaR,0.02,100,FPP-Branch-Benders-Combinatorial,FPP-Branch-Benders-Combinatorial-MeanCVaR,none,none,5,0,0,0,Feasible:5,122.795,113.9347369,0.071740748,1806.871862,81.37,97.474,164.22,221.77,210,0,0,0,0,0,33604.8
MeanCVaR,0.02,100,FPP-Branch-Benders-LLBI-RootCuts,FPP-Branch-Benders-MeanCVaR-LLBI-RootCuts,none,none,5,1,0,0,Feasible:4;Optimal:1,121.801,118.3811964,0.027590656,1499.100061,81.842,99.652,161.76,223.23,2407,61.2,100,0,0,13.61564686,0
MeanCVaR,0.02,100,FPP-Branch-Benders-ProjectedCoverageLLBI-exp-RootCuts,FPP-Branch-Benders-MeanCVaR-ProjectedCoverageLLBI-exp-RootCuts,coverage,exp,5,3,0,0,Feasible:2;Optimal:3,121.445,120.4727635,0.007960292,1107.803591,82.03,99.315,160.86,223.62,996.4,34,0,417.8,3.998839034,9.396048696,0
MeanCVaR,0.02,100,FPP-Branch-Benders-ProjectedCoverageLLBI-poly-RootCuts,FPP-Branch-Benders-MeanCVaR-ProjectedCoverageLLBI-poly-RootCuts,coverage,poly,5,1,0,0,Feasible:4;Optimal:1,121.692,118.7433416,0.023883852,1494.65262,82.124,99.519,161.26,221.69,2549,61.2,0,100,0,11.80815344,0
MeanCVaR,0.02,100,FPP-Branch-Benders-ProjectedPathLLBI-exp-RootCuts,FPP-Branch-Benders-MeanCVaR-ProjectedPathLLBI-exp-RootCuts,path,exp,5,4,0,0,Feasible:1;Optimal:4,121.445,121.1005701,0.002802602,854.7179132,82.03,99.315,160.86,223.62,674,11.4,0,426.8,1.002943596,5.470666616,0
MeanCVaR,0.02,100,FPP-Branch-Benders-ProjectedPathLLBI-poly-RootCuts,FPP-Branch-Benders-MeanCVaR-ProjectedPathLLBI-poly-RootCuts,path,poly,5,2,0,0,Feasible:3;Optimal:2,121.653,118.7142015,0.023745576,1371.347964,82.266,98.651,161.04,223.91,2778.6,61,0,100,0,13.92879243,0
MeanCVaR,0.02,100,FPP-Branch-Benders-RootCuts,FPP-Branch-Benders-MeanCVaR-RootCuts,none,none,5,1,0,0,Feasible:4;Optimal:1,122.098,116.8663751,0.0422561,1507.463261,81.616,98.061,162.58,222.04,4781,59.8,0,0,0,22.01559011,0
MeanCVaR,0.02,100,FPP-SAA-fpp_base,FPP-SAA-MeanCVaR,none,none,5,0,0,0,Feasible:5,121.754,117.5936275,0.03390226,1800.019754,82.128,99.397,161.38,225.6,0,0,0,0,0,0,0
MeanCVaR,0.02,200,FPP-Branch-Benders-Combinatorial,FPP-Branch-Benders-Combinatorial-MeanCVaR,none,none,5,0,0,0,Feasible:5,133.738,118.9434883,0.110677068,1986.028823,83.766,93.701,183.71,214.88,195.2,0,0,0,0,0,30313.2
MeanCVaR,0.02,200,FPP-Branch-Benders-LLBI-RootCuts,FPP-Branch-Benders-MeanCVaR-LLBI-RootCuts,none,none,5,0,0,0,Feasible:5,131.9325,124.505635,0.056234778,1801.330032,85.655,95.557,178.21,217.34,5301.8,114.8,200,0,0,33.74360238,0
MeanCVaR,0.02,200,FPP-Branch-Benders-ProjectedCoverageLLBI-exp-RootCuts,FPP-Branch-Benders-MeanCVaR-ProjectedCoverageLLBI-exp-RootCuts,coverage,exp,5,0,0,0,Feasible:5,131.272,127.3797352,0.029551582,1805.376351,85.504,95.506,177.04,216.59,2700,73.2,0,752.2,4.798118808,14.46120409,0
MeanCVaR,0.02,200,FPP-Branch-Benders-ProjectedCoverageLLBI-poly-RootCuts,FPP-Branch-Benders-MeanCVaR-ProjectedCoverageLLBI-poly-RootCuts,coverage,poly,5,0,0,0,Feasible:5,131.581,124.6785672,0.052439702,1801.881751,85.492,95.545,177.67,216.12,5429.2,114.8,0,200,0,32.374289,0
MeanCVaR,0.02,200,FPP-Branch-Benders-ProjectedPathLLBI-exp-RootCuts,FPP-Branch-Benders-MeanCVaR-ProjectedPathLLBI-exp-RootCuts,path,exp,5,0,0,0,Feasible:5,131.282,127.4628451,0.028825534,1804.391803,85.484,94.022,177.08,212.6,1824,13.8,0,761,3.087804,22.39008885,0
MeanCVaR,0.02,200,FPP-Branch-Benders-ProjectedPathLLBI-poly-RootCuts,FPP-Branch-Benders-MeanCVaR-ProjectedPathLLBI-poly-RootCuts,path,poly,5,0,0,0,Feasible:5,131.4685,125.051256,0.048568278,1801.154901,85.457,94.598,177.48,212.97,5481.2,106.8,0,200,0,24.64099708,0
MeanCVaR,0.02,200,FPP-Branch-Benders-RootCuts,FPP-Branch-Benders-MeanCVaR-RootCuts,none,none,5,0,0,0,Feasible:5,132.1665,123.0355563,0.06870375,1801.061542,86.123,96.331,178.21,217.14,9080.8,114.4,0,0,0,39.33357965,0
MeanCVaR,0.02,200,FPP-SAA-fpp_base,FPP-SAA-MeanCVaR,none,none,5,0,0,0,Feasible:5,133.907,123.1636468,0.079659506,1800.064122,86.834,94.953,180.98,215.95,0,0,0,0,0,0,0
MeanCVaR,0.02,400,FPP-Branch-Benders-Combinatorial,FPP-Branch-Benders-Combinatorial-MeanCVaR,none,none,5,0,0,0,Feasible:5,141.5,127.067097,0.101394958,2017.251976,87.165,89.398,195.835,205.78,462.8,0,0,0,0,0,30221.6
MeanCVaR,0.02,400,FPP-Branch-Benders-LLBI-RootCuts,FPP-Branch-Benders-MeanCVaR-LLBI-RootCuts,none,none,5,0,0,0,Feasible:5,138.49775,130.0682732,0.060722798,1802.509913,87.7405,89.076,189.255,204.08,7561.8,234,400,0,0,36.8420332,0
MeanCVaR,0.02,400,FPP-Branch-Benders-ProjectedCoverageLLBI-exp-RootCuts,FPP-Branch-Benders-MeanCVaR-ProjectedCoverageLLBI-exp-RootCuts,coverage,exp,5,0,0,0,Feasible:5,138.9285,130.4610053,0.060842234,1811.535006,87.842,88.825,190.015,204.42,6739.2,209.8,0,1000,10.25282593,33.46917787,0
MeanCVaR,0.02,400,FPP-Branch-Benders-ProjectedCoverageLLBI-poly-RootCuts,FPP-Branch-Benders-MeanCVaR-ProjectedCoverageLLBI-poly-RootCuts,coverage,poly,5,0,0,0,Feasible:5,138.49225,130.2380474,0.059348404,1803.076193,87.6045,89.3,189.38,205.13,7624.6,234,0,400,0,42.65937831,0
MeanCVaR,0.02,400,FPP-Branch-Benders-ProjectedPathLLBI-exp-RootCuts,FPP-Branch-Benders-MeanCVaR-ProjectedPathLLBI-exp-RootCuts,path,exp,5,0,0,0,Feasible:5,138.7835,130.6062345,0.058737678,1806.191451,88.517,90.387,189.05,206.04,5614.6,184.8,0,1000,3.883226276,46.87632639,0
MeanCVaR,0.02,400,FPP-Branch-Benders-ProjectedPathLLBI-poly-RootCuts,FPP-Branch-Benders-MeanCVaR-ProjectedPathLLBI-poly-RootCuts,path,poly,5,0,0,0,Feasible:5,138.48575,130.2043834,0.0596422,1803.95749,87.6415,89.228,189.33,204.29,6936.8,218.2,0,400,0,49.90153169,0
MeanCVaR,0.02,400,FPP-Branch-Benders-RootCuts,FPP-Branch-Benders-MeanCVaR-RootCuts,none,none,5,0,0,0,Feasible:5,139.50825,128.9149083,0.07571373,1802.633641,88.1915,89.963,190.825,206.98,13098.2,227,0,0,0,57.55244477,0
MeanCVaR,0.02,400,FPP-SAA-fpp_base,FPP-SAA-MeanCVaR,none,none,5,0,0,0,Feasible:5,146.38475,126.6422294,0.13250776,1800.136367,90.1545,91.542,202.61,207.69,0,0,0,0,0,0,0
MeanCVaR,0.02,800,FPP-Branch-Benders-Combinatorial,FPP-Branch-Benders-Combinatorial-MeanCVaR,none,none,5,0,0,0,Feasible:5,142.094,131.1771342,0.076333904,1902.811906,87.653,90.754,196.535,204.5,1010.8,0,0,0,0,0,49359
MeanCVaR,0.02,800,FPP-Branch-Benders-LLBI-RootCuts,FPP-Branch-Benders-MeanCVaR-LLBI-RootCuts,none,none,5,0,0,0,Feasible:5,140.89825,132.0205519,0.062942178,1805.440804,87.609,92.202,194.1875,205.26,9214.6,469.2,800,0,0,57.24278744,0
MeanCVaR,0.02,800,FPP-Branch-Benders-ProjectedCoverageLLBI-exp-RootCuts,FPP-Branch-Benders-MeanCVaR-ProjectedCoverageLLBI-exp-RootCuts,coverage,exp,5,0,0,0,Feasible:5,140.83025,132.0172906,0.062565026,1834.120686,87.708,91.676,193.9525,203.73,10276.2,447.4,0,1000,29.93882852,65.84024042,0
MeanCVaR,0.02,800,FPP-Branch-Benders-ProjectedCoverageLLBI-poly-RootCuts,FPP-Branch-Benders-MeanCVaR-ProjectedCoverageLLBI-poly-RootCuts,coverage,poly,5,0,0,0,Feasible:5,140.827375,131.908175,0.06324236,1810.355963,87.57975,92.546,194.075,206.9,9152,469.2,0,800,0,77.70254972,0
MeanCVaR,0.02,800,FPP-Branch-Benders-ProjectedPathLLBI-exp-RootCuts,FPP-Branch-Benders-MeanCVaR-ProjectedPathLLBI-exp-RootCuts,path,exp,5,0,0,0,Feasible:5,140.86425,132.4088823,0.059977876,1806.192756,88.046,91.78,193.6825,203.77,11805.2,435.8,0,1000,2.722774808,65.98399433,0
MeanCVaR,0.02,800,FPP-Branch-Benders-ProjectedPathLLBI-poly-RootCuts,FPP-Branch-Benders-MeanCVaR-ProjectedPathLLBI-poly-RootCuts,path,poly,5,0,0,0,Feasible:5,140.574,132.2957806,0.058869036,1809.380682,87.7905,91.304,193.3575,202.16,11491.8,444.4,0,800,0,78.22374257,0
MeanCVaR,0.02,800,FPP-Branch-Benders-RootCuts,FPP-Branch-Benders-MeanCVaR-RootCuts,none,none,5,0,0,0,Feasible:5,141.540875,130.7986747,0.075858918,1804.181532,88.17675,92.14,194.905,204.15,20721.6,468.4,0,0,0,102.031378,0
MeanCVaR,0.02,800,FPP-SAA-fpp_base,FPP-SAA-MeanCVaR,none,none,5,0,0,0,Feasible:5,928.48275,0.5,0.999461472,1800.342646,134.91725,138.248,308.3475,305.17,0,0,0,0,0,0,0
MeanCVaR,0.03,100,FPP-Branch-Benders-Combinatorial,FPP-Branch-Benders-Combinatorial-MeanCVaR,none,none,5,0,0,0,Feasible:5,97.796,84.19121159,0.13776247,1815.853463,66.652,84.54,128.94,192.32,258.2,0,0,0,0,0,58213.8
MeanCVaR,0.03,100,FPP-Branch-Benders-LLBI-RootCuts,FPP-Branch-Benders-MeanCVaR-LLBI-RootCuts,none,none,5,0,0,0,Feasible:5,96.854,83.05827452,0.141147186,1800.521601,66.128,84.552,127.58,190.15,5789.8,68.6,100,0,0,23.09540879,0
MeanCVaR,0.03,100,FPP-Branch-Benders-ProjectedCoverageLLBI-exp-RootCuts,FPP-Branch-Benders-MeanCVaR-ProjectedCoverageLLBI-exp-RootCuts,coverage,exp,5,0,0,0,Feasible:5,95.196,88.29696568,0.071524968,1803.349323,66.252,85.225,124.14,191.87,1509.2,49.8,0,589.4,2.96353076,8.418515394,0
MeanCVaR,0.03,100,FPP-Branch-Benders-ProjectedCoverageLLBI-poly-RootCuts,FPP-Branch-Benders-MeanCVaR-ProjectedCoverageLLBI-poly-RootCuts,coverage,poly,5,0,0,0,Feasible:5,96.501,83.46906535,0.133731124,1800.936712,65.442,83.235,127.56,185.86,6215.8,68.6,0,100,0,22.01447406,0
MeanCVaR,0.03,100,FPP-Branch-Benders-ProjectedPathLLBI-exp-RootCuts,FPP-Branch-Benders-MeanCVaR-ProjectedPathLLBI-exp-RootCuts,path,exp,5,0,0,0,Feasible:5,95.035,88.46411256,0.068254834,1802.13986,65.65,83.595,124.42,189.85,1224.6,35.2,0,591.8,1.581622084,10.80908975,0
MeanCVaR,0.03,100,FPP-Branch-Benders-ProjectedPathLLBI-poly-RootCuts,FPP-Branch-Benders-MeanCVaR-ProjectedPathLLBI-poly-RootCuts,path,poly,5,0,0,0,Feasible:5,96.599,83.35037165,0.135981482,1800.941251,65.838,84.305,127.36,189.69,4568,68.8,0,100,0,20.30880871,0
MeanCVaR,0.03,100,FPP-Branch-Benders-RootCuts,FPP-Branch-Benders-MeanCVaR-RootCuts,none,none,5,0,0,0,Feasible:5,97.636,82.59942753,0.152841626,1800.460509,66.612,86.065,128.66,193.82,7359.4,67.8,0,0,0,21.56581497,0
MeanCVaR,0.03,100,FPP-SAA-fpp_base,FPP-SAA-MeanCVaR,none,none,5,0,0,0,Feasible:5,96.959,87.04095557,0.1015208,1800.030538,65.978,83.744,127.94,186.57,0,0,0,0,0,0,0
MeanCVaR,0.03,200,FPP-Branch-Benders-Combinatorial,FPP-Branch-Benders-Combinatorial-MeanCVaR,none,none,5,0,0,0,Feasible:5,107.7155,91.6505244,0.14900169,1830.384488,72.111,81.087,143.32,184.51,450.8,0,0,0,0,0,86690.4
MeanCVaR,0.03,200,FPP-Branch-Benders-LLBI-RootCuts,FPP-Branch-Benders-MeanCVaR-LLBI-RootCuts,none,none,5,0,0,0,Feasible:5,107.203,90.41469565,0.156115794,1801.263063,71.076,81.244,143.33,189.54,7823.4,137.2,200,0,0,32.48472756,0
MeanCVaR,0.03,200,FPP-Branch-Benders-ProjectedCoverageLLBI-exp-RootCuts,FPP-Branch-Benders-MeanCVaR-ProjectedCoverageLLBI-exp-RootCuts,coverage,exp,5,0,0,0,Feasible:5,105.7525,94.1399901,0.109346492,1808.506219,70.765,79.87,140.74,181.19,3370.4,113.8,0,993.6,7.582000248,20.13582783,0
MeanCVaR,0.03,200,FPP-Branch-Benders-ProjectedCoverageLLBI-poly-RootCuts,FPP-Branch-Benders-MeanCVaR-ProjectedCoverageLLBI-poly-RootCuts,coverage,poly,5,0,0,0,Feasible:5,107.2015,90.76442474,0.152726572,1801.41044,70.803,80.296,143.6,187.99,8567.4,137.2,0,200,0,29.00309061,0
MeanCVaR,0.03,200,FPP-Branch-Benders-ProjectedPathLLBI-exp-RootCuts,FPP-Branch-Benders-MeanCVaR-ProjectedPathLLBI-exp-RootCuts,path,exp,5,0,0,0,Feasible:5,105.3975,94.62282717,0.101879512,1803.338227,70.165,79.885,140.63,182.26,3846.4,92.2,0,995.6,2.50496445,24.32646909,0
MeanCVaR,0.03,200,FPP-Branch-Benders-ProjectedPathLLBI-poly-RootCuts,FPP-Branch-Benders-MeanCVaR-ProjectedPathLLBI-poly-RootCuts,path,poly,5,0,0,0,Feasible:5,106.779,90.7039058,0.150431528,1801.615872,71.088,80.187,142.47,183.81,8008.4,136.6,0,200,0,34.41817658,0
MeanCVaR,0.03,200,FPP-Branch-Benders-RootCuts,FPP-Branch-Benders-MeanCVaR-RootCuts,none,none,5,0,0,0,Feasible:5,110.193,89.14643119,0.190512458,1801.23815,73.266,82.654,147.12,191.54,12516.8,136,0,0,0,45.30187501,0
MeanCVaR,0.03,200,FPP-SAA-fpp_base,FPP-SAA-MeanCVaR,none,none,5,0,0,0,Feasible:5,108.699,92.87866423,0.145240948,1800.112051,72.188,81.759,145.21,187.93,0,0,0,0,0,0,0
MeanCVaR,0.03,400,FPP-Branch-Benders-Combinatorial,FPP-Branch-Benders-Combinatorial-MeanCVaR,none,none,5,0,0,0,Feasible:5,116.3745,97.59432791,0.161134874,1940.302469,73.799,76.442,158.95,177.56,799.2,0,0,0,0,0,118426.8
MeanCVaR,0.03,400,FPP-Branch-Benders-LLBI-RootCuts,FPP-Branch-Benders-MeanCVaR-LLBI-RootCuts,none,none,5,0,0,0,Feasible:5,115.2155,95.91959115,0.167518826,1804.004294,74.496,76.499,155.935,173.71,13599.8,276,400,0,0,74.51475172,0
MeanCVaR,0.03,400,FPP-Branch-Benders-ProjectedCoverageLLBI-exp-RootCuts,FPP-Branch-Benders-MeanCVaR-ProjectedCoverageLLBI-exp-RootCuts,coverage,exp,5,0,0,0,Feasible:5,115.469,96.97710141,0.159757058,1823.95281,75.023,77.945,155.915,175.83,11503.2,268.8,0,1000,20.8145062,63.35311021,0
MeanCVaR,0.03,400,FPP-Branch-Benders-ProjectedCoverageLLBI-poly-RootCuts,FPP-Branch-Benders-MeanCVaR-ProjectedCoverageLLBI-poly-RootCuts,coverage,poly,5,0,0,0,Feasible:5,115.33075,95.73877252,0.169761014,1804.854071,74.7515,76.6,155.91,170.09,13751.4,276,0,400,0,73.40172532,0
MeanCVaR,0.03,400,FPP-Branch-Benders-ProjectedPathLLBI-exp-RootCuts,FPP-Branch-Benders-MeanCVaR-ProjectedPathLLBI-exp-RootCuts,path,exp,5,0,0,0,Feasible:5,114.46675,97.18764697,0.15069188,1809.198271,74.0985,75.847,154.835,171.8,11019.2,258.4,0,1000,5.542730788,69.87761829,0
MeanCVaR,0.03,400,FPP-Branch-Benders-ProjectedPathLLBI-poly-RootCuts,FPP-Branch-Benders-MeanCVaR-ProjectedPathLLBI-poly-RootCuts,path,poly,5,0,0,0,Feasible:5,114.165,96.1550021,0.157542464,1804.108593,73.68,75.919,154.65,172.24,11530.6,264.8,0,400,0,45.96929202,0
MeanCVaR,0.03,400,FPP-Branch-Benders-RootCuts,FPP-Branch-Benders-MeanCVaR-RootCuts,none,none,5,0,0,0,Feasible:5,116.34325,95.15008281,0.181931938,1802.786823,75.0565,75.633,157.63,172.75,20272,268,0,0,0,76.15989198,0
MeanCVaR,0.03,400,FPP-SAA-fpp_base,FPP-SAA-MeanCVaR,none,none,5,0,0,0,Feasible:5,295.6445,97.41915887,0.383604278,1800.138707,90.5805,89.602,200.975,210.03,0,0,0,0,0,0,0
MeanCVaR,0.03,800,FPP-Branch-Benders-Combinatorial,FPP-Branch-Benders-Combinatorial-MeanCVaR,none,none,5,0,0,0,Feasible:5,119.218875,100.6410765,0.155596562,1889.109062,74.24025,77.346,164.1975,171.9,1264.2,0,0,0,0,0,308635.8
MeanCVaR,0.03,800,FPP-Branch-Benders-LLBI-RootCuts,FPP-Branch-Benders-MeanCVaR-LLBI-RootCuts,none,none,5,0,0,0,Feasible:5,118.36675,98.41686526,0.168504194,1806.543195,74.9585,77.027,161.775,174.53,17092.4,535.8,800,0,0,111.5129063,0
MeanCVaR,0.03,800,FPP-Branch-Benders-ProjectedCoverageLLBI-exp-RootCuts,FPP-Branch-Benders-MeanCVaR-ProjectedCoverageLLBI-exp-RootCuts,coverage,exp,5,0,0,0,Feasible:5,117.892875,99.09059194,0.159441684,1825.885746,74.47325,77.503,161.3125,172.3,26113.4,560.4,0,1000,23.67920306,60.2040848,0
MeanCVaR,0.03,800,FPP-Branch-Benders-ProjectedCoverageLLBI-poly-RootCuts,FPP-Branch-Benders-MeanCVaR-ProjectedCoverageLLBI-poly-RootCuts,coverage,poly,5,0,0,0,Feasible:5,118.458625,99.21543663,0.162400426,1804.299668,74.96975,76.605,161.9475,174.84,21491.8,535.8,0,800,0,64.34093061,0
MeanCVaR,0.03,800,FPP-Branch-Benders-ProjectedPathLLBI-exp-RootCuts,FPP-Branch-Benders-MeanCVaR-ProjectedPathLLBI-exp-RootCuts,path,exp,5,0,0,0,Feasible:5,118.595125,99.61433488,0.160003922,1805.070158,75.50525,79.015,161.685,175,31125.4,541,0,1000,2.253204252,60.79273693,0
MeanCVaR,0.03,800,FPP-Branch-Benders-ProjectedPathLLBI-poly-RootCuts,FPP-Branch-Benders-MeanCVaR-ProjectedPathLLBI-poly-RootCuts,path,poly,5,0,0,0,Feasible:5,118.685625,99.13148696,0.164716876,1806.237559,75.06625,78.277,162.305,175.03,21963,524.6,0,800,0,80.5227429,0
MeanCVaR,0.03,800,FPP-Branch-Benders-RootCuts,FPP-Branch-Benders-MeanCVaR-RootCuts,none,none,5,0,0,0,Feasible:5,119.132875,98.16406006,0.175932322,1806.305598,75.88325,79.439,162.3825,172.89,34464.2,525.8,0,0,0,120.1775592,0
MeanCVaR,0.03,800,FPP-SAA-fpp_base,FPP-SAA-MeanCVaR,none,none,5,0,0,0,Feasible:5,928.4385,0.5,0.999461446,1800.262017,124.818,127.966,289.0625,288.15,0,0,0,0,0,0,0
